solid slsu_bc_patrol_device
  facet normal 0 -1 0
    outer loop
      vertex 0 -37.5 100
      vertex 60 -37.5 195
      vertex 59.83 -37.5 196.294
    endloop
  endfacet
  facet normal 0 1 0
    outer loop
      vertex 0 37.5 100
      vertex 59.83 37.5 196.294
      vertex 60 37.5 195
    endloop
  endfacet
  facet normal 0.991 0 0.13
    outer loop
      vertex 60 -37.5 195
      vertex 60 37.5 195
      vertex 59.83 37.5 196.294
    endloop
  endfacet
  facet normal 0.991 0 0.13
    outer loop
      vertex 60 -37.5 195
      vertex 59.83 37.5 196.294
      vertex 59.83 -37.5 196.294
    endloop
  endfacet
  facet normal 0 -1 0
    outer loop
      vertex 0 -37.5 100
      vertex 59.83 -37.5 196.294
      vertex 59.33 -37.5 197.5
    endloop
  endfacet
  facet normal 0 1 0
    outer loop
      vertex 0 37.5 100
      vertex 59.33 37.5 197.5
      vertex 59.83 37.5 196.294
    endloop
  endfacet
  facet normal 0.924 0 0.383
    outer loop
      vertex 59.83 -37.5 196.294
      vertex 59.83 37.5 196.294
      vertex 59.33 37.5 197.5
    endloop
  endfacet
  facet normal 0.924 0 0.383
    outer loop
      vertex 59.83 -37.5 196.294
      vertex 59.33 37.5 197.5
      vertex 59.33 -37.5 197.5
    endloop
  endfacet
  facet normal 0 -1 0
    outer loop
      vertex 0 -37.5 100
      vertex 59.33 -37.5 197.5
      vertex 58.536 -37.5 198.536
    endloop
  endfacet
  facet normal 0 1 0
    outer loop
      vertex 0 37.5 100
      vertex 58.536 37.5 198.536
      vertex 59.33 37.5 197.5
    endloop
  endfacet
  facet normal 0.794 0 0.608
    outer loop
      vertex 59.33 -37.5 197.5
      vertex 59.33 37.5 197.5
      vertex 58.536 37.5 198.536
    endloop
  endfacet
  facet normal 0.794 0 0.608
    outer loop
      vertex 59.33 -37.5 197.5
      vertex 58.536 37.5 198.536
      vertex 58.536 -37.5 198.536
    endloop
  endfacet
  facet normal 0 -1 0
    outer loop
      vertex 0 -37.5 100
      vertex 58.536 -37.5 198.536
      vertex 57.5 -37.5 199.33
    endloop
  endfacet
  facet normal 0 1 0
    outer loop
      vertex 0 37.5 100
      vertex 57.5 37.5 199.33
      vertex 58.536 37.5 198.536
    endloop
  endfacet
  facet normal 0.608 0 0.794
    outer loop
      vertex 58.536 -37.5 198.536
      vertex 58.536 37.5 198.536
      vertex 57.5 37.5 199.33
    endloop
  endfacet
  facet normal 0.608 0 0.794
    outer loop
      vertex 58.536 -37.5 198.536
      vertex 57.5 37.5 199.33
      vertex 57.5 -37.5 199.33
    endloop
  endfacet
  facet normal 0 -1 0
    outer loop
      vertex 0 -37.5 100
      vertex 57.5 -37.5 199.33
      vertex 56.294 -37.5 199.83
    endloop
  endfacet
  facet normal 0 1 0
    outer loop
      vertex 0 37.5 100
      vertex 56.294 37.5 199.83
      vertex 57.5 37.5 199.33
    endloop
  endfacet
  facet normal 0.383 0 0.924
    outer loop
      vertex 57.5 -37.5 199.33
      vertex 57.5 37.5 199.33
      vertex 56.294 37.5 199.83
    endloop
  endfacet
  facet normal 0.383 0 0.924
    outer loop
      vertex 57.5 -37.5 199.33
      vertex 56.294 37.5 199.83
      vertex 56.294 -37.5 199.83
    endloop
  endfacet
  facet normal 0 -1 0
    outer loop
      vertex 0 -37.5 100
      vertex 56.294 -37.5 199.83
      vertex 55 -37.5 200
    endloop
  endfacet
  facet normal 0 1 0
    outer loop
      vertex 0 37.5 100
      vertex 55 37.5 200
      vertex 56.294 37.5 199.83
    endloop
  endfacet
  facet normal 0.13 0 0.991
    outer loop
      vertex 56.294 -37.5 199.83
      vertex 56.294 37.5 199.83
      vertex 55 37.5 200
    endloop
  endfacet
  facet normal 0.13 0 0.991
    outer loop
      vertex 56.294 -37.5 199.83
      vertex 55 37.5 200
      vertex 55 -37.5 200
    endloop
  endfacet
  facet normal 0 -1 0
    outer loop
      vertex 0 -37.5 100
      vertex 55 -37.5 200
      vertex -55 -37.5 200
    endloop
  endfacet
  facet normal 0 1 0
    outer loop
      vertex 0 37.5 100
      vertex -55 37.5 200
      vertex 55 37.5 200
    endloop
  endfacet
  facet normal 0 0 1
    outer loop
      vertex 55 -37.5 200
      vertex 55 37.5 200
      vertex -55 37.5 200
    endloop
  endfacet
  facet normal 0 0 1
    outer loop
      vertex 55 -37.5 200
      vertex -55 37.5 200
      vertex -55 -37.5 200
    endloop
  endfacet
  facet normal 0 -1 0
    outer loop
      vertex 0 -37.5 100
      vertex -55 -37.5 200
      vertex -56.294 -37.5 199.83
    endloop
  endfacet
  facet normal 0 1 0
    outer loop
      vertex 0 37.5 100
      vertex -56.294 37.5 199.83
      vertex -55 37.5 200
    endloop
  endfacet
  facet normal -0.13 0 0.991
    outer loop
      vertex -55 -37.5 200
      vertex -55 37.5 200
      vertex -56.294 37.5 199.83
    endloop
  endfacet
  facet normal -0.13 0 0.991
    outer loop
      vertex -55 -37.5 200
      vertex -56.294 37.5 199.83
      vertex -56.294 -37.5 199.83
    endloop
  endfacet
  facet normal 0 -1 0
    outer loop
      vertex 0 -37.5 100
      vertex -56.294 -37.5 199.83
      vertex -57.5 -37.5 199.33
    endloop
  endfacet
  facet normal 0 1 0
    outer loop
      vertex 0 37.5 100
      vertex -57.5 37.5 199.33
      vertex -56.294 37.5 199.83
    endloop
  endfacet
  facet normal -0.383 0 0.924
    outer loop
      vertex -56.294 -37.5 199.83
      vertex -56.294 37.5 199.83
      vertex -57.5 37.5 199.33
    endloop
  endfacet
  facet normal -0.383 0 0.924
    outer loop
      vertex -56.294 -37.5 199.83
      vertex -57.5 37.5 199.33
      vertex -57.5 -37.5 199.33
    endloop
  endfacet
  facet normal 0 -1 0
    outer loop
      vertex 0 -37.5 100
      vertex -57.5 -37.5 199.33
      vertex -58.536 -37.5 198.536
    endloop
  endfacet
  facet normal 0 1 0
    outer loop
      vertex 0 37.5 100
      vertex -58.536 37.5 198.536
      vertex -57.5 37.5 199.33
    endloop
  endfacet
  facet normal -0.608 0 0.794
    outer loop
      vertex -57.5 -37.5 199.33
      vertex -57.5 37.5 199.33
      vertex -58.536 37.5 198.536
    endloop
  endfacet
  facet normal -0.608 0 0.794
    outer loop
      vertex -57.5 -37.5 199.33
      vertex -58.536 37.5 198.536
      vertex -58.536 -37.5 198.536
    endloop
  endfacet
  facet normal 0 -1 0
    outer loop
      vertex 0 -37.5 100
      vertex -58.536 -37.5 198.536
      vertex -59.33 -37.5 197.5
    endloop
  endfacet
  facet normal 0 1 0
    outer loop
      vertex 0 37.5 100
      vertex -59.33 37.5 197.5
      vertex -58.536 37.5 198.536
    endloop
  endfacet
  facet normal -0.794 0 0.608
    outer loop
      vertex -58.536 -37.5 198.536
      vertex -58.536 37.5 198.536
      vertex -59.33 37.5 197.5
    endloop
  endfacet
  facet normal -0.794 0 0.608
    outer loop
      vertex -58.536 -37.5 198.536
      vertex -59.33 37.5 197.5
      vertex -59.33 -37.5 197.5
    endloop
  endfacet
  facet normal 0 -1 0
    outer loop
      vertex 0 -37.5 100
      vertex -59.33 -37.5 197.5
      vertex -59.83 -37.5 196.294
    endloop
  endfacet
  facet normal 0 1 0
    outer loop
      vertex 0 37.5 100
      vertex -59.83 37.5 196.294
      vertex -59.33 37.5 197.5
    endloop
  endfacet
  facet normal -0.924 0 0.383
    outer loop
      vertex -59.33 -37.5 197.5
      vertex -59.33 37.5 197.5
      vertex -59.83 37.5 196.294
    endloop
  endfacet
  facet normal -0.924 0 0.383
    outer loop
      vertex -59.33 -37.5 197.5
      vertex -59.83 37.5 196.294
      vertex -59.83 -37.5 196.294
    endloop
  endfacet
  facet normal 0 -1 0
    outer loop
      vertex 0 -37.5 100
      vertex -59.83 -37.5 196.294
      vertex -60 -37.5 195
    endloop
  endfacet
  facet normal 0 1 0
    outer loop
      vertex 0 37.5 100
      vertex -60 37.5 195
      vertex -59.83 37.5 196.294
    endloop
  endfacet
  facet normal -0.991 0 0.13
    outer loop
      vertex -59.83 -37.5 196.294
      vertex -59.83 37.5 196.294
      vertex -60 37.5 195
    endloop
  endfacet
  facet normal -0.991 0 0.13
    outer loop
      vertex -59.83 -37.5 196.294
      vertex -60 37.5 195
      vertex -60 -37.5 195
    endloop
  endfacet
  facet normal 0 -1 0
    outer loop
      vertex 0 -37.5 100
      vertex -60 -37.5 195
      vertex -60 -37.5 5
    endloop
  endfacet
  facet normal 0 1 0
    outer loop
      vertex 0 37.5 100
      vertex -60 37.5 5
      vertex -60 37.5 195
    endloop
  endfacet
  facet normal -1 0 0
    outer loop
      vertex -60 -37.5 195
      vertex -60 37.5 195
      vertex -60 37.5 5
    endloop
  endfacet
  facet normal -1 0 0
    outer loop
      vertex -60 -37.5 195
      vertex -60 37.5 5
      vertex -60 -37.5 5
    endloop
  endfacet
  facet normal 0 -1 0
    outer loop
      vertex 0 -37.5 100
      vertex -60 -37.5 5
      vertex -59.83 -37.5 3.706
    endloop
  endfacet
  facet normal 0 1 0
    outer loop
      vertex 0 37.5 100
      vertex -59.83 37.5 3.706
      vertex -60 37.5 5
    endloop
  endfacet
  facet normal -0.991 0 -0.13
    outer loop
      vertex -60 -37.5 5
      vertex -60 37.5 5
      vertex -59.83 37.5 3.706
    endloop
  endfacet
  facet normal -0.991 0 -0.13
    outer loop
      vertex -60 -37.5 5
      vertex -59.83 37.5 3.706
      vertex -59.83 -37.5 3.706
    endloop
  endfacet
  facet normal 0 -1 0
    outer loop
      vertex 0 -37.5 100
      vertex -59.83 -37.5 3.706
      vertex -59.33 -37.5 2.5
    endloop
  endfacet
  facet normal 0 1 0
    outer loop
      vertex 0 37.5 100
      vertex -59.33 37.5 2.5
      vertex -59.83 37.5 3.706
    endloop
  endfacet
  facet normal -0.924 0 -0.383
    outer loop
      vertex -59.83 -37.5 3.706
      vertex -59.83 37.5 3.706
      vertex -59.33 37.5 2.5
    endloop
  endfacet
  facet normal -0.924 0 -0.383
    outer loop
      vertex -59.83 -37.5 3.706
      vertex -59.33 37.5 2.5
      vertex -59.33 -37.5 2.5
    endloop
  endfacet
  facet normal 0 -1 0
    outer loop
      vertex 0 -37.5 100
      vertex -59.33 -37.5 2.5
      vertex -58.536 -37.5 1.464
    endloop
  endfacet
  facet normal 0 1 0
    outer loop
      vertex 0 37.5 100
      vertex -58.536 37.5 1.464
      vertex -59.33 37.5 2.5
    endloop
  endfacet
  facet normal -0.794 0 -0.608
    outer loop
      vertex -59.33 -37.5 2.5
      vertex -59.33 37.5 2.5
      vertex -58.536 37.5 1.464
    endloop
  endfacet
  facet normal -0.794 0 -0.608
    outer loop
      vertex -59.33 -37.5 2.5
      vertex -58.536 37.5 1.464
      vertex -58.536 -37.5 1.464
    endloop
  endfacet
  facet normal 0 -1 0
    outer loop
      vertex 0 -37.5 100
      vertex -58.536 -37.5 1.464
      vertex -57.5 -37.5 0.67
    endloop
  endfacet
  facet normal 0 1 0
    outer loop
      vertex 0 37.5 100
      vertex -57.5 37.5 0.67
      vertex -58.536 37.5 1.464
    endloop
  endfacet
  facet normal -0.608 0 -0.794
    outer loop
      vertex -58.536 -37.5 1.464
      vertex -58.536 37.5 1.464
      vertex -57.5 37.5 0.67
    endloop
  endfacet
  facet normal -0.608 0 -0.794
    outer loop
      vertex -58.536 -37.5 1.464
      vertex -57.5 37.5 0.67
      vertex -57.5 -37.5 0.67
    endloop
  endfacet
  facet normal 0 -1 0
    outer loop
      vertex 0 -37.5 100
      vertex -57.5 -37.5 0.67
      vertex -56.294 -37.5 0.17
    endloop
  endfacet
  facet normal 0 1 0
    outer loop
      vertex 0 37.5 100
      vertex -56.294 37.5 0.17
      vertex -57.5 37.5 0.67
    endloop
  endfacet
  facet normal -0.383 0 -0.924
    outer loop
      vertex -57.5 -37.5 0.67
      vertex -57.5 37.5 0.67
      vertex -56.294 37.5 0.17
    endloop
  endfacet
  facet normal -0.383 0 -0.924
    outer loop
      vertex -57.5 -37.5 0.67
      vertex -56.294 37.5 0.17
      vertex -56.294 -37.5 0.17
    endloop
  endfacet
  facet normal 0 -1 0
    outer loop
      vertex 0 -37.5 100
      vertex -56.294 -37.5 0.17
      vertex -55 -37.5 0
    endloop
  endfacet
  facet normal 0 1 0
    outer loop
      vertex 0 37.5 100
      vertex -55 37.5 0
      vertex -56.294 37.5 0.17
    endloop
  endfacet
  facet normal -0.13 0 -0.991
    outer loop
      vertex -56.294 -37.5 0.17
      vertex -56.294 37.5 0.17
      vertex -55 37.5 0
    endloop
  endfacet
  facet normal -0.13 0 -0.991
    outer loop
      vertex -56.294 -37.5 0.17
      vertex -55 37.5 0
      vertex -55 -37.5 0
    endloop
  endfacet
  facet normal 0 -1 0
    outer loop
      vertex 0 -37.5 100
      vertex -55 -37.5 0
      vertex 55 -37.5 0
    endloop
  endfacet
  facet normal 0 1 0
    outer loop
      vertex 0 37.5 100
      vertex 55 37.5 0
      vertex -55 37.5 0
    endloop
  endfacet
  facet normal 0 0 -1
    outer loop
      vertex -55 -37.5 0
      vertex -55 37.5 0
      vertex 55 37.5 0
    endloop
  endfacet
  facet normal 0 0 -1
    outer loop
      vertex -55 -37.5 0
      vertex 55 37.5 0
      vertex 55 -37.5 0
    endloop
  endfacet
  facet normal 0 -1 0
    outer loop
      vertex 0 -37.5 100
      vertex 55 -37.5 0
      vertex 56.294 -37.5 0.17
    endloop
  endfacet
  facet normal 0 1 0
    outer loop
      vertex 0 37.5 100
      vertex 56.294 37.5 0.17
      vertex 55 37.5 0
    endloop
  endfacet
  facet normal 0.13 0 -0.991
    outer loop
      vertex 55 -37.5 0
      vertex 55 37.5 0
      vertex 56.294 37.5 0.17
    endloop
  endfacet
  facet normal 0.13 0 -0.991
    outer loop
      vertex 55 -37.5 0
      vertex 56.294 37.5 0.17
      vertex 56.294 -37.5 0.17
    endloop
  endfacet
  facet normal 0 -1 0
    outer loop
      vertex 0 -37.5 100
      vertex 56.294 -37.5 0.17
      vertex 57.5 -37.5 0.67
    endloop
  endfacet
  facet normal 0 1 0
    outer loop
      vertex 0 37.5 100
      vertex 57.5 37.5 0.67
      vertex 56.294 37.5 0.17
    endloop
  endfacet
  facet normal 0.383 0 -0.924
    outer loop
      vertex 56.294 -37.5 0.17
      vertex 56.294 37.5 0.17
      vertex 57.5 37.5 0.67
    endloop
  endfacet
  facet normal 0.383 0 -0.924
    outer loop
      vertex 56.294 -37.5 0.17
      vertex 57.5 37.5 0.67
      vertex 57.5 -37.5 0.67
    endloop
  endfacet
  facet normal 0 -1 0
    outer loop
      vertex 0 -37.5 100
      vertex 57.5 -37.5 0.67
      vertex 58.536 -37.5 1.464
    endloop
  endfacet
  facet normal 0 1 0
    outer loop
      vertex 0 37.5 100
      vertex 58.536 37.5 1.464
      vertex 57.5 37.5 0.67
    endloop
  endfacet
  facet normal 0.608 0 -0.794
    outer loop
      vertex 57.5 -37.5 0.67
      vertex 57.5 37.5 0.67
      vertex 58.536 37.5 1.464
    endloop
  endfacet
  facet normal 0.608 0 -0.794
    outer loop
      vertex 57.5 -37.5 0.67
      vertex 58.536 37.5 1.464
      vertex 58.536 -37.5 1.464
    endloop
  endfacet
  facet normal 0 -1 0
    outer loop
      vertex 0 -37.5 100
      vertex 58.536 -37.5 1.464
      vertex 59.33 -37.5 2.5
    endloop
  endfacet
  facet normal 0 1 0
    outer loop
      vertex 0 37.5 100
      vertex 59.33 37.5 2.5
      vertex 58.536 37.5 1.464
    endloop
  endfacet
  facet normal 0.794 0 -0.608
    outer loop
      vertex 58.536 -37.5 1.464
      vertex 58.536 37.5 1.464
      vertex 59.33 37.5 2.5
    endloop
  endfacet
  facet normal 0.794 0 -0.608
    outer loop
      vertex 58.536 -37.5 1.464
      vertex 59.33 37.5 2.5
      vertex 59.33 -37.5 2.5
    endloop
  endfacet
  facet normal 0 -1 0
    outer loop
      vertex 0 -37.5 100
      vertex 59.33 -37.5 2.5
      vertex 59.83 -37.5 3.706
    endloop
  endfacet
  facet normal 0 1 0
    outer loop
      vertex 0 37.5 100
      vertex 59.83 37.5 3.706
      vertex 59.33 37.5 2.5
    endloop
  endfacet
  facet normal 0.924 0 -0.383
    outer loop
      vertex 59.33 -37.5 2.5
      vertex 59.33 37.5 2.5
      vertex 59.83 37.5 3.706
    endloop
  endfacet
  facet normal 0.924 0 -0.383
    outer loop
      vertex 59.33 -37.5 2.5
      vertex 59.83 37.5 3.706
      vertex 59.83 -37.5 3.706
    endloop
  endfacet
  facet normal 0 -1 0
    outer loop
      vertex 0 -37.5 100
      vertex 59.83 -37.5 3.706
      vertex 60 -37.5 5
    endloop
  endfacet
  facet normal 0 1 0
    outer loop
      vertex 0 37.5 100
      vertex 60 37.5 5
      vertex 59.83 37.5 3.706
    endloop
  endfacet
  facet normal 0.991 0 -0.13
    outer loop
      vertex 59.83 -37.5 3.706
      vertex 59.83 37.5 3.706
      vertex 60 37.5 5
    endloop
  endfacet
  facet normal 0.991 0 -0.13
    outer loop
      vertex 59.83 -37.5 3.706
      vertex 60 37.5 5
      vertex 60 -37.5 5
    endloop
  endfacet
  facet normal 0 -1 0
    outer loop
      vertex 0 -37.5 100
      vertex 60 -37.5 5
      vertex 60 -37.5 195
    endloop
  endfacet
  facet normal 0 1 0
    outer loop
      vertex 0 37.5 100
      vertex 60 37.5 195
      vertex 60 37.5 5
    endloop
  endfacet
  facet normal 1 0 0
    outer loop
      vertex 60 -37.5 5
      vertex 60 37.5 5
      vertex 60 37.5 195
    endloop
  endfacet
  facet normal 1 0 0
    outer loop
      vertex 60 -37.5 5
      vertex 60 37.5 195
      vertex 60 -37.5 195
    endloop
  endfacet
  facet normal 0 -1 0
    outer loop
      vertex -53 -40.2 79
      vertex 53 -40.2 79
      vertex 53 -40.2 157
    endloop
  endfacet
  facet normal 0 -1 0
    outer loop
      vertex -53 -40.2 79
      vertex 53 -40.2 157
      vertex -53 -40.2 157
    endloop
  endfacet
  facet normal 0 1 0
    outer loop
      vertex 53 -37.5 79
      vertex -53 -37.5 79
      vertex -53 -37.5 157
    endloop
  endfacet
  facet normal 0 1 0
    outer loop
      vertex 53 -37.5 79
      vertex -53 -37.5 157
      vertex 53 -37.5 157
    endloop
  endfacet
  facet normal -1 0 0
    outer loop
      vertex -53 -37.5 79
      vertex -53 -40.2 79
      vertex -53 -40.2 157
    endloop
  endfacet
  facet normal -1 0 0
    outer loop
      vertex -53 -37.5 79
      vertex -53 -40.2 157
      vertex -53 -37.5 157
    endloop
  endfacet
  facet normal 1 0 0
    outer loop
      vertex 53 -40.2 79
      vertex 53 -37.5 79
      vertex 53 -37.5 157
    endloop
  endfacet
  facet normal 1 0 0
    outer loop
      vertex 53 -40.2 79
      vertex 53 -37.5 157
      vertex 53 -40.2 157
    endloop
  endfacet
  facet normal 0 0 1
    outer loop
      vertex -53 -40.2 157
      vertex 53 -40.2 157
      vertex 53 -37.5 157
    endloop
  endfacet
  facet normal 0 0 1
    outer loop
      vertex -53 -40.2 157
      vertex 53 -37.5 157
      vertex -53 -37.5 157
    endloop
  endfacet
  facet normal 0 0 -1
    outer loop
      vertex -53 -37.5 79
      vertex 53 -37.5 79
      vertex 53 -40.2 79
    endloop
  endfacet
  facet normal 0 0 -1
    outer loop
      vertex -53 -37.5 79
      vertex 53 -40.2 79
      vertex -53 -40.2 79
    endloop
  endfacet
  facet normal 0 -1 0
    outer loop
      vertex -39 -41.6 105
      vertex 39 -41.6 105
      vertex 39 -41.6 135
    endloop
  endfacet
  facet normal 0 -1 0
    outer loop
      vertex -39 -41.6 105
      vertex 39 -41.6 135
      vertex -39 -41.6 135
    endloop
  endfacet
  facet normal 0 1 0
    outer loop
      vertex 39 -40.15 105
      vertex -39 -40.15 105
      vertex -39 -40.15 135
    endloop
  endfacet
  facet normal 0 1 0
    outer loop
      vertex 39 -40.15 105
      vertex -39 -40.15 135
      vertex 39 -40.15 135
    endloop
  endfacet
  facet normal -1 0 0
    outer loop
      vertex -39 -40.15 105
      vertex -39 -41.6 105
      vertex -39 -41.6 135
    endloop
  endfacet
  facet normal -1 0 0
    outer loop
      vertex -39 -40.15 105
      vertex -39 -41.6 135
      vertex -39 -40.15 135
    endloop
  endfacet
  facet normal 1 0 0
    outer loop
      vertex 39 -41.6 105
      vertex 39 -40.15 105
      vertex 39 -40.15 135
    endloop
  endfacet
  facet normal 1 0 0
    outer loop
      vertex 39 -41.6 105
      vertex 39 -40.15 135
      vertex 39 -41.6 135
    endloop
  endfacet
  facet normal 0 0 1
    outer loop
      vertex -39 -41.6 135
      vertex 39 -41.6 135
      vertex 39 -40.15 135
    endloop
  endfacet
  facet normal 0 0 1
    outer loop
      vertex -39 -41.6 135
      vertex 39 -40.15 135
      vertex -39 -40.15 135
    endloop
  endfacet
  facet normal 0 0 -1
    outer loop
      vertex -39 -40.15 105
      vertex 39 -40.15 105
      vertex 39 -41.6 105
    endloop
  endfacet
  facet normal 0 0 -1
    outer loop
      vertex -39 -40.15 105
      vertex 39 -41.6 105
      vertex -39 -41.6 105
    endloop
  endfacet
  facet normal 0 -1 0
    outer loop
      vertex -35 -42.2 109
      vertex 35 -42.2 109
      vertex 35 -42.2 131
    endloop
  endfacet
  facet normal 0 -1 0
    outer loop
      vertex -35 -42.2 109
      vertex 35 -42.2 131
      vertex -35 -42.2 131
    endloop
  endfacet
  facet normal 0 1 0
    outer loop
      vertex 35 -41.45 109
      vertex -35 -41.45 109
      vertex -35 -41.45 131
    endloop
  endfacet
  facet normal 0 1 0
    outer loop
      vertex 35 -41.45 109
      vertex -35 -41.45 131
      vertex 35 -41.45 131
    endloop
  endfacet
  facet normal -1 0 0
    outer loop
      vertex -35 -41.45 109
      vertex -35 -42.2 109
      vertex -35 -42.2 131
    endloop
  endfacet
  facet normal -1 0 0
    outer loop
      vertex -35 -41.45 109
      vertex -35 -42.2 131
      vertex -35 -41.45 131
    endloop
  endfacet
  facet normal 1 0 0
    outer loop
      vertex 35 -42.2 109
      vertex 35 -41.45 109
      vertex 35 -41.45 131
    endloop
  endfacet
  facet normal 1 0 0
    outer loop
      vertex 35 -42.2 109
      vertex 35 -41.45 131
      vertex 35 -42.2 131
    endloop
  endfacet
  facet normal 0 0 1
    outer loop
      vertex -35 -42.2 131
      vertex 35 -42.2 131
      vertex 35 -41.45 131
    endloop
  endfacet
  facet normal 0 0 1
    outer loop
      vertex -35 -42.2 131
      vertex 35 -41.45 131
      vertex -35 -41.45 131
    endloop
  endfacet
  facet normal 0 0 -1
    outer loop
      vertex -35 -41.45 109
      vertex 35 -41.45 109
      vertex 35 -42.2 109
    endloop
  endfacet
  facet normal 0 0 -1
    outer loop
      vertex -35 -41.45 109
      vertex 35 -42.2 109
      vertex -35 -42.2 109
    endloop
  endfacet
  facet normal 0 -1 0
    outer loop
      vertex -31.5 -42.8 112
      vertex 31.5 -42.8 112
      vertex 31.5 -42.8 128
    endloop
  endfacet
  facet normal 0 -1 0
    outer loop
      vertex -31.5 -42.8 112
      vertex 31.5 -42.8 128
      vertex -31.5 -42.8 128
    endloop
  endfacet
  facet normal 0 1 0
    outer loop
      vertex 31.5 -42.1 112
      vertex -31.5 -42.1 112
      vertex -31.5 -42.1 128
    endloop
  endfacet
  facet normal 0 1 0
    outer loop
      vertex 31.5 -42.1 112
      vertex -31.5 -42.1 128
      vertex 31.5 -42.1 128
    endloop
  endfacet
  facet normal -1 0 0
    outer loop
      vertex -31.5 -42.1 112
      vertex -31.5 -42.8 112
      vertex -31.5 -42.8 128
    endloop
  endfacet
  facet normal -1 0 0
    outer loop
      vertex -31.5 -42.1 112
      vertex -31.5 -42.8 128
      vertex -31.5 -42.1 128
    endloop
  endfacet
  facet normal 1 0 0
    outer loop
      vertex 31.5 -42.8 112
      vertex 31.5 -42.1 112
      vertex 31.5 -42.1 128
    endloop
  endfacet
  facet normal 1 0 0
    outer loop
      vertex 31.5 -42.8 112
      vertex 31.5 -42.1 128
      vertex 31.5 -42.8 128
    endloop
  endfacet
  facet normal 0 0 1
    outer loop
      vertex -31.5 -42.8 128
      vertex 31.5 -42.8 128
      vertex 31.5 -42.1 128
    endloop
  endfacet
  facet normal 0 0 1
    outer loop
      vertex -31.5 -42.8 128
      vertex 31.5 -42.1 128
      vertex -31.5 -42.1 128
    endloop
  endfacet
  facet normal 0 0 -1
    outer loop
      vertex -31.5 -42.1 112
      vertex 31.5 -42.1 112
      vertex 31.5 -42.8 112
    endloop
  endfacet
  facet normal 0 0 -1
    outer loop
      vertex -31.5 -42.1 112
      vertex 31.5 -42.8 112
      vertex -31.5 -42.8 112
    endloop
  endfacet
  facet normal 0 -1 0
    outer loop
      vertex -42 -43.25 103
      vertex 42 -43.25 103
      vertex 42 -43.25 137
    endloop
  endfacet
  facet normal 0 -1 0
    outer loop
      vertex -42 -43.25 103
      vertex 42 -43.25 137
      vertex -42 -43.25 137
    endloop
  endfacet
  facet normal 0 1 0
    outer loop
      vertex 42 -42.75 103
      vertex -42 -42.75 103
      vertex -42 -42.75 137
    endloop
  endfacet
  facet normal 0 1 0
    outer loop
      vertex 42 -42.75 103
      vertex -42 -42.75 137
      vertex 42 -42.75 137
    endloop
  endfacet
  facet normal -1 0 0
    outer loop
      vertex -42 -42.75 103
      vertex -42 -43.25 103
      vertex -42 -43.25 137
    endloop
  endfacet
  facet normal -1 0 0
    outer loop
      vertex -42 -42.75 103
      vertex -42 -43.25 137
      vertex -42 -42.75 137
    endloop
  endfacet
  facet normal 1 0 0
    outer loop
      vertex 42 -43.25 103
      vertex 42 -42.75 103
      vertex 42 -42.75 137
    endloop
  endfacet
  facet normal 1 0 0
    outer loop
      vertex 42 -43.25 103
      vertex 42 -42.75 137
      vertex 42 -43.25 137
    endloop
  endfacet
  facet normal 0 0 1
    outer loop
      vertex -42 -43.25 137
      vertex 42 -43.25 137
      vertex 42 -42.75 137
    endloop
  endfacet
  facet normal 0 0 1
    outer loop
      vertex -42 -43.25 137
      vertex 42 -42.75 137
      vertex -42 -42.75 137
    endloop
  endfacet
  facet normal 0 0 -1
    outer loop
      vertex -42 -42.75 103
      vertex 42 -42.75 103
      vertex 42 -43.25 103
    endloop
  endfacet
  facet normal 0 0 -1
    outer loop
      vertex -42 -42.75 103
      vertex 42 -43.25 103
      vertex -42 -43.25 103
    endloop
  endfacet
  facet normal 0 1 0
    outer loop
      vertex -31.28 -43.55 105.96
      vertex -7.28 -43.55 137.96
      vertex -4.72 -43.55 136.04
    endloop
  endfacet
  facet normal 0 1 0
    outer loop
      vertex -31.28 -43.55 105.96
      vertex -4.72 -43.55 136.04
      vertex -28.72 -43.55 104.04
    endloop
  endfacet
  facet normal 0 -1 0
    outer loop
      vertex -7.28 -43.8 137.96
      vertex -31.28 -43.8 105.96
      vertex -28.72 -43.8 104.04
    endloop
  endfacet
  facet normal 0 -1 0
    outer loop
      vertex -7.28 -43.8 137.96
      vertex -28.72 -43.8 104.04
      vertex -4.72 -43.8 136.04
    endloop
  endfacet
  facet normal -0.6 0 -0.8
    outer loop
      vertex -31.28 -43.8 105.96
      vertex -31.28 -43.55 105.96
      vertex -28.72 -43.55 104.04
    endloop
  endfacet
  facet normal -0.6 0 -0.8
    outer loop
      vertex -31.28 -43.8 105.96
      vertex -28.72 -43.55 104.04
      vertex -28.72 -43.8 104.04
    endloop
  endfacet
  facet normal 0.6 0 0.8
    outer loop
      vertex -7.28 -43.55 137.96
      vertex -7.28 -43.8 137.96
      vertex -4.72 -43.8 136.04
    endloop
  endfacet
  facet normal 0.6 0 0.8
    outer loop
      vertex -7.28 -43.55 137.96
      vertex -4.72 -43.8 136.04
      vertex -4.72 -43.55 136.04
    endloop
  endfacet
  facet normal 0.8 0 -0.6
    outer loop
      vertex -28.72 -43.55 104.04
      vertex -4.72 -43.55 136.04
      vertex -4.72 -43.8 136.04
    endloop
  endfacet
  facet normal 0.8 0 -0.6
    outer loop
      vertex -28.72 -43.55 104.04
      vertex -4.72 -43.8 136.04
      vertex -28.72 -43.8 104.04
    endloop
  endfacet
  facet normal -0.8 0 0.6
    outer loop
      vertex -31.28 -43.8 105.96
      vertex -7.28 -43.8 137.96
      vertex -7.28 -43.55 137.96
    endloop
  endfacet
  facet normal -0.8 0 0.6
    outer loop
      vertex -31.28 -43.8 105.96
      vertex -7.28 -43.55 137.96
      vertex -31.28 -43.55 105.96
    endloop
  endfacet
  facet normal 0 -1 0
    outer loop
      vertex -43 -40.9 20
      vertex 43 -40.9 20
      vertex 43 -40.9 68
    endloop
  endfacet
  facet normal 0 -1 0
    outer loop
      vertex -43 -40.9 20
      vertex 43 -40.9 68
      vertex -43 -40.9 68
    endloop
  endfacet
  facet normal 0 1 0
    outer loop
      vertex 43 -40.05 20
      vertex -43 -40.05 20
      vertex -43 -40.05 68
    endloop
  endfacet
  facet normal 0 1 0
    outer loop
      vertex 43 -40.05 20
      vertex -43 -40.05 68
      vertex 43 -40.05 68
    endloop
  endfacet
  facet normal -1 0 0
    outer loop
      vertex -43 -40.05 20
      vertex -43 -40.9 20
      vertex -43 -40.9 68
    endloop
  endfacet
  facet normal -1 0 0
    outer loop
      vertex -43 -40.05 20
      vertex -43 -40.9 68
      vertex -43 -40.05 68
    endloop
  endfacet
  facet normal 1 0 0
    outer loop
      vertex 43 -40.9 20
      vertex 43 -40.05 20
      vertex 43 -40.05 68
    endloop
  endfacet
  facet normal 1 0 0
    outer loop
      vertex 43 -40.9 20
      vertex 43 -40.05 68
      vertex 43 -40.9 68
    endloop
  endfacet
  facet normal 0 0 1
    outer loop
      vertex -43 -40.9 68
      vertex 43 -40.9 68
      vertex 43 -40.05 68
    endloop
  endfacet
  facet normal 0 0 1
    outer loop
      vertex -43 -40.9 68
      vertex 43 -40.05 68
      vertex -43 -40.05 68
    endloop
  endfacet
  facet normal 0 0 -1
    outer loop
      vertex -43 -40.05 20
      vertex 43 -40.05 20
      vertex 43 -40.9 20
    endloop
  endfacet
  facet normal 0 0 -1
    outer loop
      vertex -43 -40.05 20
      vertex 43 -40.9 20
      vertex -43 -40.9 20
    endloop
  endfacet
  facet normal 0 1 0
    outer loop
      vertex -41 -41.35 66.6
      vertex 41 -41.35 66.6
      vertex 41 -41.35 65.4
    endloop
  endfacet
  facet normal 0 1 0
    outer loop
      vertex -41 -41.35 66.6
      vertex 41 -41.35 65.4
      vertex -41 -41.35 65.4
    endloop
  endfacet
  facet normal 0 -1 0
    outer loop
      vertex 41 -41.8 66.6
      vertex -41 -41.8 66.6
      vertex -41 -41.8 65.4
    endloop
  endfacet
  facet normal 0 -1 0
    outer loop
      vertex 41 -41.8 66.6
      vertex -41 -41.8 65.4
      vertex 41 -41.8 65.4
    endloop
  endfacet
  facet normal -1 0 0
    outer loop
      vertex -41 -41.8 66.6
      vertex -41 -41.35 66.6
      vertex -41 -41.35 65.4
    endloop
  endfacet
  facet normal -1 0 0
    outer loop
      vertex -41 -41.8 66.6
      vertex -41 -41.35 65.4
      vertex -41 -41.8 65.4
    endloop
  endfacet
  facet normal 1 0 0
    outer loop
      vertex 41 -41.35 66.6
      vertex 41 -41.8 66.6
      vertex 41 -41.8 65.4
    endloop
  endfacet
  facet normal 1 0 0
    outer loop
      vertex 41 -41.35 66.6
      vertex 41 -41.8 65.4
      vertex 41 -41.35 65.4
    endloop
  endfacet
  facet normal 0 0 -1
    outer loop
      vertex -41 -41.35 65.4
      vertex 41 -41.35 65.4
      vertex 41 -41.8 65.4
    endloop
  endfacet
  facet normal 0 0 -1
    outer loop
      vertex -41 -41.35 65.4
      vertex 41 -41.8 65.4
      vertex -41 -41.8 65.4
    endloop
  endfacet
  facet normal 0 0 1
    outer loop
      vertex -41 -41.8 66.6
      vertex 41 -41.8 66.6
      vertex 41 -41.35 66.6
    endloop
  endfacet
  facet normal 0 0 1
    outer loop
      vertex -41 -41.8 66.6
      vertex 41 -41.35 66.6
      vertex -41 -41.35 66.6
    endloop
  endfacet
  facet normal 0 1 0
    outer loop
      vertex -41 -41.35 22.6
      vertex 41 -41.35 22.6
      vertex 41 -41.35 21.4
    endloop
  endfacet
  facet normal 0 1 0
    outer loop
      vertex -41 -41.35 22.6
      vertex 41 -41.35 21.4
      vertex -41 -41.35 21.4
    endloop
  endfacet
  facet normal 0 -1 0
    outer loop
      vertex 41 -41.8 22.6
      vertex -41 -41.8 22.6
      vertex -41 -41.8 21.4
    endloop
  endfacet
  facet normal 0 -1 0
    outer loop
      vertex 41 -41.8 22.6
      vertex -41 -41.8 21.4
      vertex 41 -41.8 21.4
    endloop
  endfacet
  facet normal -1 0 0
    outer loop
      vertex -41 -41.8 22.6
      vertex -41 -41.35 22.6
      vertex -41 -41.35 21.4
    endloop
  endfacet
  facet normal -1 0 0
    outer loop
      vertex -41 -41.8 22.6
      vertex -41 -41.35 21.4
      vertex -41 -41.8 21.4
    endloop
  endfacet
  facet normal 1 0 0
    outer loop
      vertex 41 -41.35 22.6
      vertex 41 -41.8 22.6
      vertex 41 -41.8 21.4
    endloop
  endfacet
  facet normal 1 0 0
    outer loop
      vertex 41 -41.35 22.6
      vertex 41 -41.8 21.4
      vertex 41 -41.35 21.4
    endloop
  endfacet
  facet normal 0 0 -1
    outer loop
      vertex -41 -41.35 21.4
      vertex 41 -41.35 21.4
      vertex 41 -41.8 21.4
    endloop
  endfacet
  facet normal 0 0 -1
    outer loop
      vertex -41 -41.35 21.4
      vertex 41 -41.8 21.4
      vertex -41 -41.8 21.4
    endloop
  endfacet
  facet normal 0 0 1
    outer loop
      vertex -41 -41.8 22.6
      vertex 41 -41.8 22.6
      vertex 41 -41.35 22.6
    endloop
  endfacet
  facet normal 0 0 1
    outer loop
      vertex -41 -41.8 22.6
      vertex 41 -41.35 22.6
      vertex -41 -41.35 22.6
    endloop
  endfacet
  facet normal 0 1 0
    outer loop
      vertex -41.6 -41.35 22
      vertex -41.6 -41.35 66
      vertex -40.4 -41.35 66
    endloop
  endfacet
  facet normal 0 1 0
    outer loop
      vertex -41.6 -41.35 22
      vertex -40.4 -41.35 66
      vertex -40.4 -41.35 22
    endloop
  endfacet
  facet normal 0 -1 0
    outer loop
      vertex -41.6 -41.8 66
      vertex -41.6 -41.8 22
      vertex -40.4 -41.8 22
    endloop
  endfacet
  facet normal 0 -1 0
    outer loop
      vertex -41.6 -41.8 66
      vertex -40.4 -41.8 22
      vertex -40.4 -41.8 66
    endloop
  endfacet
  facet normal 0 0 -1
    outer loop
      vertex -41.6 -41.8 22
      vertex -41.6 -41.35 22
      vertex -40.4 -41.35 22
    endloop
  endfacet
  facet normal 0 0 -1
    outer loop
      vertex -41.6 -41.8 22
      vertex -40.4 -41.35 22
      vertex -40.4 -41.8 22
    endloop
  endfacet
  facet normal 0 0 1
    outer loop
      vertex -41.6 -41.35 66
      vertex -41.6 -41.8 66
      vertex -40.4 -41.8 66
    endloop
  endfacet
  facet normal 0 0 1
    outer loop
      vertex -41.6 -41.35 66
      vertex -40.4 -41.8 66
      vertex -40.4 -41.35 66
    endloop
  endfacet
  facet normal 1 0 0
    outer loop
      vertex -40.4 -41.35 22
      vertex -40.4 -41.35 66
      vertex -40.4 -41.8 66
    endloop
  endfacet
  facet normal 1 0 0
    outer loop
      vertex -40.4 -41.35 22
      vertex -40.4 -41.8 66
      vertex -40.4 -41.8 22
    endloop
  endfacet
  facet normal -1 0 0
    outer loop
      vertex -41.6 -41.8 22
      vertex -41.6 -41.8 66
      vertex -41.6 -41.35 66
    endloop
  endfacet
  facet normal -1 0 0
    outer loop
      vertex -41.6 -41.8 22
      vertex -41.6 -41.35 66
      vertex -41.6 -41.35 22
    endloop
  endfacet
  facet normal 0 1 0
    outer loop
      vertex 40.4 -41.35 22
      vertex 40.4 -41.35 66
      vertex 41.6 -41.35 66
    endloop
  endfacet
  facet normal 0 1 0
    outer loop
      vertex 40.4 -41.35 22
      vertex 41.6 -41.35 66
      vertex 41.6 -41.35 22
    endloop
  endfacet
  facet normal 0 -1 0
    outer loop
      vertex 40.4 -41.8 66
      vertex 40.4 -41.8 22
      vertex 41.6 -41.8 22
    endloop
  endfacet
  facet normal 0 -1 0
    outer loop
      vertex 40.4 -41.8 66
      vertex 41.6 -41.8 22
      vertex 41.6 -41.8 66
    endloop
  endfacet
  facet normal 0 0 -1
    outer loop
      vertex 40.4 -41.8 22
      vertex 40.4 -41.35 22
      vertex 41.6 -41.35 22
    endloop
  endfacet
  facet normal 0 0 -1
    outer loop
      vertex 40.4 -41.8 22
      vertex 41.6 -41.35 22
      vertex 41.6 -41.8 22
    endloop
  endfacet
  facet normal 0 0 1
    outer loop
      vertex 40.4 -41.35 66
      vertex 40.4 -41.8 66
      vertex 41.6 -41.8 66
    endloop
  endfacet
  facet normal 0 0 1
    outer loop
      vertex 40.4 -41.35 66
      vertex 41.6 -41.8 66
      vertex 41.6 -41.35 66
    endloop
  endfacet
  facet normal 1 0 0
    outer loop
      vertex 41.6 -41.35 22
      vertex 41.6 -41.35 66
      vertex 41.6 -41.8 66
    endloop
  endfacet
  facet normal 1 0 0
    outer loop
      vertex 41.6 -41.35 22
      vertex 41.6 -41.8 66
      vertex 41.6 -41.8 22
    endloop
  endfacet
  facet normal -1 0 0
    outer loop
      vertex 40.4 -41.8 22
      vertex 40.4 -41.8 66
      vertex 40.4 -41.35 66
    endloop
  endfacet
  facet normal -1 0 0
    outer loop
      vertex 40.4 -41.8 22
      vertex 40.4 -41.35 66
      vertex 40.4 -41.35 22
    endloop
  endfacet
  facet normal 0 1 0
    outer loop
      vertex -31.143 -41.4 53.519
      vertex -31.823 -41.4 53.072
      vertex -32.537 -41.4 54.158
    endloop
  endfacet
  facet normal 0 1 0
    outer loop
      vertex -31.143 -41.4 53.519
      vertex -32.537 -41.4 54.158
      vertex -31.857 -41.4 54.605
    endloop
  endfacet
  facet normal 0 -1 0
    outer loop
      vertex -31.823 -42.2 53.072
      vertex -31.143 -42.2 53.519
      vertex -31.857 -42.2 54.605
    endloop
  endfacet
  facet normal 0 -1 0
    outer loop
      vertex -31.823 -42.2 53.072
      vertex -31.857 -42.2 54.605
      vertex -32.537 -42.2 54.158
    endloop
  endfacet
  facet normal 0.836 0 0.549
    outer loop
      vertex -31.143 -42.2 53.519
      vertex -31.143 -41.4 53.519
      vertex -31.857 -41.4 54.605
    endloop
  endfacet
  facet normal 0.836 0 0.549
    outer loop
      vertex -31.143 -42.2 53.519
      vertex -31.857 -41.4 54.605
      vertex -31.857 -42.2 54.605
    endloop
  endfacet
  facet normal -0.836 0 -0.549
    outer loop
      vertex -31.823 -41.4 53.072
      vertex -31.823 -42.2 53.072
      vertex -32.537 -42.2 54.158
    endloop
  endfacet
  facet normal -0.836 0 -0.549
    outer loop
      vertex -31.823 -41.4 53.072
      vertex -32.537 -42.2 54.158
      vertex -32.537 -41.4 54.158
    endloop
  endfacet
  facet normal -0.549 0 0.836
    outer loop
      vertex -31.857 -41.4 54.605
      vertex -32.537 -41.4 54.158
      vertex -32.537 -42.2 54.158
    endloop
  endfacet
  facet normal -0.549 0 0.836
    outer loop
      vertex -31.857 -41.4 54.605
      vertex -32.537 -42.2 54.158
      vertex -31.857 -42.2 54.605
    endloop
  endfacet
  facet normal 0.549 0 -0.836
    outer loop
      vertex -31.143 -42.2 53.519
      vertex -31.823 -42.2 53.072
      vertex -31.823 -41.4 53.072
    endloop
  endfacet
  facet normal 0.549 0 -0.836
    outer loop
      vertex -31.143 -42.2 53.519
      vertex -31.823 -41.4 53.072
      vertex -31.143 -41.4 53.519
    endloop
  endfacet
  facet normal 0 1 0
    outer loop
      vertex -31.762 -41.4 53.117
      vertex -32.386 -41.4 52.594
      vertex -33.222 -41.4 53.59
    endloop
  endfacet
  facet normal 0 1 0
    outer loop
      vertex -31.762 -41.4 53.117
      vertex -33.222 -41.4 53.59
      vertex -32.598 -41.4 54.113
    endloop
  endfacet
  facet normal 0 -1 0
    outer loop
      vertex -32.386 -42.2 52.594
      vertex -31.762 -42.2 53.117
      vertex -32.598 -42.2 54.113
    endloop
  endfacet
  facet normal 0 -1 0
    outer loop
      vertex -32.386 -42.2 52.594
      vertex -32.598 -42.2 54.113
      vertex -33.222 -42.2 53.59
    endloop
  endfacet
  facet normal 0.766 0 0.643
    outer loop
      vertex -31.762 -42.2 53.117
      vertex -31.762 -41.4 53.117
      vertex -32.598 -41.4 54.113
    endloop
  endfacet
  facet normal 0.766 0 0.643
    outer loop
      vertex -31.762 -42.2 53.117
      vertex -32.598 -41.4 54.113
      vertex -32.598 -42.2 54.113
    endloop
  endfacet
  facet normal -0.766 0 -0.643
    outer loop
      vertex -32.386 -41.4 52.594
      vertex -32.386 -42.2 52.594
      vertex -33.222 -42.2 53.59
    endloop
  endfacet
  facet normal -0.766 0 -0.643
    outer loop
      vertex -32.386 -41.4 52.594
      vertex -33.222 -42.2 53.59
      vertex -33.222 -41.4 53.59
    endloop
  endfacet
  facet normal -0.642 0 0.766
    outer loop
      vertex -32.598 -41.4 54.113
      vertex -33.222 -41.4 53.59
      vertex -33.222 -42.2 53.59
    endloop
  endfacet
  facet normal -0.642 0 0.766
    outer loop
      vertex -32.598 -41.4 54.113
      vertex -33.222 -42.2 53.59
      vertex -32.598 -42.2 54.113
    endloop
  endfacet
  facet normal 0.642 0 -0.766
    outer loop
      vertex -31.762 -42.2 53.117
      vertex -32.386 -42.2 52.594
      vertex -32.386 -41.4 52.594
    endloop
  endfacet
  facet normal 0.642 0 -0.766
    outer loop
      vertex -31.762 -42.2 53.117
      vertex -32.386 -41.4 52.594
      vertex -31.762 -41.4 53.117
    endloop
  endfacet
  facet normal 0 1 0
    outer loop
      vertex -32.331 -41.4 52.646
      vertex -32.89 -41.4 52.053
      vertex -33.835 -41.4 52.946
    endloop
  endfacet
  facet normal 0 1 0
    outer loop
      vertex -32.331 -41.4 52.646
      vertex -33.835 -41.4 52.946
      vertex -33.276 -41.4 53.538
    endloop
  endfacet
  facet normal 0 -1 0
    outer loop
      vertex -32.89 -42.2 52.053
      vertex -32.331 -42.2 52.646
      vertex -33.276 -42.2 53.538
    endloop
  endfacet
  facet normal 0 -1 0
    outer loop
      vertex -32.89 -42.2 52.053
      vertex -33.276 -42.2 53.538
      vertex -33.835 -42.2 52.946
    endloop
  endfacet
  facet normal 0.686 0 0.727
    outer loop
      vertex -32.331 -42.2 52.646
      vertex -32.331 -41.4 52.646
      vertex -33.276 -41.4 53.538
    endloop
  endfacet
  facet normal 0.686 0 0.727
    outer loop
      vertex -32.331 -42.2 52.646
      vertex -33.276 -41.4 53.538
      vertex -33.276 -42.2 53.538
    endloop
  endfacet
  facet normal -0.687 0 -0.727
    outer loop
      vertex -32.89 -41.4 52.053
      vertex -32.89 -42.2 52.053
      vertex -33.835 -42.2 52.946
    endloop
  endfacet
  facet normal -0.687 0 -0.727
    outer loop
      vertex -32.89 -41.4 52.053
      vertex -33.835 -42.2 52.946
      vertex -33.835 -41.4 52.946
    endloop
  endfacet
  facet normal -0.727 0 0.687
    outer loop
      vertex -33.276 -41.4 53.538
      vertex -33.835 -41.4 52.946
      vertex -33.835 -42.2 52.946
    endloop
  endfacet
  facet normal -0.727 0 0.687
    outer loop
      vertex -33.276 -41.4 53.538
      vertex -33.835 -42.2 52.946
      vertex -33.276 -42.2 53.538
    endloop
  endfacet
  facet normal 0.728 0 -0.686
    outer loop
      vertex -32.331 -42.2 52.646
      vertex -32.89 -42.2 52.053
      vertex -32.89 -41.4 52.053
    endloop
  endfacet
  facet normal 0.728 0 -0.686
    outer loop
      vertex -32.331 -42.2 52.646
      vertex -32.89 -41.4 52.053
      vertex -32.331 -41.4 52.646
    endloop
  endfacet
  facet normal 0 1 0
    outer loop
      vertex -32.841 -41.4 52.111
      vertex -33.327 -41.4 51.458
      vertex -34.37 -41.4 52.235
    endloop
  endfacet
  facet normal 0 1 0
    outer loop
      vertex -32.841 -41.4 52.111
      vertex -34.37 -41.4 52.235
      vertex -33.884 -41.4 52.888
    endloop
  endfacet
  facet normal 0 -1 0
    outer loop
      vertex -33.327 -42.2 51.458
      vertex -32.841 -42.2 52.111
      vertex -33.884 -42.2 52.888
    endloop
  endfacet
  facet normal 0 -1 0
    outer loop
      vertex -33.327 -42.2 51.458
      vertex -33.884 -42.2 52.888
      vertex -34.37 -42.2 52.235
    endloop
  endfacet
  facet normal 0.597 0 0.802
    outer loop
      vertex -32.841 -42.2 52.111
      vertex -32.841 -41.4 52.111
      vertex -33.884 -41.4 52.888
    endloop
  endfacet
  facet normal 0.597 0 0.802
    outer loop
      vertex -32.841 -42.2 52.111
      vertex -33.884 -41.4 52.888
      vertex -33.884 -42.2 52.888
    endloop
  endfacet
  facet normal -0.597 0 -0.802
    outer loop
      vertex -33.327 -41.4 51.458
      vertex -33.327 -42.2 51.458
      vertex -34.37 -42.2 52.235
    endloop
  endfacet
  facet normal -0.597 0 -0.802
    outer loop
      vertex -33.327 -41.4 51.458
      vertex -34.37 -42.2 52.235
      vertex -34.37 -41.4 52.235
    endloop
  endfacet
  facet normal -0.802 0 0.597
    outer loop
      vertex -33.884 -41.4 52.888
      vertex -34.37 -41.4 52.235
      vertex -34.37 -42.2 52.235
    endloop
  endfacet
  facet normal -0.802 0 0.597
    outer loop
      vertex -33.884 -41.4 52.888
      vertex -34.37 -42.2 52.235
      vertex -33.884 -42.2 52.888
    endloop
  endfacet
  facet normal 0.802 0 -0.597
    outer loop
      vertex -32.841 -42.2 52.111
      vertex -33.327 -42.2 51.458
      vertex -33.327 -41.4 51.458
    endloop
  endfacet
  facet normal 0.802 0 -0.597
    outer loop
      vertex -32.841 -42.2 52.111
      vertex -33.327 -41.4 51.458
      vertex -32.841 -41.4 52.111
    endloop
  endfacet
  facet normal 0 1 0
    outer loop
      vertex -33.285 -41.4 51.522
      vertex -33.693 -41.4 50.817
      vertex -34.818 -41.4 51.467
    endloop
  endfacet
  facet normal 0 1 0
    outer loop
      vertex -33.285 -41.4 51.522
      vertex -34.818 -41.4 51.467
      vertex -34.411 -41.4 52.172
    endloop
  endfacet
  facet normal 0 -1 0
    outer loop
      vertex -33.693 -42.2 50.817
      vertex -33.285 -42.2 51.522
      vertex -34.411 -42.2 52.172
    endloop
  endfacet
  facet normal 0 -1 0
    outer loop
      vertex -33.693 -42.2 50.817
      vertex -34.411 -42.2 52.172
      vertex -34.818 -42.2 51.467
    endloop
  endfacet
  facet normal 0.5 0 0.866
    outer loop
      vertex -33.285 -42.2 51.522
      vertex -33.285 -41.4 51.522
      vertex -34.411 -41.4 52.172
    endloop
  endfacet
  facet normal 0.5 0 0.866
    outer loop
      vertex -33.285 -42.2 51.522
      vertex -34.411 -41.4 52.172
      vertex -34.411 -42.2 52.172
    endloop
  endfacet
  facet normal -0.5 0 -0.866
    outer loop
      vertex -33.693 -41.4 50.817
      vertex -33.693 -42.2 50.817
      vertex -34.818 -42.2 51.467
    endloop
  endfacet
  facet normal -0.5 0 -0.866
    outer loop
      vertex -33.693 -41.4 50.817
      vertex -34.818 -42.2 51.467
      vertex -34.818 -41.4 51.467
    endloop
  endfacet
  facet normal -0.866 0 0.5
    outer loop
      vertex -34.411 -41.4 52.172
      vertex -34.818 -41.4 51.467
      vertex -34.818 -42.2 51.467
    endloop
  endfacet
  facet normal -0.866 0 0.5
    outer loop
      vertex -34.411 -41.4 52.172
      vertex -34.818 -42.2 51.467
      vertex -34.411 -42.2 52.172
    endloop
  endfacet
  facet normal 0.866 0 -0.501
    outer loop
      vertex -33.285 -42.2 51.522
      vertex -33.693 -42.2 50.817
      vertex -33.693 -41.4 50.817
    endloop
  endfacet
  facet normal 0.866 0 -0.501
    outer loop
      vertex -33.285 -42.2 51.522
      vertex -33.693 -41.4 50.817
      vertex -33.285 -41.4 51.522
    endloop
  endfacet
  facet normal 0 1 0
    outer loop
      vertex -33.659 -41.4 50.884
      vertex -33.981 -41.4 50.137
      vertex -35.175 -41.4 50.652
    endloop
  endfacet
  facet normal 0 1 0
    outer loop
      vertex -33.659 -41.4 50.884
      vertex -35.175 -41.4 50.652
      vertex -34.852 -41.4 51.399
    endloop
  endfacet
  facet normal 0 -1 0
    outer loop
      vertex -33.981 -42.2 50.137
      vertex -33.659 -42.2 50.884
      vertex -34.852 -42.2 51.399
    endloop
  endfacet
  facet normal 0 -1 0
    outer loop
      vertex -33.981 -42.2 50.137
      vertex -34.852 -42.2 51.399
      vertex -35.175 -42.2 50.652
    endloop
  endfacet
  facet normal 0.396 0 0.918
    outer loop
      vertex -33.659 -42.2 50.884
      vertex -33.659 -41.4 50.884
      vertex -34.852 -41.4 51.399
    endloop
  endfacet
  facet normal 0.396 0 0.918
    outer loop
      vertex -33.659 -42.2 50.884
      vertex -34.852 -41.4 51.399
      vertex -34.852 -42.2 51.399
    endloop
  endfacet
  facet normal -0.396 0 -0.918
    outer loop
      vertex -33.981 -41.4 50.137
      vertex -33.981 -42.2 50.137
      vertex -35.175 -42.2 50.652
    endloop
  endfacet
  facet normal -0.396 0 -0.918
    outer loop
      vertex -33.981 -41.4 50.137
      vertex -35.175 -42.2 50.652
      vertex -35.175 -41.4 50.652
    endloop
  endfacet
  facet normal -0.918 0 0.397
    outer loop
      vertex -34.852 -41.4 51.399
      vertex -35.175 -41.4 50.652
      vertex -35.175 -42.2 50.652
    endloop
  endfacet
  facet normal -0.918 0 0.397
    outer loop
      vertex -34.852 -41.4 51.399
      vertex -35.175 -42.2 50.652
      vertex -34.852 -42.2 51.399
    endloop
  endfacet
  facet normal 0.918 0 -0.396
    outer loop
      vertex -33.659 -42.2 50.884
      vertex -33.981 -42.2 50.137
      vertex -33.981 -41.4 50.137
    endloop
  endfacet
  facet normal 0.918 0 -0.396
    outer loop
      vertex -33.659 -42.2 50.884
      vertex -33.981 -41.4 50.137
      vertex -33.659 -41.4 50.884
    endloop
  endfacet
  facet normal 0 1 0
    outer loop
      vertex -33.955 -41.4 50.208
      vertex -34.189 -41.4 49.428
      vertex -35.434 -41.4 49.801
    endloop
  endfacet
  facet normal 0 1 0
    outer loop
      vertex -33.955 -41.4 50.208
      vertex -35.434 -41.4 49.801
      vertex -35.201 -41.4 50.581
    endloop
  endfacet
  facet normal 0 -1 0
    outer loop
      vertex -34.189 -42.2 49.428
      vertex -33.955 -42.2 50.208
      vertex -35.201 -42.2 50.581
    endloop
  endfacet
  facet normal 0 -1 0
    outer loop
      vertex -34.189 -42.2 49.428
      vertex -35.201 -42.2 50.581
      vertex -35.434 -42.2 49.801
    endloop
  endfacet
  facet normal 0.287 0 0.958
    outer loop
      vertex -33.955 -42.2 50.208
      vertex -33.955 -41.4 50.208
      vertex -35.201 -41.4 50.581
    endloop
  endfacet
  facet normal 0.287 0 0.958
    outer loop
      vertex -33.955 -42.2 50.208
      vertex -35.201 -41.4 50.581
      vertex -35.201 -42.2 50.581
    endloop
  endfacet
  facet normal -0.287 0 -0.958
    outer loop
      vertex -34.189 -41.4 49.428
      vertex -34.189 -42.2 49.428
      vertex -35.434 -42.2 49.801
    endloop
  endfacet
  facet normal -0.287 0 -0.958
    outer loop
      vertex -34.189 -41.4 49.428
      vertex -35.434 -42.2 49.801
      vertex -35.434 -41.4 49.801
    endloop
  endfacet
  facet normal -0.958 0 0.286
    outer loop
      vertex -35.201 -41.4 50.581
      vertex -35.434 -41.4 49.801
      vertex -35.434 -42.2 49.801
    endloop
  endfacet
  facet normal -0.958 0 0.286
    outer loop
      vertex -35.201 -41.4 50.581
      vertex -35.434 -42.2 49.801
      vertex -35.201 -42.2 50.581
    endloop
  endfacet
  facet normal 0.958 0 -0.287
    outer loop
      vertex -33.955 -42.2 50.208
      vertex -34.189 -42.2 49.428
      vertex -34.189 -41.4 49.428
    endloop
  endfacet
  facet normal 0.958 0 -0.287
    outer loop
      vertex -33.955 -42.2 50.208
      vertex -34.189 -41.4 49.428
      vertex -33.955 -41.4 50.208
    endloop
  endfacet
  facet normal 0 1 0
    outer loop
      vertex -34.171 -41.4 49.501
      vertex -34.313 -41.4 48.7
      vertex -35.593 -41.4 48.926
    endloop
  endfacet
  facet normal 0 1 0
    outer loop
      vertex -34.171 -41.4 49.501
      vertex -35.593 -41.4 48.926
      vertex -35.451 -41.4 49.727
    endloop
  endfacet
  facet normal 0 -1 0
    outer loop
      vertex -34.313 -42.2 48.7
      vertex -34.171 -42.2 49.501
      vertex -35.451 -42.2 49.727
    endloop
  endfacet
  facet normal 0 -1 0
    outer loop
      vertex -34.313 -42.2 48.7
      vertex -35.451 -42.2 49.727
      vertex -35.593 -42.2 48.926
    endloop
  endfacet
  facet normal 0.174 0 0.985
    outer loop
      vertex -34.171 -42.2 49.501
      vertex -34.171 -41.4 49.501
      vertex -35.451 -41.4 49.727
    endloop
  endfacet
  facet normal 0.174 0 0.985
    outer loop
      vertex -34.171 -42.2 49.501
      vertex -35.451 -41.4 49.727
      vertex -35.451 -42.2 49.727
    endloop
  endfacet
  facet normal -0.174 0 -0.985
    outer loop
      vertex -34.313 -41.4 48.7
      vertex -34.313 -42.2 48.7
      vertex -35.593 -42.2 48.926
    endloop
  endfacet
  facet normal -0.174 0 -0.985
    outer loop
      vertex -34.313 -41.4 48.7
      vertex -35.593 -42.2 48.926
      vertex -35.593 -41.4 48.926
    endloop
  endfacet
  facet normal -0.985 0 0.175
    outer loop
      vertex -35.451 -41.4 49.727
      vertex -35.593 -41.4 48.926
      vertex -35.593 -42.2 48.926
    endloop
  endfacet
  facet normal -0.985 0 0.175
    outer loop
      vertex -35.451 -41.4 49.727
      vertex -35.593 -42.2 48.926
      vertex -35.451 -42.2 49.727
    endloop
  endfacet
  facet normal 0.985 0 -0.175
    outer loop
      vertex -34.171 -42.2 49.501
      vertex -34.313 -42.2 48.7
      vertex -34.313 -41.4 48.7
    endloop
  endfacet
  facet normal 0.985 0 -0.175
    outer loop
      vertex -34.171 -42.2 49.501
      vertex -34.313 -41.4 48.7
      vertex -34.171 -41.4 49.501
    endloop
  endfacet
  facet normal 0 1 0
    outer loop
      vertex -34.304 -41.4 48.775
      vertex -34.351 -41.4 47.962
      vertex -35.649 -41.4 48.038
    endloop
  endfacet
  facet normal 0 1 0
    outer loop
      vertex -34.304 -41.4 48.775
      vertex -35.649 -41.4 48.038
      vertex -35.602 -41.4 48.85
    endloop
  endfacet
  facet normal 0 -1 0
    outer loop
      vertex -34.351 -42.2 47.962
      vertex -34.304 -42.2 48.775
      vertex -35.602 -42.2 48.85
    endloop
  endfacet
  facet normal 0 -1 0
    outer loop
      vertex -34.351 -42.2 47.962
      vertex -35.602 -42.2 48.85
      vertex -35.649 -42.2 48.038
    endloop
  endfacet
  facet normal 0.058 0 0.998
    outer loop
      vertex -34.304 -42.2 48.775
      vertex -34.304 -41.4 48.775
      vertex -35.602 -41.4 48.85
    endloop
  endfacet
  facet normal 0.058 0 0.998
    outer loop
      vertex -34.304 -42.2 48.775
      vertex -35.602 -41.4 48.85
      vertex -35.602 -42.2 48.85
    endloop
  endfacet
  facet normal -0.058 0 -0.998
    outer loop
      vertex -34.351 -41.4 47.962
      vertex -34.351 -42.2 47.962
      vertex -35.649 -42.2 48.038
    endloop
  endfacet
  facet normal -0.058 0 -0.998
    outer loop
      vertex -34.351 -41.4 47.962
      vertex -35.649 -42.2 48.038
      vertex -35.649 -41.4 48.038
    endloop
  endfacet
  facet normal -0.998 0 0.058
    outer loop
      vertex -35.602 -41.4 48.85
      vertex -35.649 -41.4 48.038
      vertex -35.649 -42.2 48.038
    endloop
  endfacet
  facet normal -0.998 0 0.058
    outer loop
      vertex -35.602 -41.4 48.85
      vertex -35.649 -42.2 48.038
      vertex -35.602 -42.2 48.85
    endloop
  endfacet
  facet normal 0.998 0 -0.058
    outer loop
      vertex -34.304 -42.2 48.775
      vertex -34.351 -42.2 47.962
      vertex -34.351 -41.4 47.962
    endloop
  endfacet
  facet normal 0.998 0 -0.058
    outer loop
      vertex -34.304 -42.2 48.775
      vertex -34.351 -41.4 47.962
      vertex -34.304 -41.4 48.775
    endloop
  endfacet
  facet normal 0 1 0
    outer loop
      vertex -34.351 -41.4 48.038
      vertex -34.304 -41.4 47.225
      vertex -35.602 -41.4 47.15
    endloop
  endfacet
  facet normal 0 1 0
    outer loop
      vertex -34.351 -41.4 48.038
      vertex -35.602 -41.4 47.15
      vertex -35.649 -41.4 47.962
    endloop
  endfacet
  facet normal 0 -1 0
    outer loop
      vertex -34.304 -42.2 47.225
      vertex -34.351 -42.2 48.038
      vertex -35.649 -42.2 47.962
    endloop
  endfacet
  facet normal 0 -1 0
    outer loop
      vertex -34.304 -42.2 47.225
      vertex -35.649 -42.2 47.962
      vertex -35.602 -42.2 47.15
    endloop
  endfacet
  facet normal -0.058 0 0.998
    outer loop
      vertex -34.351 -42.2 48.038
      vertex -34.351 -41.4 48.038
      vertex -35.649 -41.4 47.962
    endloop
  endfacet
  facet normal -0.058 0 0.998
    outer loop
      vertex -34.351 -42.2 48.038
      vertex -35.649 -41.4 47.962
      vertex -35.649 -42.2 47.962
    endloop
  endfacet
  facet normal 0.058 0 -0.998
    outer loop
      vertex -34.304 -41.4 47.225
      vertex -34.304 -42.2 47.225
      vertex -35.602 -42.2 47.15
    endloop
  endfacet
  facet normal 0.058 0 -0.998
    outer loop
      vertex -34.304 -41.4 47.225
      vertex -35.602 -42.2 47.15
      vertex -35.602 -41.4 47.15
    endloop
  endfacet
  facet normal -0.998 0 -0.058
    outer loop
      vertex -35.649 -41.4 47.962
      vertex -35.602 -41.4 47.15
      vertex -35.602 -42.2 47.15
    endloop
  endfacet
  facet normal -0.998 0 -0.058
    outer loop
      vertex -35.649 -41.4 47.962
      vertex -35.602 -42.2 47.15
      vertex -35.649 -42.2 47.962
    endloop
  endfacet
  facet normal 0.998 0 0.058
    outer loop
      vertex -34.351 -42.2 48.038
      vertex -34.304 -42.2 47.225
      vertex -34.304 -41.4 47.225
    endloop
  endfacet
  facet normal 0.998 0 0.058
    outer loop
      vertex -34.351 -42.2 48.038
      vertex -34.304 -41.4 47.225
      vertex -34.351 -41.4 48.038
    endloop
  endfacet
  facet normal 0 1 0
    outer loop
      vertex -34.313 -41.4 47.3
      vertex -34.171 -41.4 46.499
      vertex -35.451 -41.4 46.273
    endloop
  endfacet
  facet normal 0 1 0
    outer loop
      vertex -34.313 -41.4 47.3
      vertex -35.451 -41.4 46.273
      vertex -35.593 -41.4 47.074
    endloop
  endfacet
  facet normal 0 -1 0
    outer loop
      vertex -34.171 -42.2 46.499
      vertex -34.313 -42.2 47.3
      vertex -35.593 -42.2 47.074
    endloop
  endfacet
  facet normal 0 -1 0
    outer loop
      vertex -34.171 -42.2 46.499
      vertex -35.593 -42.2 47.074
      vertex -35.451 -42.2 46.273
    endloop
  endfacet
  facet normal -0.174 0 0.985
    outer loop
      vertex -34.313 -42.2 47.3
      vertex -34.313 -41.4 47.3
      vertex -35.593 -41.4 47.074
    endloop
  endfacet
  facet normal -0.174 0 0.985
    outer loop
      vertex -34.313 -42.2 47.3
      vertex -35.593 -41.4 47.074
      vertex -35.593 -42.2 47.074
    endloop
  endfacet
  facet normal 0.174 0 -0.985
    outer loop
      vertex -34.171 -41.4 46.499
      vertex -34.171 -42.2 46.499
      vertex -35.451 -42.2 46.273
    endloop
  endfacet
  facet normal 0.174 0 -0.985
    outer loop
      vertex -34.171 -41.4 46.499
      vertex -35.451 -42.2 46.273
      vertex -35.451 -41.4 46.273
    endloop
  endfacet
  facet normal -0.985 0 -0.175
    outer loop
      vertex -35.593 -41.4 47.074
      vertex -35.451 -41.4 46.273
      vertex -35.451 -42.2 46.273
    endloop
  endfacet
  facet normal -0.985 0 -0.175
    outer loop
      vertex -35.593 -41.4 47.074
      vertex -35.451 -42.2 46.273
      vertex -35.593 -42.2 47.074
    endloop
  endfacet
  facet normal 0.985 0 0.175
    outer loop
      vertex -34.313 -42.2 47.3
      vertex -34.171 -42.2 46.499
      vertex -34.171 -41.4 46.499
    endloop
  endfacet
  facet normal 0.985 0 0.175
    outer loop
      vertex -34.313 -42.2 47.3
      vertex -34.171 -41.4 46.499
      vertex -34.313 -41.4 47.3
    endloop
  endfacet
  facet normal 0 1 0
    outer loop
      vertex -34.189 -41.4 46.572
      vertex -33.955 -41.4 45.792
      vertex -35.201 -41.4 45.419
    endloop
  endfacet
  facet normal 0 1 0
    outer loop
      vertex -34.189 -41.4 46.572
      vertex -35.201 -41.4 45.419
      vertex -35.434 -41.4 46.199
    endloop
  endfacet
  facet normal 0 -1 0
    outer loop
      vertex -33.955 -42.2 45.792
      vertex -34.189 -42.2 46.572
      vertex -35.434 -42.2 46.199
    endloop
  endfacet
  facet normal 0 -1 0
    outer loop
      vertex -33.955 -42.2 45.792
      vertex -35.434 -42.2 46.199
      vertex -35.201 -42.2 45.419
    endloop
  endfacet
  facet normal -0.287 0 0.958
    outer loop
      vertex -34.189 -42.2 46.572
      vertex -34.189 -41.4 46.572
      vertex -35.434 -41.4 46.199
    endloop
  endfacet
  facet normal -0.287 0 0.958
    outer loop
      vertex -34.189 -42.2 46.572
      vertex -35.434 -41.4 46.199
      vertex -35.434 -42.2 46.199
    endloop
  endfacet
  facet normal 0.287 0 -0.958
    outer loop
      vertex -33.955 -41.4 45.792
      vertex -33.955 -42.2 45.792
      vertex -35.201 -42.2 45.419
    endloop
  endfacet
  facet normal 0.287 0 -0.958
    outer loop
      vertex -33.955 -41.4 45.792
      vertex -35.201 -42.2 45.419
      vertex -35.201 -41.4 45.419
    endloop
  endfacet
  facet normal -0.958 0 -0.286
    outer loop
      vertex -35.434 -41.4 46.199
      vertex -35.201 -41.4 45.419
      vertex -35.201 -42.2 45.419
    endloop
  endfacet
  facet normal -0.958 0 -0.286
    outer loop
      vertex -35.434 -41.4 46.199
      vertex -35.201 -42.2 45.419
      vertex -35.434 -42.2 46.199
    endloop
  endfacet
  facet normal 0.958 0 0.287
    outer loop
      vertex -34.189 -42.2 46.572
      vertex -33.955 -42.2 45.792
      vertex -33.955 -41.4 45.792
    endloop
  endfacet
  facet normal 0.958 0 0.287
    outer loop
      vertex -34.189 -42.2 46.572
      vertex -33.955 -41.4 45.792
      vertex -34.189 -41.4 46.572
    endloop
  endfacet
  facet normal 0 1 0
    outer loop
      vertex -33.981 -41.4 45.863
      vertex -33.659 -41.4 45.116
      vertex -34.852 -41.4 44.601
    endloop
  endfacet
  facet normal 0 1 0
    outer loop
      vertex -33.981 -41.4 45.863
      vertex -34.852 -41.4 44.601
      vertex -35.175 -41.4 45.348
    endloop
  endfacet
  facet normal 0 -1 0
    outer loop
      vertex -33.659 -42.2 45.116
      vertex -33.981 -42.2 45.863
      vertex -35.175 -42.2 45.348
    endloop
  endfacet
  facet normal 0 -1 0
    outer loop
      vertex -33.659 -42.2 45.116
      vertex -35.175 -42.2 45.348
      vertex -34.852 -42.2 44.601
    endloop
  endfacet
  facet normal -0.396 0 0.918
    outer loop
      vertex -33.981 -42.2 45.863
      vertex -33.981 -41.4 45.863
      vertex -35.175 -41.4 45.348
    endloop
  endfacet
  facet normal -0.396 0 0.918
    outer loop
      vertex -33.981 -42.2 45.863
      vertex -35.175 -41.4 45.348
      vertex -35.175 -42.2 45.348
    endloop
  endfacet
  facet normal 0.396 0 -0.918
    outer loop
      vertex -33.659 -41.4 45.116
      vertex -33.659 -42.2 45.116
      vertex -34.852 -42.2 44.601
    endloop
  endfacet
  facet normal 0.396 0 -0.918
    outer loop
      vertex -33.659 -41.4 45.116
      vertex -34.852 -42.2 44.601
      vertex -34.852 -41.4 44.601
    endloop
  endfacet
  facet normal -0.918 0 -0.397
    outer loop
      vertex -35.175 -41.4 45.348
      vertex -34.852 -41.4 44.601
      vertex -34.852 -42.2 44.601
    endloop
  endfacet
  facet normal -0.918 0 -0.397
    outer loop
      vertex -35.175 -41.4 45.348
      vertex -34.852 -42.2 44.601
      vertex -35.175 -42.2 45.348
    endloop
  endfacet
  facet normal 0.918 0 0.396
    outer loop
      vertex -33.981 -42.2 45.863
      vertex -33.659 -42.2 45.116
      vertex -33.659 -41.4 45.116
    endloop
  endfacet
  facet normal 0.918 0 0.396
    outer loop
      vertex -33.981 -42.2 45.863
      vertex -33.659 -41.4 45.116
      vertex -33.981 -41.4 45.863
    endloop
  endfacet
  facet normal 0 1 0
    outer loop
      vertex -33.693 -41.4 45.183
      vertex -33.285 -41.4 44.478
      vertex -34.411 -41.4 43.828
    endloop
  endfacet
  facet normal 0 1 0
    outer loop
      vertex -33.693 -41.4 45.183
      vertex -34.411 -41.4 43.828
      vertex -34.818 -41.4 44.533
    endloop
  endfacet
  facet normal 0 -1 0
    outer loop
      vertex -33.285 -42.2 44.478
      vertex -33.693 -42.2 45.183
      vertex -34.818 -42.2 44.533
    endloop
  endfacet
  facet normal 0 -1 0
    outer loop
      vertex -33.285 -42.2 44.478
      vertex -34.818 -42.2 44.533
      vertex -34.411 -42.2 43.828
    endloop
  endfacet
  facet normal -0.5 0 0.866
    outer loop
      vertex -33.693 -42.2 45.183
      vertex -33.693 -41.4 45.183
      vertex -34.818 -41.4 44.533
    endloop
  endfacet
  facet normal -0.5 0 0.866
    outer loop
      vertex -33.693 -42.2 45.183
      vertex -34.818 -41.4 44.533
      vertex -34.818 -42.2 44.533
    endloop
  endfacet
  facet normal 0.5 0 -0.866
    outer loop
      vertex -33.285 -41.4 44.478
      vertex -33.285 -42.2 44.478
      vertex -34.411 -42.2 43.828
    endloop
  endfacet
  facet normal 0.5 0 -0.866
    outer loop
      vertex -33.285 -41.4 44.478
      vertex -34.411 -42.2 43.828
      vertex -34.411 -41.4 43.828
    endloop
  endfacet
  facet normal -0.866 0 -0.5
    outer loop
      vertex -34.818 -41.4 44.533
      vertex -34.411 -41.4 43.828
      vertex -34.411 -42.2 43.828
    endloop
  endfacet
  facet normal -0.866 0 -0.5
    outer loop
      vertex -34.818 -41.4 44.533
      vertex -34.411 -42.2 43.828
      vertex -34.818 -42.2 44.533
    endloop
  endfacet
  facet normal 0.866 0 0.501
    outer loop
      vertex -33.693 -42.2 45.183
      vertex -33.285 -42.2 44.478
      vertex -33.285 -41.4 44.478
    endloop
  endfacet
  facet normal 0.866 0 0.501
    outer loop
      vertex -33.693 -42.2 45.183
      vertex -33.285 -41.4 44.478
      vertex -33.693 -41.4 45.183
    endloop
  endfacet
  facet normal 0 1 0
    outer loop
      vertex -33.327 -41.4 44.542
      vertex -32.841 -41.4 43.889
      vertex -33.884 -41.4 43.112
    endloop
  endfacet
  facet normal 0 1 0
    outer loop
      vertex -33.327 -41.4 44.542
      vertex -33.884 -41.4 43.112
      vertex -34.37 -41.4 43.765
    endloop
  endfacet
  facet normal 0 -1 0
    outer loop
      vertex -32.841 -42.2 43.889
      vertex -33.327 -42.2 44.542
      vertex -34.37 -42.2 43.765
    endloop
  endfacet
  facet normal 0 -1 0
    outer loop
      vertex -32.841 -42.2 43.889
      vertex -34.37 -42.2 43.765
      vertex -33.884 -42.2 43.112
    endloop
  endfacet
  facet normal -0.597 0 0.802
    outer loop
      vertex -33.327 -42.2 44.542
      vertex -33.327 -41.4 44.542
      vertex -34.37 -41.4 43.765
    endloop
  endfacet
  facet normal -0.597 0 0.802
    outer loop
      vertex -33.327 -42.2 44.542
      vertex -34.37 -41.4 43.765
      vertex -34.37 -42.2 43.765
    endloop
  endfacet
  facet normal 0.597 0 -0.802
    outer loop
      vertex -32.841 -41.4 43.889
      vertex -32.841 -42.2 43.889
      vertex -33.884 -42.2 43.112
    endloop
  endfacet
  facet normal 0.597 0 -0.802
    outer loop
      vertex -32.841 -41.4 43.889
      vertex -33.884 -42.2 43.112
      vertex -33.884 -41.4 43.112
    endloop
  endfacet
  facet normal -0.802 0 -0.597
    outer loop
      vertex -34.37 -41.4 43.765
      vertex -33.884 -41.4 43.112
      vertex -33.884 -42.2 43.112
    endloop
  endfacet
  facet normal -0.802 0 -0.597
    outer loop
      vertex -34.37 -41.4 43.765
      vertex -33.884 -42.2 43.112
      vertex -34.37 -42.2 43.765
    endloop
  endfacet
  facet normal 0.802 0 0.597
    outer loop
      vertex -33.327 -42.2 44.542
      vertex -32.841 -42.2 43.889
      vertex -32.841 -41.4 43.889
    endloop
  endfacet
  facet normal 0.802 0 0.597
    outer loop
      vertex -33.327 -42.2 44.542
      vertex -32.841 -41.4 43.889
      vertex -33.327 -41.4 44.542
    endloop
  endfacet
  facet normal 0 1 0
    outer loop
      vertex -32.89 -41.4 43.947
      vertex -32.331 -41.4 43.354
      vertex -33.276 -41.4 42.462
    endloop
  endfacet
  facet normal 0 1 0
    outer loop
      vertex -32.89 -41.4 43.947
      vertex -33.276 -41.4 42.462
      vertex -33.835 -41.4 43.054
    endloop
  endfacet
  facet normal 0 -1 0
    outer loop
      vertex -32.331 -42.2 43.354
      vertex -32.89 -42.2 43.947
      vertex -33.835 -42.2 43.054
    endloop
  endfacet
  facet normal 0 -1 0
    outer loop
      vertex -32.331 -42.2 43.354
      vertex -33.835 -42.2 43.054
      vertex -33.276 -42.2 42.462
    endloop
  endfacet
  facet normal -0.687 0 0.727
    outer loop
      vertex -32.89 -42.2 43.947
      vertex -32.89 -41.4 43.947
      vertex -33.835 -41.4 43.054
    endloop
  endfacet
  facet normal -0.687 0 0.727
    outer loop
      vertex -32.89 -42.2 43.947
      vertex -33.835 -41.4 43.054
      vertex -33.835 -42.2 43.054
    endloop
  endfacet
  facet normal 0.686 0 -0.727
    outer loop
      vertex -32.331 -41.4 43.354
      vertex -32.331 -42.2 43.354
      vertex -33.276 -42.2 42.462
    endloop
  endfacet
  facet normal 0.686 0 -0.727
    outer loop
      vertex -32.331 -41.4 43.354
      vertex -33.276 -42.2 42.462
      vertex -33.276 -41.4 42.462
    endloop
  endfacet
  facet normal -0.727 0 -0.687
    outer loop
      vertex -33.835 -41.4 43.054
      vertex -33.276 -41.4 42.462
      vertex -33.276 -42.2 42.462
    endloop
  endfacet
  facet normal -0.727 0 -0.687
    outer loop
      vertex -33.835 -41.4 43.054
      vertex -33.276 -42.2 42.462
      vertex -33.835 -42.2 43.054
    endloop
  endfacet
  facet normal 0.728 0 0.686
    outer loop
      vertex -32.89 -42.2 43.947
      vertex -32.331 -42.2 43.354
      vertex -32.331 -41.4 43.354
    endloop
  endfacet
  facet normal 0.728 0 0.686
    outer loop
      vertex -32.89 -42.2 43.947
      vertex -32.331 -41.4 43.354
      vertex -32.89 -41.4 43.947
    endloop
  endfacet
  facet normal 0 1 0
    outer loop
      vertex -32.386 -41.4 43.406
      vertex -31.762 -41.4 42.883
      vertex -32.598 -41.4 41.887
    endloop
  endfacet
  facet normal 0 1 0
    outer loop
      vertex -32.386 -41.4 43.406
      vertex -32.598 -41.4 41.887
      vertex -33.222 -41.4 42.41
    endloop
  endfacet
  facet normal 0 -1 0
    outer loop
      vertex -31.762 -42.2 42.883
      vertex -32.386 -42.2 43.406
      vertex -33.222 -42.2 42.41
    endloop
  endfacet
  facet normal 0 -1 0
    outer loop
      vertex -31.762 -42.2 42.883
      vertex -33.222 -42.2 42.41
      vertex -32.598 -42.2 41.887
    endloop
  endfacet
  facet normal -0.766 0 0.643
    outer loop
      vertex -32.386 -42.2 43.406
      vertex -32.386 -41.4 43.406
      vertex -33.222 -41.4 42.41
    endloop
  endfacet
  facet normal -0.766 0 0.643
    outer loop
      vertex -32.386 -42.2 43.406
      vertex -33.222 -41.4 42.41
      vertex -33.222 -42.2 42.41
    endloop
  endfacet
  facet normal 0.766 0 -0.643
    outer loop
      vertex -31.762 -41.4 42.883
      vertex -31.762 -42.2 42.883
      vertex -32.598 -42.2 41.887
    endloop
  endfacet
  facet normal 0.766 0 -0.643
    outer loop
      vertex -31.762 -41.4 42.883
      vertex -32.598 -42.2 41.887
      vertex -32.598 -41.4 41.887
    endloop
  endfacet
  facet normal -0.642 0 -0.766
    outer loop
      vertex -33.222 -41.4 42.41
      vertex -32.598 -41.4 41.887
      vertex -32.598 -42.2 41.887
    endloop
  endfacet
  facet normal -0.642 0 -0.766
    outer loop
      vertex -33.222 -41.4 42.41
      vertex -32.598 -42.2 41.887
      vertex -33.222 -42.2 42.41
    endloop
  endfacet
  facet normal 0.642 0 0.766
    outer loop
      vertex -32.386 -42.2 43.406
      vertex -31.762 -42.2 42.883
      vertex -31.762 -41.4 42.883
    endloop
  endfacet
  facet normal 0.642 0 0.766
    outer loop
      vertex -32.386 -42.2 43.406
      vertex -31.762 -41.4 42.883
      vertex -32.386 -41.4 43.406
    endloop
  endfacet
  facet normal 0 1 0
    outer loop
      vertex -31.823 -41.4 42.928
      vertex -31.143 -41.4 42.481
      vertex -31.857 -41.4 41.395
    endloop
  endfacet
  facet normal 0 1 0
    outer loop
      vertex -31.823 -41.4 42.928
      vertex -31.857 -41.4 41.395
      vertex -32.537 -41.4 41.842
    endloop
  endfacet
  facet normal 0 -1 0
    outer loop
      vertex -31.143 -42.2 42.481
      vertex -31.823 -42.2 42.928
      vertex -32.537 -42.2 41.842
    endloop
  endfacet
  facet normal 0 -1 0
    outer loop
      vertex -31.143 -42.2 42.481
      vertex -32.537 -42.2 41.842
      vertex -31.857 -42.2 41.395
    endloop
  endfacet
  facet normal -0.836 0 0.549
    outer loop
      vertex -31.823 -42.2 42.928
      vertex -31.823 -41.4 42.928
      vertex -32.537 -41.4 41.842
    endloop
  endfacet
  facet normal -0.836 0 0.549
    outer loop
      vertex -31.823 -42.2 42.928
      vertex -32.537 -41.4 41.842
      vertex -32.537 -42.2 41.842
    endloop
  endfacet
  facet normal 0.836 0 -0.549
    outer loop
      vertex -31.143 -41.4 42.481
      vertex -31.143 -42.2 42.481
      vertex -31.857 -42.2 41.395
    endloop
  endfacet
  facet normal 0.836 0 -0.549
    outer loop
      vertex -31.143 -41.4 42.481
      vertex -31.857 -42.2 41.395
      vertex -31.857 -41.4 41.395
    endloop
  endfacet
  facet normal -0.549 0 -0.836
    outer loop
      vertex -32.537 -41.4 41.842
      vertex -31.857 -41.4 41.395
      vertex -31.857 -42.2 41.395
    endloop
  endfacet
  facet normal -0.549 0 -0.836
    outer loop
      vertex -32.537 -41.4 41.842
      vertex -31.857 -42.2 41.395
      vertex -32.537 -42.2 41.842
    endloop
  endfacet
  facet normal 0.549 0 0.836
    outer loop
      vertex -31.823 -42.2 42.928
      vertex -31.143 -42.2 42.481
      vertex -31.143 -41.4 42.481
    endloop
  endfacet
  facet normal 0.549 0 0.836
    outer loop
      vertex -31.823 -42.2 42.928
      vertex -31.143 -41.4 42.481
      vertex -31.823 -41.4 42.928
    endloop
  endfacet
  facet normal 0 1 0
    outer loop
      vertex -33.643 -41.4 57.849
      vertex -34.809 -41.4 57.082
      vertex -35.523 -41.4 58.169
    endloop
  endfacet
  facet normal 0 1 0
    outer loop
      vertex -33.643 -41.4 57.849
      vertex -35.523 -41.4 58.169
      vertex -34.357 -41.4 58.935
    endloop
  endfacet
  facet normal 0 -1 0
    outer loop
      vertex -34.809 -42.2 57.082
      vertex -33.643 -42.2 57.849
      vertex -34.357 -42.2 58.935
    endloop
  endfacet
  facet normal 0 -1 0
    outer loop
      vertex -34.809 -42.2 57.082
      vertex -34.357 -42.2 58.935
      vertex -35.523 -42.2 58.169
    endloop
  endfacet
  facet normal 0.836 0 0.549
    outer loop
      vertex -33.643 -42.2 57.849
      vertex -33.643 -41.4 57.849
      vertex -34.357 -41.4 58.935
    endloop
  endfacet
  facet normal 0.836 0 0.549
    outer loop
      vertex -33.643 -42.2 57.849
      vertex -34.357 -41.4 58.935
      vertex -34.357 -42.2 58.935
    endloop
  endfacet
  facet normal -0.836 0 -0.549
    outer loop
      vertex -34.809 -41.4 57.082
      vertex -34.809 -42.2 57.082
      vertex -35.523 -42.2 58.169
    endloop
  endfacet
  facet normal -0.836 0 -0.549
    outer loop
      vertex -34.809 -41.4 57.082
      vertex -35.523 -42.2 58.169
      vertex -35.523 -41.4 58.169
    endloop
  endfacet
  facet normal -0.549 0 0.836
    outer loop
      vertex -34.357 -41.4 58.935
      vertex -35.523 -41.4 58.169
      vertex -35.523 -42.2 58.169
    endloop
  endfacet
  facet normal -0.549 0 0.836
    outer loop
      vertex -34.357 -41.4 58.935
      vertex -35.523 -42.2 58.169
      vertex -34.357 -42.2 58.935
    endloop
  endfacet
  facet normal 0.55 0 -0.835
    outer loop
      vertex -33.643 -42.2 57.849
      vertex -34.809 -42.2 57.082
      vertex -34.809 -41.4 57.082
    endloop
  endfacet
  facet normal 0.55 0 -0.835
    outer loop
      vertex -33.643 -42.2 57.849
      vertex -34.809 -41.4 57.082
      vertex -33.643 -41.4 57.849
    endloop
  endfacet
  facet normal 0 1 0
    outer loop
      vertex -34.748 -41.4 57.128
      vertex -35.817 -41.4 56.231
      vertex -36.653 -41.4 57.226
    endloop
  endfacet
  facet normal 0 1 0
    outer loop
      vertex -34.748 -41.4 57.128
      vertex -36.653 -41.4 57.226
      vertex -35.584 -41.4 58.123
    endloop
  endfacet
  facet normal 0 -1 0
    outer loop
      vertex -35.817 -42.2 56.231
      vertex -34.748 -42.2 57.128
      vertex -35.584 -42.2 58.123
    endloop
  endfacet
  facet normal 0 -1 0
    outer loop
      vertex -35.817 -42.2 56.231
      vertex -35.584 -42.2 58.123
      vertex -36.653 -42.2 57.226
    endloop
  endfacet
  facet normal 0.766 0 0.643
    outer loop
      vertex -34.748 -42.2 57.128
      vertex -34.748 -41.4 57.128
      vertex -35.584 -41.4 58.123
    endloop
  endfacet
  facet normal 0.766 0 0.643
    outer loop
      vertex -34.748 -42.2 57.128
      vertex -35.584 -41.4 58.123
      vertex -35.584 -42.2 58.123
    endloop
  endfacet
  facet normal -0.766 0 -0.643
    outer loop
      vertex -35.817 -41.4 56.231
      vertex -35.817 -42.2 56.231
      vertex -36.653 -42.2 57.226
    endloop
  endfacet
  facet normal -0.766 0 -0.643
    outer loop
      vertex -35.817 -41.4 56.231
      vertex -36.653 -42.2 57.226
      vertex -36.653 -41.4 57.226
    endloop
  endfacet
  facet normal -0.643 0 0.766
    outer loop
      vertex -35.584 -41.4 58.123
      vertex -36.653 -41.4 57.226
      vertex -36.653 -42.2 57.226
    endloop
  endfacet
  facet normal -0.643 0 0.766
    outer loop
      vertex -35.584 -41.4 58.123
      vertex -36.653 -42.2 57.226
      vertex -35.584 -42.2 58.123
    endloop
  endfacet
  facet normal 0.643 0 -0.766
    outer loop
      vertex -34.748 -42.2 57.128
      vertex -35.817 -42.2 56.231
      vertex -35.817 -41.4 56.231
    endloop
  endfacet
  facet normal 0.643 0 -0.766
    outer loop
      vertex -34.748 -42.2 57.128
      vertex -35.817 -41.4 56.231
      vertex -34.748 -41.4 57.128
    endloop
  endfacet
  facet normal 0 1 0
    outer loop
      vertex -35.762 -41.4 56.282
      vertex -36.72 -41.4 55.267
      vertex -37.665 -41.4 56.16
    endloop
  endfacet
  facet normal 0 1 0
    outer loop
      vertex -35.762 -41.4 56.282
      vertex -37.665 -41.4 56.16
      vertex -36.708 -41.4 57.175
    endloop
  endfacet
  facet normal 0 -1 0
    outer loop
      vertex -36.72 -42.2 55.267
      vertex -35.762 -42.2 56.282
      vertex -36.708 -42.2 57.175
    endloop
  endfacet
  facet normal 0 -1 0
    outer loop
      vertex -36.72 -42.2 55.267
      vertex -36.708 -42.2 57.175
      vertex -37.665 -42.2 56.16
    endloop
  endfacet
  facet normal 0.686 0 0.727
    outer loop
      vertex -35.762 -42.2 56.282
      vertex -35.762 -41.4 56.282
      vertex -36.708 -41.4 57.175
    endloop
  endfacet
  facet normal 0.686 0 0.727
    outer loop
      vertex -35.762 -42.2 56.282
      vertex -36.708 -41.4 57.175
      vertex -36.708 -42.2 57.175
    endloop
  endfacet
  facet normal -0.687 0 -0.727
    outer loop
      vertex -36.72 -41.4 55.267
      vertex -36.72 -42.2 55.267
      vertex -37.665 -42.2 56.16
    endloop
  endfacet
  facet normal -0.687 0 -0.727
    outer loop
      vertex -36.72 -41.4 55.267
      vertex -37.665 -42.2 56.16
      vertex -37.665 -41.4 56.16
    endloop
  endfacet
  facet normal -0.728 0 0.686
    outer loop
      vertex -36.708 -41.4 57.175
      vertex -37.665 -41.4 56.16
      vertex -37.665 -42.2 56.16
    endloop
  endfacet
  facet normal -0.728 0 0.686
    outer loop
      vertex -36.708 -41.4 57.175
      vertex -37.665 -42.2 56.16
      vertex -36.708 -42.2 57.175
    endloop
  endfacet
  facet normal 0.727 0 -0.686
    outer loop
      vertex -35.762 -42.2 56.282
      vertex -36.72 -42.2 55.267
      vertex -36.72 -41.4 55.267
    endloop
  endfacet
  facet normal 0.727 0 -0.686
    outer loop
      vertex -35.762 -42.2 56.282
      vertex -36.72 -41.4 55.267
      vertex -35.762 -41.4 56.282
    endloop
  endfacet
  facet normal 0 1 0
    outer loop
      vertex -36.671 -41.4 55.325
      vertex -37.504 -41.4 54.206
      vertex -38.547 -41.4 54.982
    endloop
  endfacet
  facet normal 0 1 0
    outer loop
      vertex -36.671 -41.4 55.325
      vertex -38.547 -41.4 54.982
      vertex -37.714 -41.4 56.102
    endloop
  endfacet
  facet normal 0 -1 0
    outer loop
      vertex -37.504 -42.2 54.206
      vertex -36.671 -42.2 55.325
      vertex -37.714 -42.2 56.102
    endloop
  endfacet
  facet normal 0 -1 0
    outer loop
      vertex -37.504 -42.2 54.206
      vertex -37.714 -42.2 56.102
      vertex -38.547 -42.2 54.982
    endloop
  endfacet
  facet normal 0.597 0 0.802
    outer loop
      vertex -36.671 -42.2 55.325
      vertex -36.671 -41.4 55.325
      vertex -37.714 -41.4 56.102
    endloop
  endfacet
  facet normal 0.597 0 0.802
    outer loop
      vertex -36.671 -42.2 55.325
      vertex -37.714 -41.4 56.102
      vertex -37.714 -42.2 56.102
    endloop
  endfacet
  facet normal -0.597 0 -0.802
    outer loop
      vertex -37.504 -41.4 54.206
      vertex -37.504 -42.2 54.206
      vertex -38.547 -42.2 54.982
    endloop
  endfacet
  facet normal -0.597 0 -0.802
    outer loop
      vertex -37.504 -41.4 54.206
      vertex -38.547 -42.2 54.982
      vertex -38.547 -41.4 54.982
    endloop
  endfacet
  facet normal -0.802 0 0.597
    outer loop
      vertex -37.714 -41.4 56.102
      vertex -38.547 -41.4 54.982
      vertex -38.547 -42.2 54.982
    endloop
  endfacet
  facet normal -0.802 0 0.597
    outer loop
      vertex -37.714 -41.4 56.102
      vertex -38.547 -42.2 54.982
      vertex -37.714 -42.2 56.102
    endloop
  endfacet
  facet normal 0.802 0 -0.597
    outer loop
      vertex -36.671 -42.2 55.325
      vertex -37.504 -42.2 54.206
      vertex -37.504 -41.4 54.206
    endloop
  endfacet
  facet normal 0.802 0 -0.597
    outer loop
      vertex -36.671 -42.2 55.325
      vertex -37.504 -41.4 54.206
      vertex -36.671 -41.4 55.325
    endloop
  endfacet
  facet normal 0 1 0
    outer loop
      vertex -37.463 -41.4 54.269
      vertex -38.161 -41.4 53.061
      vertex -39.287 -41.4 53.711
    endloop
  endfacet
  facet normal 0 1 0
    outer loop
      vertex -37.463 -41.4 54.269
      vertex -39.287 -41.4 53.711
      vertex -38.589 -41.4 54.919
    endloop
  endfacet
  facet normal 0 -1 0
    outer loop
      vertex -38.161 -42.2 53.061
      vertex -37.463 -42.2 54.269
      vertex -38.589 -42.2 54.919
    endloop
  endfacet
  facet normal 0 -1 0
    outer loop
      vertex -38.161 -42.2 53.061
      vertex -38.589 -42.2 54.919
      vertex -39.287 -42.2 53.711
    endloop
  endfacet
  facet normal 0.5 0 0.866
    outer loop
      vertex -37.463 -42.2 54.269
      vertex -37.463 -41.4 54.269
      vertex -38.589 -41.4 54.919
    endloop
  endfacet
  facet normal 0.5 0 0.866
    outer loop
      vertex -37.463 -42.2 54.269
      vertex -38.589 -41.4 54.919
      vertex -38.589 -42.2 54.919
    endloop
  endfacet
  facet normal -0.5 0 -0.866
    outer loop
      vertex -38.161 -41.4 53.061
      vertex -38.161 -42.2 53.061
      vertex -39.287 -42.2 53.711
    endloop
  endfacet
  facet normal -0.5 0 -0.866
    outer loop
      vertex -38.161 -41.4 53.061
      vertex -39.287 -42.2 53.711
      vertex -39.287 -41.4 53.711
    endloop
  endfacet
  facet normal -0.866 0 0.5
    outer loop
      vertex -38.589 -41.4 54.919
      vertex -39.287 -41.4 53.711
      vertex -39.287 -42.2 53.711
    endloop
  endfacet
  facet normal -0.866 0 0.5
    outer loop
      vertex -38.589 -41.4 54.919
      vertex -39.287 -42.2 53.711
      vertex -38.589 -42.2 54.919
    endloop
  endfacet
  facet normal 0.866 0 -0.5
    outer loop
      vertex -37.463 -42.2 54.269
      vertex -38.161 -42.2 53.061
      vertex -38.161 -41.4 53.061
    endloop
  endfacet
  facet normal 0.866 0 -0.5
    outer loop
      vertex -37.463 -42.2 54.269
      vertex -38.161 -41.4 53.061
      vertex -37.463 -41.4 54.269
    endloop
  endfacet
  facet normal 0 1 0
    outer loop
      vertex -38.127 -41.4 53.128
      vertex -38.679 -41.4 51.847
      vertex -39.873 -41.4 52.362
    endloop
  endfacet
  facet normal 0 1 0
    outer loop
      vertex -38.127 -41.4 53.128
      vertex -39.873 -41.4 52.362
      vertex -39.32 -41.4 53.643
    endloop
  endfacet
  facet normal 0 -1 0
    outer loop
      vertex -38.679 -42.2 51.847
      vertex -38.127 -42.2 53.128
      vertex -39.32 -42.2 53.643
    endloop
  endfacet
  facet normal 0 -1 0
    outer loop
      vertex -38.679 -42.2 51.847
      vertex -39.32 -42.2 53.643
      vertex -39.873 -42.2 52.362
    endloop
  endfacet
  facet normal 0.396 0 0.918
    outer loop
      vertex -38.127 -42.2 53.128
      vertex -38.127 -41.4 53.128
      vertex -39.32 -41.4 53.643
    endloop
  endfacet
  facet normal 0.396 0 0.918
    outer loop
      vertex -38.127 -42.2 53.128
      vertex -39.32 -41.4 53.643
      vertex -39.32 -42.2 53.643
    endloop
  endfacet
  facet normal -0.396 0 -0.918
    outer loop
      vertex -38.679 -41.4 51.847
      vertex -38.679 -42.2 51.847
      vertex -39.873 -42.2 52.362
    endloop
  endfacet
  facet normal -0.396 0 -0.918
    outer loop
      vertex -38.679 -41.4 51.847
      vertex -39.873 -42.2 52.362
      vertex -39.873 -41.4 52.362
    endloop
  endfacet
  facet normal -0.918 0 0.396
    outer loop
      vertex -39.32 -41.4 53.643
      vertex -39.873 -41.4 52.362
      vertex -39.873 -42.2 52.362
    endloop
  endfacet
  facet normal -0.918 0 0.396
    outer loop
      vertex -39.32 -41.4 53.643
      vertex -39.873 -42.2 52.362
      vertex -39.32 -42.2 53.643
    endloop
  endfacet
  facet normal 0.918 0 -0.396
    outer loop
      vertex -38.127 -42.2 53.128
      vertex -38.679 -42.2 51.847
      vertex -38.679 -41.4 51.847
    endloop
  endfacet
  facet normal 0.918 0 -0.396
    outer loop
      vertex -38.127 -42.2 53.128
      vertex -38.679 -41.4 51.847
      vertex -38.127 -41.4 53.128
    endloop
  endfacet
  facet normal 0 1 0
    outer loop
      vertex -38.654 -41.4 51.918
      vertex -39.054 -41.4 50.581
      vertex -40.299 -41.4 50.954
    endloop
  endfacet
  facet normal 0 1 0
    outer loop
      vertex -38.654 -41.4 51.918
      vertex -40.299 -41.4 50.954
      vertex -39.899 -41.4 52.291
    endloop
  endfacet
  facet normal 0 -1 0
    outer loop
      vertex -39.054 -42.2 50.581
      vertex -38.654 -42.2 51.918
      vertex -39.899 -42.2 52.291
    endloop
  endfacet
  facet normal 0 -1 0
    outer loop
      vertex -39.054 -42.2 50.581
      vertex -39.899 -42.2 52.291
      vertex -40.299 -42.2 50.954
    endloop
  endfacet
  facet normal 0.287 0 0.958
    outer loop
      vertex -38.654 -42.2 51.918
      vertex -38.654 -41.4 51.918
      vertex -39.899 -41.4 52.291
    endloop
  endfacet
  facet normal 0.287 0 0.958
    outer loop
      vertex -38.654 -42.2 51.918
      vertex -39.899 -41.4 52.291
      vertex -39.899 -42.2 52.291
    endloop
  endfacet
  facet normal -0.287 0 -0.958
    outer loop
      vertex -39.054 -41.4 50.581
      vertex -39.054 -42.2 50.581
      vertex -40.299 -42.2 50.954
    endloop
  endfacet
  facet normal -0.287 0 -0.958
    outer loop
      vertex -39.054 -41.4 50.581
      vertex -40.299 -42.2 50.954
      vertex -40.299 -41.4 50.954
    endloop
  endfacet
  facet normal -0.958 0 0.287
    outer loop
      vertex -39.899 -41.4 52.291
      vertex -40.299 -41.4 50.954
      vertex -40.299 -42.2 50.954
    endloop
  endfacet
  facet normal -0.958 0 0.287
    outer loop
      vertex -39.899 -41.4 52.291
      vertex -40.299 -42.2 50.954
      vertex -39.899 -42.2 52.291
    endloop
  endfacet
  facet normal 0.958 0 -0.287
    outer loop
      vertex -38.654 -42.2 51.918
      vertex -39.054 -42.2 50.581
      vertex -39.054 -41.4 50.581
    endloop
  endfacet
  facet normal 0.958 0 -0.287
    outer loop
      vertex -38.654 -42.2 51.918
      vertex -39.054 -41.4 50.581
      vertex -38.654 -41.4 51.918
    endloop
  endfacet
  facet normal 0 1 0
    outer loop
      vertex -39.036 -41.4 50.655
      vertex -39.279 -41.4 49.28
      vertex -40.559 -41.4 49.506
    endloop
  endfacet
  facet normal 0 1 0
    outer loop
      vertex -39.036 -41.4 50.655
      vertex -40.559 -41.4 49.506
      vertex -40.317 -41.4 50.88
    endloop
  endfacet
  facet normal 0 -1 0
    outer loop
      vertex -39.279 -42.2 49.28
      vertex -39.036 -42.2 50.655
      vertex -40.317 -42.2 50.88
    endloop
  endfacet
  facet normal 0 -1 0
    outer loop
      vertex -39.279 -42.2 49.28
      vertex -40.317 -42.2 50.88
      vertex -40.559 -42.2 49.506
    endloop
  endfacet
  facet normal 0.173 0 0.985
    outer loop
      vertex -39.036 -42.2 50.655
      vertex -39.036 -41.4 50.655
      vertex -40.317 -41.4 50.88
    endloop
  endfacet
  facet normal 0.173 0 0.985
    outer loop
      vertex -39.036 -42.2 50.655
      vertex -40.317 -41.4 50.88
      vertex -40.317 -42.2 50.88
    endloop
  endfacet
  facet normal -0.174 0 -0.985
    outer loop
      vertex -39.279 -41.4 49.28
      vertex -39.279 -42.2 49.28
      vertex -40.559 -42.2 49.506
    endloop
  endfacet
  facet normal -0.174 0 -0.985
    outer loop
      vertex -39.279 -41.4 49.28
      vertex -40.559 -42.2 49.506
      vertex -40.559 -41.4 49.506
    endloop
  endfacet
  facet normal -0.985 0 0.173
    outer loop
      vertex -40.317 -41.4 50.88
      vertex -40.559 -41.4 49.506
      vertex -40.559 -42.2 49.506
    endloop
  endfacet
  facet normal -0.985 0 0.173
    outer loop
      vertex -40.317 -41.4 50.88
      vertex -40.559 -42.2 49.506
      vertex -40.317 -42.2 50.88
    endloop
  endfacet
  facet normal 0.985 0 -0.174
    outer loop
      vertex -39.036 -42.2 50.655
      vertex -39.279 -42.2 49.28
      vertex -39.279 -41.4 49.28
    endloop
  endfacet
  facet normal 0.985 0 -0.174
    outer loop
      vertex -39.036 -42.2 50.655
      vertex -39.279 -41.4 49.28
      vertex -39.036 -41.4 50.655
    endloop
  endfacet
  facet normal 0 1 0
    outer loop
      vertex -39.27 -41.4 49.355
      vertex -39.351 -41.4 47.962
      vertex -40.649 -41.4 48.038
    endloop
  endfacet
  facet normal 0 1 0
    outer loop
      vertex -39.27 -41.4 49.355
      vertex -40.649 -41.4 48.038
      vertex -40.568 -41.4 49.431
    endloop
  endfacet
  facet normal 0 -1 0
    outer loop
      vertex -39.351 -42.2 47.962
      vertex -39.27 -42.2 49.355
      vertex -40.568 -42.2 49.431
    endloop
  endfacet
  facet normal 0 -1 0
    outer loop
      vertex -39.351 -42.2 47.962
      vertex -40.568 -42.2 49.431
      vertex -40.649 -42.2 48.038
    endloop
  endfacet
  facet normal 0.058 0 0.998
    outer loop
      vertex -39.27 -42.2 49.355
      vertex -39.27 -41.4 49.355
      vertex -40.568 -41.4 49.431
    endloop
  endfacet
  facet normal 0.058 0 0.998
    outer loop
      vertex -39.27 -42.2 49.355
      vertex -40.568 -41.4 49.431
      vertex -40.568 -42.2 49.431
    endloop
  endfacet
  facet normal -0.058 0 -0.998
    outer loop
      vertex -39.351 -41.4 47.962
      vertex -39.351 -42.2 47.962
      vertex -40.649 -42.2 48.038
    endloop
  endfacet
  facet normal -0.058 0 -0.998
    outer loop
      vertex -39.351 -41.4 47.962
      vertex -40.649 -42.2 48.038
      vertex -40.649 -41.4 48.038
    endloop
  endfacet
  facet normal -0.998 0 0.058
    outer loop
      vertex -40.568 -41.4 49.431
      vertex -40.649 -41.4 48.038
      vertex -40.649 -42.2 48.038
    endloop
  endfacet
  facet normal -0.998 0 0.058
    outer loop
      vertex -40.568 -41.4 49.431
      vertex -40.649 -42.2 48.038
      vertex -40.568 -42.2 49.431
    endloop
  endfacet
  facet normal 0.998 0 -0.058
    outer loop
      vertex -39.27 -42.2 49.355
      vertex -39.351 -42.2 47.962
      vertex -39.351 -41.4 47.962
    endloop
  endfacet
  facet normal 0.998 0 -0.058
    outer loop
      vertex -39.27 -42.2 49.355
      vertex -39.351 -41.4 47.962
      vertex -39.27 -41.4 49.355
    endloop
  endfacet
  facet normal 0 1 0
    outer loop
      vertex -39.351 -41.4 48.038
      vertex -39.27 -41.4 46.645
      vertex -40.568 -41.4 46.569
    endloop
  endfacet
  facet normal 0 1 0
    outer loop
      vertex -39.351 -41.4 48.038
      vertex -40.568 -41.4 46.569
      vertex -40.649 -41.4 47.962
    endloop
  endfacet
  facet normal 0 -1 0
    outer loop
      vertex -39.27 -42.2 46.645
      vertex -39.351 -42.2 48.038
      vertex -40.649 -42.2 47.962
    endloop
  endfacet
  facet normal 0 -1 0
    outer loop
      vertex -39.27 -42.2 46.645
      vertex -40.649 -42.2 47.962
      vertex -40.568 -42.2 46.569
    endloop
  endfacet
  facet normal -0.058 0 0.998
    outer loop
      vertex -39.351 -42.2 48.038
      vertex -39.351 -41.4 48.038
      vertex -40.649 -41.4 47.962
    endloop
  endfacet
  facet normal -0.058 0 0.998
    outer loop
      vertex -39.351 -42.2 48.038
      vertex -40.649 -41.4 47.962
      vertex -40.649 -42.2 47.962
    endloop
  endfacet
  facet normal 0.058 0 -0.998
    outer loop
      vertex -39.27 -41.4 46.645
      vertex -39.27 -42.2 46.645
      vertex -40.568 -42.2 46.569
    endloop
  endfacet
  facet normal 0.058 0 -0.998
    outer loop
      vertex -39.27 -41.4 46.645
      vertex -40.568 -42.2 46.569
      vertex -40.568 -41.4 46.569
    endloop
  endfacet
  facet normal -0.998 0 -0.058
    outer loop
      vertex -40.649 -41.4 47.962
      vertex -40.568 -41.4 46.569
      vertex -40.568 -42.2 46.569
    endloop
  endfacet
  facet normal -0.998 0 -0.058
    outer loop
      vertex -40.649 -41.4 47.962
      vertex -40.568 -42.2 46.569
      vertex -40.649 -42.2 47.962
    endloop
  endfacet
  facet normal 0.998 0 0.058
    outer loop
      vertex -39.351 -42.2 48.038
      vertex -39.27 -42.2 46.645
      vertex -39.27 -41.4 46.645
    endloop
  endfacet
  facet normal 0.998 0 0.058
    outer loop
      vertex -39.351 -42.2 48.038
      vertex -39.27 -41.4 46.645
      vertex -39.351 -41.4 48.038
    endloop
  endfacet
  facet normal 0 1 0
    outer loop
      vertex -39.279 -41.4 46.72
      vertex -39.036 -41.4 45.345
      vertex -40.317 -41.4 45.12
    endloop
  endfacet
  facet normal 0 1 0
    outer loop
      vertex -39.279 -41.4 46.72
      vertex -40.317 -41.4 45.12
      vertex -40.559 -41.4 46.494
    endloop
  endfacet
  facet normal 0 -1 0
    outer loop
      vertex -39.036 -42.2 45.345
      vertex -39.279 -42.2 46.72
      vertex -40.559 -42.2 46.494
    endloop
  endfacet
  facet normal 0 -1 0
    outer loop
      vertex -39.036 -42.2 45.345
      vertex -40.559 -42.2 46.494
      vertex -40.317 -42.2 45.12
    endloop
  endfacet
  facet normal -0.174 0 0.985
    outer loop
      vertex -39.279 -42.2 46.72
      vertex -39.279 -41.4 46.72
      vertex -40.559 -41.4 46.494
    endloop
  endfacet
  facet normal -0.174 0 0.985
    outer loop
      vertex -39.279 -42.2 46.72
      vertex -40.559 -41.4 46.494
      vertex -40.559 -42.2 46.494
    endloop
  endfacet
  facet normal 0.173 0 -0.985
    outer loop
      vertex -39.036 -41.4 45.345
      vertex -39.036 -42.2 45.345
      vertex -40.317 -42.2 45.12
    endloop
  endfacet
  facet normal 0.173 0 -0.985
    outer loop
      vertex -39.036 -41.4 45.345
      vertex -40.317 -42.2 45.12
      vertex -40.317 -41.4 45.12
    endloop
  endfacet
  facet normal -0.985 0 -0.173
    outer loop
      vertex -40.559 -41.4 46.494
      vertex -40.317 -41.4 45.12
      vertex -40.317 -42.2 45.12
    endloop
  endfacet
  facet normal -0.985 0 -0.173
    outer loop
      vertex -40.559 -41.4 46.494
      vertex -40.317 -42.2 45.12
      vertex -40.559 -42.2 46.494
    endloop
  endfacet
  facet normal 0.985 0 0.174
    outer loop
      vertex -39.279 -42.2 46.72
      vertex -39.036 -42.2 45.345
      vertex -39.036 -41.4 45.345
    endloop
  endfacet
  facet normal 0.985 0 0.174
    outer loop
      vertex -39.279 -42.2 46.72
      vertex -39.036 -41.4 45.345
      vertex -39.279 -41.4 46.72
    endloop
  endfacet
  facet normal 0 1 0
    outer loop
      vertex -39.054 -41.4 45.419
      vertex -38.654 -41.4 44.082
      vertex -39.899 -41.4 43.709
    endloop
  endfacet
  facet normal 0 1 0
    outer loop
      vertex -39.054 -41.4 45.419
      vertex -39.899 -41.4 43.709
      vertex -40.299 -41.4 45.046
    endloop
  endfacet
  facet normal 0 -1 0
    outer loop
      vertex -38.654 -42.2 44.082
      vertex -39.054 -42.2 45.419
      vertex -40.299 -42.2 45.046
    endloop
  endfacet
  facet normal 0 -1 0
    outer loop
      vertex -38.654 -42.2 44.082
      vertex -40.299 -42.2 45.046
      vertex -39.899 -42.2 43.709
    endloop
  endfacet
  facet normal -0.287 0 0.958
    outer loop
      vertex -39.054 -42.2 45.419
      vertex -39.054 -41.4 45.419
      vertex -40.299 -41.4 45.046
    endloop
  endfacet
  facet normal -0.287 0 0.958
    outer loop
      vertex -39.054 -42.2 45.419
      vertex -40.299 -41.4 45.046
      vertex -40.299 -42.2 45.046
    endloop
  endfacet
  facet normal 0.287 0 -0.958
    outer loop
      vertex -38.654 -41.4 44.082
      vertex -38.654 -42.2 44.082
      vertex -39.899 -42.2 43.709
    endloop
  endfacet
  facet normal 0.287 0 -0.958
    outer loop
      vertex -38.654 -41.4 44.082
      vertex -39.899 -42.2 43.709
      vertex -39.899 -41.4 43.709
    endloop
  endfacet
  facet normal -0.958 0 -0.287
    outer loop
      vertex -40.299 -41.4 45.046
      vertex -39.899 -41.4 43.709
      vertex -39.899 -42.2 43.709
    endloop
  endfacet
  facet normal -0.958 0 -0.287
    outer loop
      vertex -40.299 -41.4 45.046
      vertex -39.899 -42.2 43.709
      vertex -40.299 -42.2 45.046
    endloop
  endfacet
  facet normal 0.958 0 0.287
    outer loop
      vertex -39.054 -42.2 45.419
      vertex -38.654 -42.2 44.082
      vertex -38.654 -41.4 44.082
    endloop
  endfacet
  facet normal 0.958 0 0.287
    outer loop
      vertex -39.054 -42.2 45.419
      vertex -38.654 -41.4 44.082
      vertex -39.054 -41.4 45.419
    endloop
  endfacet
  facet normal 0 1 0
    outer loop
      vertex -38.679 -41.4 44.153
      vertex -38.127 -41.4 42.872
      vertex -39.32 -41.4 42.357
    endloop
  endfacet
  facet normal 0 1 0
    outer loop
      vertex -38.679 -41.4 44.153
      vertex -39.32 -41.4 42.357
      vertex -39.873 -41.4 43.638
    endloop
  endfacet
  facet normal 0 -1 0
    outer loop
      vertex -38.127 -42.2 42.872
      vertex -38.679 -42.2 44.153
      vertex -39.873 -42.2 43.638
    endloop
  endfacet
  facet normal 0 -1 0
    outer loop
      vertex -38.127 -42.2 42.872
      vertex -39.873 -42.2 43.638
      vertex -39.32 -42.2 42.357
    endloop
  endfacet
  facet normal -0.396 0 0.918
    outer loop
      vertex -38.679 -42.2 44.153
      vertex -38.679 -41.4 44.153
      vertex -39.873 -41.4 43.638
    endloop
  endfacet
  facet normal -0.396 0 0.918
    outer loop
      vertex -38.679 -42.2 44.153
      vertex -39.873 -41.4 43.638
      vertex -39.873 -42.2 43.638
    endloop
  endfacet
  facet normal 0.396 0 -0.918
    outer loop
      vertex -38.127 -41.4 42.872
      vertex -38.127 -42.2 42.872
      vertex -39.32 -42.2 42.357
    endloop
  endfacet
  facet normal 0.396 0 -0.918
    outer loop
      vertex -38.127 -41.4 42.872
      vertex -39.32 -42.2 42.357
      vertex -39.32 -41.4 42.357
    endloop
  endfacet
  facet normal -0.918 0 -0.396
    outer loop
      vertex -39.873 -41.4 43.638
      vertex -39.32 -41.4 42.357
      vertex -39.32 -42.2 42.357
    endloop
  endfacet
  facet normal -0.918 0 -0.396
    outer loop
      vertex -39.873 -41.4 43.638
      vertex -39.32 -42.2 42.357
      vertex -39.873 -42.2 43.638
    endloop
  endfacet
  facet normal 0.918 0 0.396
    outer loop
      vertex -38.679 -42.2 44.153
      vertex -38.127 -42.2 42.872
      vertex -38.127 -41.4 42.872
    endloop
  endfacet
  facet normal 0.918 0 0.396
    outer loop
      vertex -38.679 -42.2 44.153
      vertex -38.127 -41.4 42.872
      vertex -38.679 -41.4 44.153
    endloop
  endfacet
  facet normal 0 1 0
    outer loop
      vertex -38.161 -41.4 42.939
      vertex -37.463 -41.4 41.731
      vertex -38.589 -41.4 41.081
    endloop
  endfacet
  facet normal 0 1 0
    outer loop
      vertex -38.161 -41.4 42.939
      vertex -38.589 -41.4 41.081
      vertex -39.287 -41.4 42.289
    endloop
  endfacet
  facet normal 0 -1 0
    outer loop
      vertex -37.463 -42.2 41.731
      vertex -38.161 -42.2 42.939
      vertex -39.287 -42.2 42.289
    endloop
  endfacet
  facet normal 0 -1 0
    outer loop
      vertex -37.463 -42.2 41.731
      vertex -39.287 -42.2 42.289
      vertex -38.589 -42.2 41.081
    endloop
  endfacet
  facet normal -0.5 0 0.866
    outer loop
      vertex -38.161 -42.2 42.939
      vertex -38.161 -41.4 42.939
      vertex -39.287 -41.4 42.289
    endloop
  endfacet
  facet normal -0.5 0 0.866
    outer loop
      vertex -38.161 -42.2 42.939
      vertex -39.287 -41.4 42.289
      vertex -39.287 -42.2 42.289
    endloop
  endfacet
  facet normal 0.5 0 -0.866
    outer loop
      vertex -37.463 -41.4 41.731
      vertex -37.463 -42.2 41.731
      vertex -38.589 -42.2 41.081
    endloop
  endfacet
  facet normal 0.5 0 -0.866
    outer loop
      vertex -37.463 -41.4 41.731
      vertex -38.589 -42.2 41.081
      vertex -38.589 -41.4 41.081
    endloop
  endfacet
  facet normal -0.866 0 -0.5
    outer loop
      vertex -39.287 -41.4 42.289
      vertex -38.589 -41.4 41.081
      vertex -38.589 -42.2 41.081
    endloop
  endfacet
  facet normal -0.866 0 -0.5
    outer loop
      vertex -39.287 -41.4 42.289
      vertex -38.589 -42.2 41.081
      vertex -39.287 -42.2 42.289
    endloop
  endfacet
  facet normal 0.866 0 0.5
    outer loop
      vertex -38.161 -42.2 42.939
      vertex -37.463 -42.2 41.731
      vertex -37.463 -41.4 41.731
    endloop
  endfacet
  facet normal 0.866 0 0.5
    outer loop
      vertex -38.161 -42.2 42.939
      vertex -37.463 -41.4 41.731
      vertex -38.161 -41.4 42.939
    endloop
  endfacet
  facet normal 0 1 0
    outer loop
      vertex -37.504 -41.4 41.794
      vertex -36.671 -41.4 40.675
      vertex -37.714 -41.4 39.898
    endloop
  endfacet
  facet normal 0 1 0
    outer loop
      vertex -37.504 -41.4 41.794
      vertex -37.714 -41.4 39.898
      vertex -38.547 -41.4 41.018
    endloop
  endfacet
  facet normal 0 -1 0
    outer loop
      vertex -36.671 -42.2 40.675
      vertex -37.504 -42.2 41.794
      vertex -38.547 -42.2 41.018
    endloop
  endfacet
  facet normal 0 -1 0
    outer loop
      vertex -36.671 -42.2 40.675
      vertex -38.547 -42.2 41.018
      vertex -37.714 -42.2 39.898
    endloop
  endfacet
  facet normal -0.597 0 0.802
    outer loop
      vertex -37.504 -42.2 41.794
      vertex -37.504 -41.4 41.794
      vertex -38.547 -41.4 41.018
    endloop
  endfacet
  facet normal -0.597 0 0.802
    outer loop
      vertex -37.504 -42.2 41.794
      vertex -38.547 -41.4 41.018
      vertex -38.547 -42.2 41.018
    endloop
  endfacet
  facet normal 0.597 0 -0.802
    outer loop
      vertex -36.671 -41.4 40.675
      vertex -36.671 -42.2 40.675
      vertex -37.714 -42.2 39.898
    endloop
  endfacet
  facet normal 0.597 0 -0.802
    outer loop
      vertex -36.671 -41.4 40.675
      vertex -37.714 -42.2 39.898
      vertex -37.714 -41.4 39.898
    endloop
  endfacet
  facet normal -0.802 0 -0.597
    outer loop
      vertex -38.547 -41.4 41.018
      vertex -37.714 -41.4 39.898
      vertex -37.714 -42.2 39.898
    endloop
  endfacet
  facet normal -0.802 0 -0.597
    outer loop
      vertex -38.547 -41.4 41.018
      vertex -37.714 -42.2 39.898
      vertex -38.547 -42.2 41.018
    endloop
  endfacet
  facet normal 0.802 0 0.597
    outer loop
      vertex -37.504 -42.2 41.794
      vertex -36.671 -42.2 40.675
      vertex -36.671 -41.4 40.675
    endloop
  endfacet
  facet normal 0.802 0 0.597
    outer loop
      vertex -37.504 -42.2 41.794
      vertex -36.671 -41.4 40.675
      vertex -37.504 -41.4 41.794
    endloop
  endfacet
  facet normal 0 1 0
    outer loop
      vertex -36.72 -41.4 40.733
      vertex -35.762 -41.4 39.718
      vertex -36.708 -41.4 38.825
    endloop
  endfacet
  facet normal 0 1 0
    outer loop
      vertex -36.72 -41.4 40.733
      vertex -36.708 -41.4 38.825
      vertex -37.665 -41.4 39.84
    endloop
  endfacet
  facet normal 0 -1 0
    outer loop
      vertex -35.762 -42.2 39.718
      vertex -36.72 -42.2 40.733
      vertex -37.665 -42.2 39.84
    endloop
  endfacet
  facet normal 0 -1 0
    outer loop
      vertex -35.762 -42.2 39.718
      vertex -37.665 -42.2 39.84
      vertex -36.708 -42.2 38.825
    endloop
  endfacet
  facet normal -0.687 0 0.727
    outer loop
      vertex -36.72 -42.2 40.733
      vertex -36.72 -41.4 40.733
      vertex -37.665 -41.4 39.84
    endloop
  endfacet
  facet normal -0.687 0 0.727
    outer loop
      vertex -36.72 -42.2 40.733
      vertex -37.665 -41.4 39.84
      vertex -37.665 -42.2 39.84
    endloop
  endfacet
  facet normal 0.686 0 -0.727
    outer loop
      vertex -35.762 -41.4 39.718
      vertex -35.762 -42.2 39.718
      vertex -36.708 -42.2 38.825
    endloop
  endfacet
  facet normal 0.686 0 -0.727
    outer loop
      vertex -35.762 -41.4 39.718
      vertex -36.708 -42.2 38.825
      vertex -36.708 -41.4 38.825
    endloop
  endfacet
  facet normal -0.728 0 -0.686
    outer loop
      vertex -37.665 -41.4 39.84
      vertex -36.708 -41.4 38.825
      vertex -36.708 -42.2 38.825
    endloop
  endfacet
  facet normal -0.728 0 -0.686
    outer loop
      vertex -37.665 -41.4 39.84
      vertex -36.708 -42.2 38.825
      vertex -37.665 -42.2 39.84
    endloop
  endfacet
  facet normal 0.727 0 0.686
    outer loop
      vertex -36.72 -42.2 40.733
      vertex -35.762 -42.2 39.718
      vertex -35.762 -41.4 39.718
    endloop
  endfacet
  facet normal 0.727 0 0.686
    outer loop
      vertex -36.72 -42.2 40.733
      vertex -35.762 -41.4 39.718
      vertex -36.72 -41.4 40.733
    endloop
  endfacet
  facet normal 0 1 0
    outer loop
      vertex -35.817 -41.4 39.769
      vertex -34.748 -41.4 38.872
      vertex -35.584 -41.4 37.877
    endloop
  endfacet
  facet normal 0 1 0
    outer loop
      vertex -35.817 -41.4 39.769
      vertex -35.584 -41.4 37.877
      vertex -36.653 -41.4 38.774
    endloop
  endfacet
  facet normal 0 -1 0
    outer loop
      vertex -34.748 -42.2 38.872
      vertex -35.817 -42.2 39.769
      vertex -36.653 -42.2 38.774
    endloop
  endfacet
  facet normal 0 -1 0
    outer loop
      vertex -34.748 -42.2 38.872
      vertex -36.653 -42.2 38.774
      vertex -35.584 -42.2 37.877
    endloop
  endfacet
  facet normal -0.766 0 0.643
    outer loop
      vertex -35.817 -42.2 39.769
      vertex -35.817 -41.4 39.769
      vertex -36.653 -41.4 38.774
    endloop
  endfacet
  facet normal -0.766 0 0.643
    outer loop
      vertex -35.817 -42.2 39.769
      vertex -36.653 -41.4 38.774
      vertex -36.653 -42.2 38.774
    endloop
  endfacet
  facet normal 0.766 0 -0.643
    outer loop
      vertex -34.748 -41.4 38.872
      vertex -34.748 -42.2 38.872
      vertex -35.584 -42.2 37.877
    endloop
  endfacet
  facet normal 0.766 0 -0.643
    outer loop
      vertex -34.748 -41.4 38.872
      vertex -35.584 -42.2 37.877
      vertex -35.584 -41.4 37.877
    endloop
  endfacet
  facet normal -0.643 0 -0.766
    outer loop
      vertex -36.653 -41.4 38.774
      vertex -35.584 -41.4 37.877
      vertex -35.584 -42.2 37.877
    endloop
  endfacet
  facet normal -0.643 0 -0.766
    outer loop
      vertex -36.653 -41.4 38.774
      vertex -35.584 -42.2 37.877
      vertex -36.653 -42.2 38.774
    endloop
  endfacet
  facet normal 0.643 0 0.766
    outer loop
      vertex -35.817 -42.2 39.769
      vertex -34.748 -42.2 38.872
      vertex -34.748 -41.4 38.872
    endloop
  endfacet
  facet normal 0.643 0 0.766
    outer loop
      vertex -35.817 -42.2 39.769
      vertex -34.748 -41.4 38.872
      vertex -35.817 -41.4 39.769
    endloop
  endfacet
  facet normal 0 1 0
    outer loop
      vertex -34.809 -41.4 38.918
      vertex -33.643 -41.4 38.151
      vertex -34.357 -41.4 37.065
    endloop
  endfacet
  facet normal 0 1 0
    outer loop
      vertex -34.809 -41.4 38.918
      vertex -34.357 -41.4 37.065
      vertex -35.523 -41.4 37.831
    endloop
  endfacet
  facet normal 0 -1 0
    outer loop
      vertex -33.643 -42.2 38.151
      vertex -34.809 -42.2 38.918
      vertex -35.523 -42.2 37.831
    endloop
  endfacet
  facet normal 0 -1 0
    outer loop
      vertex -33.643 -42.2 38.151
      vertex -35.523 -42.2 37.831
      vertex -34.357 -42.2 37.065
    endloop
  endfacet
  facet normal -0.836 0 0.549
    outer loop
      vertex -34.809 -42.2 38.918
      vertex -34.809 -41.4 38.918
      vertex -35.523 -41.4 37.831
    endloop
  endfacet
  facet normal -0.836 0 0.549
    outer loop
      vertex -34.809 -42.2 38.918
      vertex -35.523 -41.4 37.831
      vertex -35.523 -42.2 37.831
    endloop
  endfacet
  facet normal 0.836 0 -0.549
    outer loop
      vertex -33.643 -41.4 38.151
      vertex -33.643 -42.2 38.151
      vertex -34.357 -42.2 37.065
    endloop
  endfacet
  facet normal 0.836 0 -0.549
    outer loop
      vertex -33.643 -41.4 38.151
      vertex -34.357 -42.2 37.065
      vertex -34.357 -41.4 37.065
    endloop
  endfacet
  facet normal -0.549 0 -0.836
    outer loop
      vertex -35.523 -41.4 37.831
      vertex -34.357 -41.4 37.065
      vertex -34.357 -42.2 37.065
    endloop
  endfacet
  facet normal -0.549 0 -0.836
    outer loop
      vertex -35.523 -41.4 37.831
      vertex -34.357 -42.2 37.065
      vertex -35.523 -42.2 37.831
    endloop
  endfacet
  facet normal 0.55 0 0.835
    outer loop
      vertex -34.809 -42.2 38.918
      vertex -33.643 -42.2 38.151
      vertex -33.643 -41.4 38.151
    endloop
  endfacet
  facet normal 0.55 0 0.835
    outer loop
      vertex -34.809 -42.2 38.918
      vertex -33.643 -41.4 38.151
      vertex -34.809 -41.4 38.918
    endloop
  endfacet
  facet normal 0 1 0
    outer loop
      vertex -36.143 -41.4 62.179
      vertex -37.795 -41.4 61.093
      vertex -38.509 -41.4 62.179
    endloop
  endfacet
  facet normal 0 1 0
    outer loop
      vertex -36.143 -41.4 62.179
      vertex -38.509 -41.4 62.179
      vertex -36.857 -41.4 63.265
    endloop
  endfacet
  facet normal 0 -1 0
    outer loop
      vertex -37.795 -42.2 61.093
      vertex -36.143 -42.2 62.179
      vertex -36.857 -42.2 63.265
    endloop
  endfacet
  facet normal 0 -1 0
    outer loop
      vertex -37.795 -42.2 61.093
      vertex -36.857 -42.2 63.265
      vertex -38.509 -42.2 62.179
    endloop
  endfacet
  facet normal 0.836 0 0.549
    outer loop
      vertex -36.143 -42.2 62.179
      vertex -36.143 -41.4 62.179
      vertex -36.857 -41.4 63.265
    endloop
  endfacet
  facet normal 0.836 0 0.549
    outer loop
      vertex -36.143 -42.2 62.179
      vertex -36.857 -41.4 63.265
      vertex -36.857 -42.2 63.265
    endloop
  endfacet
  facet normal -0.836 0 -0.549
    outer loop
      vertex -37.795 -41.4 61.093
      vertex -37.795 -42.2 61.093
      vertex -38.509 -42.2 62.179
    endloop
  endfacet
  facet normal -0.836 0 -0.549
    outer loop
      vertex -37.795 -41.4 61.093
      vertex -38.509 -42.2 62.179
      vertex -38.509 -41.4 62.179
    endloop
  endfacet
  facet normal -0.549 0 0.836
    outer loop
      vertex -36.857 -41.4 63.265
      vertex -38.509 -41.4 62.179
      vertex -38.509 -42.2 62.179
    endloop
  endfacet
  facet normal -0.549 0 0.836
    outer loop
      vertex -36.857 -41.4 63.265
      vertex -38.509 -42.2 62.179
      vertex -36.857 -42.2 63.265
    endloop
  endfacet
  facet normal 0.549 0 -0.836
    outer loop
      vertex -36.143 -42.2 62.179
      vertex -37.795 -42.2 61.093
      vertex -37.795 -41.4 61.093
    endloop
  endfacet
  facet normal 0.549 0 -0.836
    outer loop
      vertex -36.143 -42.2 62.179
      vertex -37.795 -41.4 61.093
      vertex -36.143 -41.4 62.179
    endloop
  endfacet
  facet normal 0 1 0
    outer loop
      vertex -37.734 -41.4 61.138
      vertex -39.248 -41.4 59.867
      vertex -40.084 -41.4 60.863
    endloop
  endfacet
  facet normal 0 1 0
    outer loop
      vertex -37.734 -41.4 61.138
      vertex -40.084 -41.4 60.863
      vertex -38.57 -41.4 62.134
    endloop
  endfacet
  facet normal 0 -1 0
    outer loop
      vertex -39.248 -42.2 59.867
      vertex -37.734 -42.2 61.138
      vertex -38.57 -42.2 62.134
    endloop
  endfacet
  facet normal 0 -1 0
    outer loop
      vertex -39.248 -42.2 59.867
      vertex -38.57 -42.2 62.134
      vertex -40.084 -42.2 60.863
    endloop
  endfacet
  facet normal 0.766 0 0.643
    outer loop
      vertex -37.734 -42.2 61.138
      vertex -37.734 -41.4 61.138
      vertex -38.57 -41.4 62.134
    endloop
  endfacet
  facet normal 0.766 0 0.643
    outer loop
      vertex -37.734 -42.2 61.138
      vertex -38.57 -41.4 62.134
      vertex -38.57 -42.2 62.134
    endloop
  endfacet
  facet normal -0.766 0 -0.643
    outer loop
      vertex -39.248 -41.4 59.867
      vertex -39.248 -42.2 59.867
      vertex -40.084 -42.2 60.863
    endloop
  endfacet
  facet normal -0.766 0 -0.643
    outer loop
      vertex -39.248 -41.4 59.867
      vertex -40.084 -42.2 60.863
      vertex -40.084 -41.4 60.863
    endloop
  endfacet
  facet normal -0.643 0 0.766
    outer loop
      vertex -38.57 -41.4 62.134
      vertex -40.084 -41.4 60.863
      vertex -40.084 -42.2 60.863
    endloop
  endfacet
  facet normal -0.643 0 0.766
    outer loop
      vertex -38.57 -41.4 62.134
      vertex -40.084 -42.2 60.863
      vertex -38.57 -42.2 62.134
    endloop
  endfacet
  facet normal 0.643 0 -0.766
    outer loop
      vertex -37.734 -42.2 61.138
      vertex -39.248 -42.2 59.867
      vertex -39.248 -41.4 59.867
    endloop
  endfacet
  facet normal 0.643 0 -0.766
    outer loop
      vertex -37.734 -42.2 61.138
      vertex -39.248 -41.4 59.867
      vertex -37.734 -41.4 61.138
    endloop
  endfacet
  facet normal 0 1 0
    outer loop
      vertex -39.193 -41.4 59.919
      vertex -40.55 -41.4 58.481
      vertex -41.496 -41.4 59.373
    endloop
  endfacet
  facet normal 0 1 0
    outer loop
      vertex -39.193 -41.4 59.919
      vertex -41.496 -41.4 59.373
      vertex -40.139 -41.4 60.811
    endloop
  endfacet
  facet normal 0 -1 0
    outer loop
      vertex -40.55 -42.2 58.481
      vertex -39.193 -42.2 59.919
      vertex -40.139 -42.2 60.811
    endloop
  endfacet
  facet normal 0 -1 0
    outer loop
      vertex -40.55 -42.2 58.481
      vertex -40.139 -42.2 60.811
      vertex -41.496 -42.2 59.373
    endloop
  endfacet
  facet normal 0.686 0 0.728
    outer loop
      vertex -39.193 -42.2 59.919
      vertex -39.193 -41.4 59.919
      vertex -40.139 -41.4 60.811
    endloop
  endfacet
  facet normal 0.686 0 0.728
    outer loop
      vertex -39.193 -42.2 59.919
      vertex -40.139 -41.4 60.811
      vertex -40.139 -42.2 60.811
    endloop
  endfacet
  facet normal -0.686 0 -0.728
    outer loop
      vertex -40.55 -41.4 58.481
      vertex -40.55 -42.2 58.481
      vertex -41.496 -42.2 59.373
    endloop
  endfacet
  facet normal -0.686 0 -0.728
    outer loop
      vertex -40.55 -41.4 58.481
      vertex -41.496 -42.2 59.373
      vertex -41.496 -41.4 59.373
    endloop
  endfacet
  facet normal -0.727 0 0.686
    outer loop
      vertex -40.139 -41.4 60.811
      vertex -41.496 -41.4 59.373
      vertex -41.496 -42.2 59.373
    endloop
  endfacet
  facet normal -0.727 0 0.686
    outer loop
      vertex -40.139 -41.4 60.811
      vertex -41.496 -42.2 59.373
      vertex -40.139 -42.2 60.811
    endloop
  endfacet
  facet normal 0.727 0 -0.686
    outer loop
      vertex -39.193 -42.2 59.919
      vertex -40.55 -42.2 58.481
      vertex -40.55 -41.4 58.481
    endloop
  endfacet
  facet normal 0.727 0 -0.686
    outer loop
      vertex -39.193 -42.2 59.919
      vertex -40.55 -41.4 58.481
      vertex -39.193 -41.4 59.919
    endloop
  endfacet
  facet normal 0 1 0
    outer loop
      vertex -40.501 -41.4 58.539
      vertex -41.682 -41.4 56.953
      vertex -42.725 -41.4 57.73
    endloop
  endfacet
  facet normal 0 1 0
    outer loop
      vertex -40.501 -41.4 58.539
      vertex -42.725 -41.4 57.73
      vertex -41.544 -41.4 59.316
    endloop
  endfacet
  facet normal 0 -1 0
    outer loop
      vertex -41.682 -42.2 56.953
      vertex -40.501 -42.2 58.539
      vertex -41.544 -42.2 59.316
    endloop
  endfacet
  facet normal 0 -1 0
    outer loop
      vertex -41.682 -42.2 56.953
      vertex -41.544 -42.2 59.316
      vertex -42.725 -42.2 57.73
    endloop
  endfacet
  facet normal 0.597 0 0.802
    outer loop
      vertex -40.501 -42.2 58.539
      vertex -40.501 -41.4 58.539
      vertex -41.544 -41.4 59.316
    endloop
  endfacet
  facet normal 0.597 0 0.802
    outer loop
      vertex -40.501 -42.2 58.539
      vertex -41.544 -41.4 59.316
      vertex -41.544 -42.2 59.316
    endloop
  endfacet
  facet normal -0.597 0 -0.802
    outer loop
      vertex -41.682 -41.4 56.953
      vertex -41.682 -42.2 56.953
      vertex -42.725 -42.2 57.73
    endloop
  endfacet
  facet normal -0.597 0 -0.802
    outer loop
      vertex -41.682 -41.4 56.953
      vertex -42.725 -42.2 57.73
      vertex -42.725 -41.4 57.73
    endloop
  endfacet
  facet normal -0.802 0 0.597
    outer loop
      vertex -41.544 -41.4 59.316
      vertex -42.725 -41.4 57.73
      vertex -42.725 -42.2 57.73
    endloop
  endfacet
  facet normal -0.802 0 0.597
    outer loop
      vertex -41.544 -41.4 59.316
      vertex -42.725 -42.2 57.73
      vertex -41.544 -42.2 59.316
    endloop
  endfacet
  facet normal 0.802 0 -0.597
    outer loop
      vertex -40.501 -42.2 58.539
      vertex -41.682 -42.2 56.953
      vertex -41.682 -41.4 56.953
    endloop
  endfacet
  facet normal 0.802 0 -0.597
    outer loop
      vertex -40.501 -42.2 58.539
      vertex -41.682 -41.4 56.953
      vertex -40.501 -41.4 58.539
    endloop
  endfacet
  facet normal 0 1 0
    outer loop
      vertex -41.64 -41.4 57.017
      vertex -42.629 -41.4 55.305
      vertex -43.755 -41.4 55.955
    endloop
  endfacet
  facet normal 0 1 0
    outer loop
      vertex -41.64 -41.4 57.017
      vertex -43.755 -41.4 55.955
      vertex -42.766 -41.4 57.667
    endloop
  endfacet
  facet normal 0 -1 0
    outer loop
      vertex -42.629 -42.2 55.305
      vertex -41.64 -42.2 57.017
      vertex -42.766 -42.2 57.667
    endloop
  endfacet
  facet normal 0 -1 0
    outer loop
      vertex -42.629 -42.2 55.305
      vertex -42.766 -42.2 57.667
      vertex -43.755 -42.2 55.955
    endloop
  endfacet
  facet normal 0.5 0 0.866
    outer loop
      vertex -41.64 -42.2 57.017
      vertex -41.64 -41.4 57.017
      vertex -42.766 -41.4 57.667
    endloop
  endfacet
  facet normal 0.5 0 0.866
    outer loop
      vertex -41.64 -42.2 57.017
      vertex -42.766 -41.4 57.667
      vertex -42.766 -42.2 57.667
    endloop
  endfacet
  facet normal -0.5 0 -0.866
    outer loop
      vertex -42.629 -41.4 55.305
      vertex -42.629 -42.2 55.305
      vertex -43.755 -42.2 55.955
    endloop
  endfacet
  facet normal -0.5 0 -0.866
    outer loop
      vertex -42.629 -41.4 55.305
      vertex -43.755 -42.2 55.955
      vertex -43.755 -41.4 55.955
    endloop
  endfacet
  facet normal -0.866 0 0.5
    outer loop
      vertex -42.766 -41.4 57.667
      vertex -43.755 -41.4 55.955
      vertex -43.755 -42.2 55.955
    endloop
  endfacet
  facet normal -0.866 0 0.5
    outer loop
      vertex -42.766 -41.4 57.667
      vertex -43.755 -42.2 55.955
      vertex -42.766 -42.2 57.667
    endloop
  endfacet
  facet normal 0.866 0 -0.5
    outer loop
      vertex -41.64 -42.2 57.017
      vertex -42.629 -42.2 55.305
      vertex -42.629 -41.4 55.305
    endloop
  endfacet
  facet normal 0.866 0 -0.5
    outer loop
      vertex -41.64 -42.2 57.017
      vertex -42.629 -41.4 55.305
      vertex -41.64 -41.4 57.017
    endloop
  endfacet
  facet normal 0 1 0
    outer loop
      vertex -42.595 -41.4 55.372
      vertex -43.378 -41.4 53.557
      vertex -44.572 -41.4 54.072
    endloop
  endfacet
  facet normal 0 1 0
    outer loop
      vertex -42.595 -41.4 55.372
      vertex -44.572 -41.4 54.072
      vertex -43.789 -41.4 55.887
    endloop
  endfacet
  facet normal 0 -1 0
    outer loop
      vertex -43.378 -42.2 53.557
      vertex -42.595 -42.2 55.372
      vertex -43.789 -42.2 55.887
    endloop
  endfacet
  facet normal 0 -1 0
    outer loop
      vertex -43.378 -42.2 53.557
      vertex -43.789 -42.2 55.887
      vertex -44.572 -42.2 54.072
    endloop
  endfacet
  facet normal 0.396 0 0.918
    outer loop
      vertex -42.595 -42.2 55.372
      vertex -42.595 -41.4 55.372
      vertex -43.789 -41.4 55.887
    endloop
  endfacet
  facet normal 0.396 0 0.918
    outer loop
      vertex -42.595 -42.2 55.372
      vertex -43.789 -41.4 55.887
      vertex -43.789 -42.2 55.887
    endloop
  endfacet
  facet normal -0.396 0 -0.918
    outer loop
      vertex -43.378 -41.4 53.557
      vertex -43.378 -42.2 53.557
      vertex -44.572 -42.2 54.072
    endloop
  endfacet
  facet normal -0.396 0 -0.918
    outer loop
      vertex -43.378 -41.4 53.557
      vertex -44.572 -42.2 54.072
      vertex -44.572 -41.4 54.072
    endloop
  endfacet
  facet normal -0.918 0 0.396
    outer loop
      vertex -43.789 -41.4 55.887
      vertex -44.572 -41.4 54.072
      vertex -44.572 -42.2 54.072
    endloop
  endfacet
  facet normal -0.918 0 0.396
    outer loop
      vertex -43.789 -41.4 55.887
      vertex -44.572 -42.2 54.072
      vertex -43.789 -42.2 55.887
    endloop
  endfacet
  facet normal 0.918 0 -0.396
    outer loop
      vertex -42.595 -42.2 55.372
      vertex -43.378 -42.2 53.557
      vertex -43.378 -41.4 53.557
    endloop
  endfacet
  facet normal 0.918 0 -0.396
    outer loop
      vertex -42.595 -42.2 55.372
      vertex -43.378 -41.4 53.557
      vertex -42.595 -41.4 55.372
    endloop
  endfacet
  facet normal 0 1 0
    outer loop
      vertex -43.352 -41.4 53.628
      vertex -43.919 -41.4 51.734
      vertex -45.164 -41.4 52.107
    endloop
  endfacet
  facet normal 0 1 0
    outer loop
      vertex -43.352 -41.4 53.628
      vertex -45.164 -41.4 52.107
      vertex -44.597 -41.4 54.001
    endloop
  endfacet
  facet normal 0 -1 0
    outer loop
      vertex -43.919 -42.2 51.734
      vertex -43.352 -42.2 53.628
      vertex -44.597 -42.2 54.001
    endloop
  endfacet
  facet normal 0 -1 0
    outer loop
      vertex -43.919 -42.2 51.734
      vertex -44.597 -42.2 54.001
      vertex -45.164 -42.2 52.107
    endloop
  endfacet
  facet normal 0.287 0 0.958
    outer loop
      vertex -43.352 -42.2 53.628
      vertex -43.352 -41.4 53.628
      vertex -44.597 -41.4 54.001
    endloop
  endfacet
  facet normal 0.287 0 0.958
    outer loop
      vertex -43.352 -42.2 53.628
      vertex -44.597 -41.4 54.001
      vertex -44.597 -42.2 54.001
    endloop
  endfacet
  facet normal -0.287 0 -0.958
    outer loop
      vertex -43.919 -41.4 51.734
      vertex -43.919 -42.2 51.734
      vertex -45.164 -42.2 52.107
    endloop
  endfacet
  facet normal -0.287 0 -0.958
    outer loop
      vertex -43.919 -41.4 51.734
      vertex -45.164 -42.2 52.107
      vertex -45.164 -41.4 52.107
    endloop
  endfacet
  facet normal -0.958 0 0.287
    outer loop
      vertex -44.597 -41.4 54.001
      vertex -45.164 -41.4 52.107
      vertex -45.164 -42.2 52.107
    endloop
  endfacet
  facet normal -0.958 0 0.287
    outer loop
      vertex -44.597 -41.4 54.001
      vertex -45.164 -42.2 52.107
      vertex -44.597 -42.2 54.001
    endloop
  endfacet
  facet normal 0.958 0 -0.287
    outer loop
      vertex -43.352 -42.2 53.628
      vertex -43.919 -42.2 51.734
      vertex -43.919 -41.4 51.734
    endloop
  endfacet
  facet normal 0.958 0 -0.287
    outer loop
      vertex -43.352 -42.2 53.628
      vertex -43.919 -41.4 51.734
      vertex -43.352 -41.4 53.628
    endloop
  endfacet
  facet normal 0 1 0
    outer loop
      vertex -43.902 -41.4 51.808
      vertex -44.245 -41.4 49.861
      vertex -45.525 -41.4 50.086
    endloop
  endfacet
  facet normal 0 1 0
    outer loop
      vertex -43.902 -41.4 51.808
      vertex -45.525 -41.4 50.086
      vertex -45.182 -41.4 52.033
    endloop
  endfacet
  facet normal 0 -1 0
    outer loop
      vertex -44.245 -42.2 49.861
      vertex -43.902 -42.2 51.808
      vertex -45.182 -42.2 52.033
    endloop
  endfacet
  facet normal 0 -1 0
    outer loop
      vertex -44.245 -42.2 49.861
      vertex -45.182 -42.2 52.033
      vertex -45.525 -42.2 50.086
    endloop
  endfacet
  facet normal 0.173 0 0.985
    outer loop
      vertex -43.902 -42.2 51.808
      vertex -43.902 -41.4 51.808
      vertex -45.182 -41.4 52.033
    endloop
  endfacet
  facet normal 0.173 0 0.985
    outer loop
      vertex -43.902 -42.2 51.808
      vertex -45.182 -41.4 52.033
      vertex -45.182 -42.2 52.033
    endloop
  endfacet
  facet normal -0.173 0 -0.985
    outer loop
      vertex -44.245 -41.4 49.861
      vertex -44.245 -42.2 49.861
      vertex -45.525 -42.2 50.086
    endloop
  endfacet
  facet normal -0.173 0 -0.985
    outer loop
      vertex -44.245 -41.4 49.861
      vertex -45.525 -42.2 50.086
      vertex -45.525 -41.4 50.086
    endloop
  endfacet
  facet normal -0.985 0 0.173
    outer loop
      vertex -45.182 -41.4 52.033
      vertex -45.525 -41.4 50.086
      vertex -45.525 -42.2 50.086
    endloop
  endfacet
  facet normal -0.985 0 0.173
    outer loop
      vertex -45.182 -41.4 52.033
      vertex -45.525 -42.2 50.086
      vertex -45.182 -42.2 52.033
    endloop
  endfacet
  facet normal 0.985 0 -0.173
    outer loop
      vertex -43.902 -42.2 51.808
      vertex -44.245 -42.2 49.861
      vertex -44.245 -41.4 49.861
    endloop
  endfacet
  facet normal 0.985 0 -0.173
    outer loop
      vertex -43.902 -42.2 51.808
      vertex -44.245 -41.4 49.861
      vertex -43.902 -41.4 51.808
    endloop
  endfacet
  facet normal 0 1 0
    outer loop
      vertex -44.236 -41.4 49.936
      vertex -44.351 -41.4 47.962
      vertex -45.649 -41.4 48.038
    endloop
  endfacet
  facet normal 0 1 0
    outer loop
      vertex -44.236 -41.4 49.936
      vertex -45.649 -41.4 48.038
      vertex -45.534 -41.4 50.011
    endloop
  endfacet
  facet normal 0 -1 0
    outer loop
      vertex -44.351 -42.2 47.962
      vertex -44.236 -42.2 49.936
      vertex -45.534 -42.2 50.011
    endloop
  endfacet
  facet normal 0 -1 0
    outer loop
      vertex -44.351 -42.2 47.962
      vertex -45.534 -42.2 50.011
      vertex -45.649 -42.2 48.038
    endloop
  endfacet
  facet normal 0.058 0 0.998
    outer loop
      vertex -44.236 -42.2 49.936
      vertex -44.236 -41.4 49.936
      vertex -45.534 -41.4 50.011
    endloop
  endfacet
  facet normal 0.058 0 0.998
    outer loop
      vertex -44.236 -42.2 49.936
      vertex -45.534 -41.4 50.011
      vertex -45.534 -42.2 50.011
    endloop
  endfacet
  facet normal -0.058 0 -0.998
    outer loop
      vertex -44.351 -41.4 47.962
      vertex -44.351 -42.2 47.962
      vertex -45.649 -42.2 48.038
    endloop
  endfacet
  facet normal -0.058 0 -0.998
    outer loop
      vertex -44.351 -41.4 47.962
      vertex -45.649 -42.2 48.038
      vertex -45.649 -41.4 48.038
    endloop
  endfacet
  facet normal -0.998 0 0.058
    outer loop
      vertex -45.534 -41.4 50.011
      vertex -45.649 -41.4 48.038
      vertex -45.649 -42.2 48.038
    endloop
  endfacet
  facet normal -0.998 0 0.058
    outer loop
      vertex -45.534 -41.4 50.011
      vertex -45.649 -42.2 48.038
      vertex -45.534 -42.2 50.011
    endloop
  endfacet
  facet normal 0.998 0 -0.058
    outer loop
      vertex -44.236 -42.2 49.936
      vertex -44.351 -42.2 47.962
      vertex -44.351 -41.4 47.962
    endloop
  endfacet
  facet normal 0.998 0 -0.058
    outer loop
      vertex -44.236 -42.2 49.936
      vertex -44.351 -41.4 47.962
      vertex -44.236 -41.4 49.936
    endloop
  endfacet
  facet normal 0 1 0
    outer loop
      vertex -44.351 -41.4 48.038
      vertex -44.236 -41.4 46.064
      vertex -45.534 -41.4 45.989
    endloop
  endfacet
  facet normal 0 1 0
    outer loop
      vertex -44.351 -41.4 48.038
      vertex -45.534 -41.4 45.989
      vertex -45.649 -41.4 47.962
    endloop
  endfacet
  facet normal 0 -1 0
    outer loop
      vertex -44.236 -42.2 46.064
      vertex -44.351 -42.2 48.038
      vertex -45.649 -42.2 47.962
    endloop
  endfacet
  facet normal 0 -1 0
    outer loop
      vertex -44.236 -42.2 46.064
      vertex -45.649 -42.2 47.962
      vertex -45.534 -42.2 45.989
    endloop
  endfacet
  facet normal -0.058 0 0.998
    outer loop
      vertex -44.351 -42.2 48.038
      vertex -44.351 -41.4 48.038
      vertex -45.649 -41.4 47.962
    endloop
  endfacet
  facet normal -0.058 0 0.998
    outer loop
      vertex -44.351 -42.2 48.038
      vertex -45.649 -41.4 47.962
      vertex -45.649 -42.2 47.962
    endloop
  endfacet
  facet normal 0.058 0 -0.998
    outer loop
      vertex -44.236 -41.4 46.064
      vertex -44.236 -42.2 46.064
      vertex -45.534 -42.2 45.989
    endloop
  endfacet
  facet normal 0.058 0 -0.998
    outer loop
      vertex -44.236 -41.4 46.064
      vertex -45.534 -42.2 45.989
      vertex -45.534 -41.4 45.989
    endloop
  endfacet
  facet normal -0.998 0 -0.058
    outer loop
      vertex -45.649 -41.4 47.962
      vertex -45.534 -41.4 45.989
      vertex -45.534 -42.2 45.989
    endloop
  endfacet
  facet normal -0.998 0 -0.058
    outer loop
      vertex -45.649 -41.4 47.962
      vertex -45.534 -42.2 45.989
      vertex -45.649 -42.2 47.962
    endloop
  endfacet
  facet normal 0.998 0 0.058
    outer loop
      vertex -44.351 -42.2 48.038
      vertex -44.236 -42.2 46.064
      vertex -44.236 -41.4 46.064
    endloop
  endfacet
  facet normal 0.998 0 0.058
    outer loop
      vertex -44.351 -42.2 48.038
      vertex -44.236 -41.4 46.064
      vertex -44.351 -41.4 48.038
    endloop
  endfacet
  facet normal 0 1 0
    outer loop
      vertex -44.245 -41.4 46.139
      vertex -43.902 -41.4 44.192
      vertex -45.182 -41.4 43.967
    endloop
  endfacet
  facet normal 0 1 0
    outer loop
      vertex -44.245 -41.4 46.139
      vertex -45.182 -41.4 43.967
      vertex -45.525 -41.4 45.914
    endloop
  endfacet
  facet normal 0 -1 0
    outer loop
      vertex -43.902 -42.2 44.192
      vertex -44.245 -42.2 46.139
      vertex -45.525 -42.2 45.914
    endloop
  endfacet
  facet normal 0 -1 0
    outer loop
      vertex -43.902 -42.2 44.192
      vertex -45.525 -42.2 45.914
      vertex -45.182 -42.2 43.967
    endloop
  endfacet
  facet normal -0.173 0 0.985
    outer loop
      vertex -44.245 -42.2 46.139
      vertex -44.245 -41.4 46.139
      vertex -45.525 -41.4 45.914
    endloop
  endfacet
  facet normal -0.173 0 0.985
    outer loop
      vertex -44.245 -42.2 46.139
      vertex -45.525 -41.4 45.914
      vertex -45.525 -42.2 45.914
    endloop
  endfacet
  facet normal 0.173 0 -0.985
    outer loop
      vertex -43.902 -41.4 44.192
      vertex -43.902 -42.2 44.192
      vertex -45.182 -42.2 43.967
    endloop
  endfacet
  facet normal 0.173 0 -0.985
    outer loop
      vertex -43.902 -41.4 44.192
      vertex -45.182 -42.2 43.967
      vertex -45.182 -41.4 43.967
    endloop
  endfacet
  facet normal -0.985 0 -0.173
    outer loop
      vertex -45.525 -41.4 45.914
      vertex -45.182 -41.4 43.967
      vertex -45.182 -42.2 43.967
    endloop
  endfacet
  facet normal -0.985 0 -0.173
    outer loop
      vertex -45.525 -41.4 45.914
      vertex -45.182 -42.2 43.967
      vertex -45.525 -42.2 45.914
    endloop
  endfacet
  facet normal 0.985 0 0.173
    outer loop
      vertex -44.245 -42.2 46.139
      vertex -43.902 -42.2 44.192
      vertex -43.902 -41.4 44.192
    endloop
  endfacet
  facet normal 0.985 0 0.173
    outer loop
      vertex -44.245 -42.2 46.139
      vertex -43.902 -41.4 44.192
      vertex -44.245 -41.4 46.139
    endloop
  endfacet
  facet normal 0 1 0
    outer loop
      vertex -43.919 -41.4 44.266
      vertex -43.352 -41.4 42.372
      vertex -44.597 -41.4 41.999
    endloop
  endfacet
  facet normal 0 1 0
    outer loop
      vertex -43.919 -41.4 44.266
      vertex -44.597 -41.4 41.999
      vertex -45.164 -41.4 43.893
    endloop
  endfacet
  facet normal 0 -1 0
    outer loop
      vertex -43.352 -42.2 42.372
      vertex -43.919 -42.2 44.266
      vertex -45.164 -42.2 43.893
    endloop
  endfacet
  facet normal 0 -1 0
    outer loop
      vertex -43.352 -42.2 42.372
      vertex -45.164 -42.2 43.893
      vertex -44.597 -42.2 41.999
    endloop
  endfacet
  facet normal -0.287 0 0.958
    outer loop
      vertex -43.919 -42.2 44.266
      vertex -43.919 -41.4 44.266
      vertex -45.164 -41.4 43.893
    endloop
  endfacet
  facet normal -0.287 0 0.958
    outer loop
      vertex -43.919 -42.2 44.266
      vertex -45.164 -41.4 43.893
      vertex -45.164 -42.2 43.893
    endloop
  endfacet
  facet normal 0.287 0 -0.958
    outer loop
      vertex -43.352 -41.4 42.372
      vertex -43.352 -42.2 42.372
      vertex -44.597 -42.2 41.999
    endloop
  endfacet
  facet normal 0.287 0 -0.958
    outer loop
      vertex -43.352 -41.4 42.372
      vertex -44.597 -42.2 41.999
      vertex -44.597 -41.4 41.999
    endloop
  endfacet
  facet normal -0.958 0 -0.287
    outer loop
      vertex -45.164 -41.4 43.893
      vertex -44.597 -41.4 41.999
      vertex -44.597 -42.2 41.999
    endloop
  endfacet
  facet normal -0.958 0 -0.287
    outer loop
      vertex -45.164 -41.4 43.893
      vertex -44.597 -42.2 41.999
      vertex -45.164 -42.2 43.893
    endloop
  endfacet
  facet normal 0.958 0 0.287
    outer loop
      vertex -43.919 -42.2 44.266
      vertex -43.352 -42.2 42.372
      vertex -43.352 -41.4 42.372
    endloop
  endfacet
  facet normal 0.958 0 0.287
    outer loop
      vertex -43.919 -42.2 44.266
      vertex -43.352 -41.4 42.372
      vertex -43.919 -41.4 44.266
    endloop
  endfacet
  facet normal 0 1 0
    outer loop
      vertex -43.378 -41.4 42.443
      vertex -42.595 -41.4 40.628
      vertex -43.789 -41.4 40.113
    endloop
  endfacet
  facet normal 0 1 0
    outer loop
      vertex -43.378 -41.4 42.443
      vertex -43.789 -41.4 40.113
      vertex -44.572 -41.4 41.928
    endloop
  endfacet
  facet normal 0 -1 0
    outer loop
      vertex -42.595 -42.2 40.628
      vertex -43.378 -42.2 42.443
      vertex -44.572 -42.2 41.928
    endloop
  endfacet
  facet normal 0 -1 0
    outer loop
      vertex -42.595 -42.2 40.628
      vertex -44.572 -42.2 41.928
      vertex -43.789 -42.2 40.113
    endloop
  endfacet
  facet normal -0.396 0 0.918
    outer loop
      vertex -43.378 -42.2 42.443
      vertex -43.378 -41.4 42.443
      vertex -44.572 -41.4 41.928
    endloop
  endfacet
  facet normal -0.396 0 0.918
    outer loop
      vertex -43.378 -42.2 42.443
      vertex -44.572 -41.4 41.928
      vertex -44.572 -42.2 41.928
    endloop
  endfacet
  facet normal 0.396 0 -0.918
    outer loop
      vertex -42.595 -41.4 40.628
      vertex -42.595 -42.2 40.628
      vertex -43.789 -42.2 40.113
    endloop
  endfacet
  facet normal 0.396 0 -0.918
    outer loop
      vertex -42.595 -41.4 40.628
      vertex -43.789 -42.2 40.113
      vertex -43.789 -41.4 40.113
    endloop
  endfacet
  facet normal -0.918 0 -0.396
    outer loop
      vertex -44.572 -41.4 41.928
      vertex -43.789 -41.4 40.113
      vertex -43.789 -42.2 40.113
    endloop
  endfacet
  facet normal -0.918 0 -0.396
    outer loop
      vertex -44.572 -41.4 41.928
      vertex -43.789 -42.2 40.113
      vertex -44.572 -42.2 41.928
    endloop
  endfacet
  facet normal 0.918 0 0.396
    outer loop
      vertex -43.378 -42.2 42.443
      vertex -42.595 -42.2 40.628
      vertex -42.595 -41.4 40.628
    endloop
  endfacet
  facet normal 0.918 0 0.396
    outer loop
      vertex -43.378 -42.2 42.443
      vertex -42.595 -41.4 40.628
      vertex -43.378 -41.4 42.443
    endloop
  endfacet
  facet normal 0 1 0
    outer loop
      vertex -42.629 -41.4 40.695
      vertex -41.64 -41.4 38.983
      vertex -42.766 -41.4 38.333
    endloop
  endfacet
  facet normal 0 1 0
    outer loop
      vertex -42.629 -41.4 40.695
      vertex -42.766 -41.4 38.333
      vertex -43.755 -41.4 40.045
    endloop
  endfacet
  facet normal 0 -1 0
    outer loop
      vertex -41.64 -42.2 38.983
      vertex -42.629 -42.2 40.695
      vertex -43.755 -42.2 40.045
    endloop
  endfacet
  facet normal 0 -1 0
    outer loop
      vertex -41.64 -42.2 38.983
      vertex -43.755 -42.2 40.045
      vertex -42.766 -42.2 38.333
    endloop
  endfacet
  facet normal -0.5 0 0.866
    outer loop
      vertex -42.629 -42.2 40.695
      vertex -42.629 -41.4 40.695
      vertex -43.755 -41.4 40.045
    endloop
  endfacet
  facet normal -0.5 0 0.866
    outer loop
      vertex -42.629 -42.2 40.695
      vertex -43.755 -41.4 40.045
      vertex -43.755 -42.2 40.045
    endloop
  endfacet
  facet normal 0.5 0 -0.866
    outer loop
      vertex -41.64 -41.4 38.983
      vertex -41.64 -42.2 38.983
      vertex -42.766 -42.2 38.333
    endloop
  endfacet
  facet normal 0.5 0 -0.866
    outer loop
      vertex -41.64 -41.4 38.983
      vertex -42.766 -42.2 38.333
      vertex -42.766 -41.4 38.333
    endloop
  endfacet
  facet normal -0.866 0 -0.5
    outer loop
      vertex -43.755 -41.4 40.045
      vertex -42.766 -41.4 38.333
      vertex -42.766 -42.2 38.333
    endloop
  endfacet
  facet normal -0.866 0 -0.5
    outer loop
      vertex -43.755 -41.4 40.045
      vertex -42.766 -42.2 38.333
      vertex -43.755 -42.2 40.045
    endloop
  endfacet
  facet normal 0.866 0 0.5
    outer loop
      vertex -42.629 -42.2 40.695
      vertex -41.64 -42.2 38.983
      vertex -41.64 -41.4 38.983
    endloop
  endfacet
  facet normal 0.866 0 0.5
    outer loop
      vertex -42.629 -42.2 40.695
      vertex -41.64 -41.4 38.983
      vertex -42.629 -41.4 40.695
    endloop
  endfacet
  facet normal 0 1 0
    outer loop
      vertex -41.682 -41.4 39.047
      vertex -40.501 -41.4 37.461
      vertex -41.544 -41.4 36.684
    endloop
  endfacet
  facet normal 0 1 0
    outer loop
      vertex -41.682 -41.4 39.047
      vertex -41.544 -41.4 36.684
      vertex -42.725 -41.4 38.27
    endloop
  endfacet
  facet normal 0 -1 0
    outer loop
      vertex -40.501 -42.2 37.461
      vertex -41.682 -42.2 39.047
      vertex -42.725 -42.2 38.27
    endloop
  endfacet
  facet normal 0 -1 0
    outer loop
      vertex -40.501 -42.2 37.461
      vertex -42.725 -42.2 38.27
      vertex -41.544 -42.2 36.684
    endloop
  endfacet
  facet normal -0.597 0 0.802
    outer loop
      vertex -41.682 -42.2 39.047
      vertex -41.682 -41.4 39.047
      vertex -42.725 -41.4 38.27
    endloop
  endfacet
  facet normal -0.597 0 0.802
    outer loop
      vertex -41.682 -42.2 39.047
      vertex -42.725 -41.4 38.27
      vertex -42.725 -42.2 38.27
    endloop
  endfacet
  facet normal 0.597 0 -0.802
    outer loop
      vertex -40.501 -41.4 37.461
      vertex -40.501 -42.2 37.461
      vertex -41.544 -42.2 36.684
    endloop
  endfacet
  facet normal 0.597 0 -0.802
    outer loop
      vertex -40.501 -41.4 37.461
      vertex -41.544 -42.2 36.684
      vertex -41.544 -41.4 36.684
    endloop
  endfacet
  facet normal -0.802 0 -0.597
    outer loop
      vertex -42.725 -41.4 38.27
      vertex -41.544 -41.4 36.684
      vertex -41.544 -42.2 36.684
    endloop
  endfacet
  facet normal -0.802 0 -0.597
    outer loop
      vertex -42.725 -41.4 38.27
      vertex -41.544 -42.2 36.684
      vertex -42.725 -42.2 38.27
    endloop
  endfacet
  facet normal 0.802 0 0.597
    outer loop
      vertex -41.682 -42.2 39.047
      vertex -40.501 -42.2 37.461
      vertex -40.501 -41.4 37.461
    endloop
  endfacet
  facet normal 0.802 0 0.597
    outer loop
      vertex -41.682 -42.2 39.047
      vertex -40.501 -41.4 37.461
      vertex -41.682 -41.4 39.047
    endloop
  endfacet
  facet normal 0 1 0
    outer loop
      vertex -40.55 -41.4 37.519
      vertex -39.193 -41.4 36.081
      vertex -40.139 -41.4 35.189
    endloop
  endfacet
  facet normal 0 1 0
    outer loop
      vertex -40.55 -41.4 37.519
      vertex -40.139 -41.4 35.189
      vertex -41.496 -41.4 36.627
    endloop
  endfacet
  facet normal 0 -1 0
    outer loop
      vertex -39.193 -42.2 36.081
      vertex -40.55 -42.2 37.519
      vertex -41.496 -42.2 36.627
    endloop
  endfacet
  facet normal 0 -1 0
    outer loop
      vertex -39.193 -42.2 36.081
      vertex -41.496 -42.2 36.627
      vertex -40.139 -42.2 35.189
    endloop
  endfacet
  facet normal -0.686 0 0.728
    outer loop
      vertex -40.55 -42.2 37.519
      vertex -40.55 -41.4 37.519
      vertex -41.496 -41.4 36.627
    endloop
  endfacet
  facet normal -0.686 0 0.728
    outer loop
      vertex -40.55 -42.2 37.519
      vertex -41.496 -41.4 36.627
      vertex -41.496 -42.2 36.627
    endloop
  endfacet
  facet normal 0.686 0 -0.728
    outer loop
      vertex -39.193 -41.4 36.081
      vertex -39.193 -42.2 36.081
      vertex -40.139 -42.2 35.189
    endloop
  endfacet
  facet normal 0.686 0 -0.728
    outer loop
      vertex -39.193 -41.4 36.081
      vertex -40.139 -42.2 35.189
      vertex -40.139 -41.4 35.189
    endloop
  endfacet
  facet normal -0.727 0 -0.686
    outer loop
      vertex -41.496 -41.4 36.627
      vertex -40.139 -41.4 35.189
      vertex -40.139 -42.2 35.189
    endloop
  endfacet
  facet normal -0.727 0 -0.686
    outer loop
      vertex -41.496 -41.4 36.627
      vertex -40.139 -42.2 35.189
      vertex -41.496 -42.2 36.627
    endloop
  endfacet
  facet normal 0.727 0 0.686
    outer loop
      vertex -40.55 -42.2 37.519
      vertex -39.193 -42.2 36.081
      vertex -39.193 -41.4 36.081
    endloop
  endfacet
  facet normal 0.727 0 0.686
    outer loop
      vertex -40.55 -42.2 37.519
      vertex -39.193 -41.4 36.081
      vertex -40.55 -41.4 37.519
    endloop
  endfacet
  facet normal 0 1 0
    outer loop
      vertex -39.248 -41.4 36.133
      vertex -37.734 -41.4 34.862
      vertex -38.57 -41.4 33.866
    endloop
  endfacet
  facet normal 0 1 0
    outer loop
      vertex -39.248 -41.4 36.133
      vertex -38.57 -41.4 33.866
      vertex -40.084 -41.4 35.137
    endloop
  endfacet
  facet normal 0 -1 0
    outer loop
      vertex -37.734 -42.2 34.862
      vertex -39.248 -42.2 36.133
      vertex -40.084 -42.2 35.137
    endloop
  endfacet
  facet normal 0 -1 0
    outer loop
      vertex -37.734 -42.2 34.862
      vertex -40.084 -42.2 35.137
      vertex -38.57 -42.2 33.866
    endloop
  endfacet
  facet normal -0.766 0 0.643
    outer loop
      vertex -39.248 -42.2 36.133
      vertex -39.248 -41.4 36.133
      vertex -40.084 -41.4 35.137
    endloop
  endfacet
  facet normal -0.766 0 0.643
    outer loop
      vertex -39.248 -42.2 36.133
      vertex -40.084 -41.4 35.137
      vertex -40.084 -42.2 35.137
    endloop
  endfacet
  facet normal 0.766 0 -0.643
    outer loop
      vertex -37.734 -41.4 34.862
      vertex -37.734 -42.2 34.862
      vertex -38.57 -42.2 33.866
    endloop
  endfacet
  facet normal 0.766 0 -0.643
    outer loop
      vertex -37.734 -41.4 34.862
      vertex -38.57 -42.2 33.866
      vertex -38.57 -41.4 33.866
    endloop
  endfacet
  facet normal -0.643 0 -0.766
    outer loop
      vertex -40.084 -41.4 35.137
      vertex -38.57 -41.4 33.866
      vertex -38.57 -42.2 33.866
    endloop
  endfacet
  facet normal -0.643 0 -0.766
    outer loop
      vertex -40.084 -41.4 35.137
      vertex -38.57 -42.2 33.866
      vertex -40.084 -42.2 35.137
    endloop
  endfacet
  facet normal 0.643 0 0.766
    outer loop
      vertex -39.248 -42.2 36.133
      vertex -37.734 -42.2 34.862
      vertex -37.734 -41.4 34.862
    endloop
  endfacet
  facet normal 0.643 0 0.766
    outer loop
      vertex -39.248 -42.2 36.133
      vertex -37.734 -41.4 34.862
      vertex -39.248 -41.4 36.133
    endloop
  endfacet
  facet normal 0 1 0
    outer loop
      vertex -37.795 -41.4 34.907
      vertex -36.143 -41.4 33.821
      vertex -36.857 -41.4 32.735
    endloop
  endfacet
  facet normal 0 1 0
    outer loop
      vertex -37.795 -41.4 34.907
      vertex -36.857 -41.4 32.735
      vertex -38.509 -41.4 33.821
    endloop
  endfacet
  facet normal 0 -1 0
    outer loop
      vertex -36.143 -42.2 33.821
      vertex -37.795 -42.2 34.907
      vertex -38.509 -42.2 33.821
    endloop
  endfacet
  facet normal 0 -1 0
    outer loop
      vertex -36.143 -42.2 33.821
      vertex -38.509 -42.2 33.821
      vertex -36.857 -42.2 32.735
    endloop
  endfacet
  facet normal -0.836 0 0.549
    outer loop
      vertex -37.795 -42.2 34.907
      vertex -37.795 -41.4 34.907
      vertex -38.509 -41.4 33.821
    endloop
  endfacet
  facet normal -0.836 0 0.549
    outer loop
      vertex -37.795 -42.2 34.907
      vertex -38.509 -41.4 33.821
      vertex -38.509 -42.2 33.821
    endloop
  endfacet
  facet normal 0.836 0 -0.549
    outer loop
      vertex -36.143 -41.4 33.821
      vertex -36.143 -42.2 33.821
      vertex -36.857 -42.2 32.735
    endloop
  endfacet
  facet normal 0.836 0 -0.549
    outer loop
      vertex -36.143 -41.4 33.821
      vertex -36.857 -42.2 32.735
      vertex -36.857 -41.4 32.735
    endloop
  endfacet
  facet normal -0.549 0 -0.836
    outer loop
      vertex -38.509 -41.4 33.821
      vertex -36.857 -41.4 32.735
      vertex -36.857 -42.2 32.735
    endloop
  endfacet
  facet normal -0.549 0 -0.836
    outer loop
      vertex -38.509 -41.4 33.821
      vertex -36.857 -42.2 32.735
      vertex -38.509 -42.2 33.821
    endloop
  endfacet
  facet normal 0.549 0 0.836
    outer loop
      vertex -37.795 -42.2 34.907
      vertex -36.143 -42.2 33.821
      vertex -36.143 -41.4 33.821
    endloop
  endfacet
  facet normal 0.549 0 0.836
    outer loop
      vertex -37.795 -42.2 34.907
      vertex -36.143 -41.4 33.821
      vertex -37.795 -41.4 34.907
    endloop
  endfacet
  facet normal 0 1 0
    outer loop
      vertex -8.386 -41.4 55.643
      vertex 6.614 -41.4 64.643
      vertex 7.386 -41.4 63.357
    endloop
  endfacet
  facet normal 0 1 0
    outer loop
      vertex -8.386 -41.4 55.643
      vertex 7.386 -41.4 63.357
      vertex -7.614 -41.4 54.357
    endloop
  endfacet
  facet normal 0 -1 0
    outer loop
      vertex 6.614 -41.85 64.643
      vertex -8.386 -41.85 55.643
      vertex -7.614 -41.85 54.357
    endloop
  endfacet
  facet normal 0 -1 0
    outer loop
      vertex 6.614 -41.85 64.643
      vertex -7.614 -41.85 54.357
      vertex 7.386 -41.85 63.357
    endloop
  endfacet
  facet normal -0.857 0 -0.515
    outer loop
      vertex -8.386 -41.85 55.643
      vertex -8.386 -41.4 55.643
      vertex -7.614 -41.4 54.357
    endloop
  endfacet
  facet normal -0.857 0 -0.515
    outer loop
      vertex -8.386 -41.85 55.643
      vertex -7.614 -41.4 54.357
      vertex -7.614 -41.85 54.357
    endloop
  endfacet
  facet normal 0.857 0 0.515
    outer loop
      vertex 6.614 -41.4 64.643
      vertex 6.614 -41.85 64.643
      vertex 7.386 -41.85 63.357
    endloop
  endfacet
  facet normal 0.857 0 0.515
    outer loop
      vertex 6.614 -41.4 64.643
      vertex 7.386 -41.85 63.357
      vertex 7.386 -41.4 63.357
    endloop
  endfacet
  facet normal 0.514 0 -0.857
    outer loop
      vertex -7.614 -41.4 54.357
      vertex 7.386 -41.4 63.357
      vertex 7.386 -41.85 63.357
    endloop
  endfacet
  facet normal 0.514 0 -0.857
    outer loop
      vertex -7.614 -41.4 54.357
      vertex 7.386 -41.85 63.357
      vertex -7.614 -41.85 54.357
    endloop
  endfacet
  facet normal -0.514 0 0.857
    outer loop
      vertex -8.386 -41.85 55.643
      vertex 6.614 -41.85 64.643
      vertex 6.614 -41.4 64.643
    endloop
  endfacet
  facet normal -0.514 0 0.857
    outer loop
      vertex -8.386 -41.85 55.643
      vertex 6.614 -41.4 64.643
      vertex -8.386 -41.4 55.643
    endloop
  endfacet
  facet normal 0 1 0
    outer loop
      vertex 7.63 -41.4 64.407
      vertex 18.63 -41.4 47.407
      vertex 17.37 -41.4 46.593
    endloop
  endfacet
  facet normal 0 1 0
    outer loop
      vertex 7.63 -41.4 64.407
      vertex 17.37 -41.4 46.593
      vertex 6.37 -41.4 63.593
    endloop
  endfacet
  facet normal 0 -1 0
    outer loop
      vertex 18.63 -41.85 47.407
      vertex 7.63 -41.85 64.407
      vertex 6.37 -41.85 63.593
    endloop
  endfacet
  facet normal 0 -1 0
    outer loop
      vertex 18.63 -41.85 47.407
      vertex 6.37 -41.85 63.593
      vertex 17.37 -41.85 46.593
    endloop
  endfacet
  facet normal -0.543 0 0.84
    outer loop
      vertex 7.63 -41.85 64.407
      vertex 7.63 -41.4 64.407
      vertex 6.37 -41.4 63.593
    endloop
  endfacet
  facet normal -0.543 0 0.84
    outer loop
      vertex 7.63 -41.85 64.407
      vertex 6.37 -41.4 63.593
      vertex 6.37 -41.85 63.593
    endloop
  endfacet
  facet normal 0.543 0 -0.84
    outer loop
      vertex 18.63 -41.4 47.407
      vertex 18.63 -41.85 47.407
      vertex 17.37 -41.85 46.593
    endloop
  endfacet
  facet normal 0.543 0 -0.84
    outer loop
      vertex 18.63 -41.4 47.407
      vertex 17.37 -41.85 46.593
      vertex 17.37 -41.4 46.593
    endloop
  endfacet
  facet normal -0.84 0 -0.543
    outer loop
      vertex 6.37 -41.4 63.593
      vertex 17.37 -41.4 46.593
      vertex 17.37 -41.85 46.593
    endloop
  endfacet
  facet normal -0.84 0 -0.543
    outer loop
      vertex 6.37 -41.4 63.593
      vertex 17.37 -41.85 46.593
      vertex 6.37 -41.85 63.593
    endloop
  endfacet
  facet normal 0.84 0 0.543
    outer loop
      vertex 7.63 -41.85 64.407
      vertex 18.63 -41.85 47.407
      vertex 18.63 -41.4 47.407
    endloop
  endfacet
  facet normal 0.84 0 0.543
    outer loop
      vertex 7.63 -41.85 64.407
      vertex 18.63 -41.4 47.407
      vertex 7.63 -41.4 64.407
    endloop
  endfacet
  facet normal 0 1 0
    outer loop
      vertex 18.368 -41.4 46.346
      vertex 2.368 -41.4 37.346
      vertex 1.632 -41.4 38.654
    endloop
  endfacet
  facet normal 0 1 0
    outer loop
      vertex 18.368 -41.4 46.346
      vertex 1.632 -41.4 38.654
      vertex 17.632 -41.4 47.654
    endloop
  endfacet
  facet normal 0 -1 0
    outer loop
      vertex 2.368 -41.85 37.346
      vertex 18.368 -41.85 46.346
      vertex 17.632 -41.85 47.654
    endloop
  endfacet
  facet normal 0 -1 0
    outer loop
      vertex 2.368 -41.85 37.346
      vertex 17.632 -41.85 47.654
      vertex 1.632 -41.85 38.654
    endloop
  endfacet
  facet normal 0.872 0 0.49
    outer loop
      vertex 18.368 -41.85 46.346
      vertex 18.368 -41.4 46.346
      vertex 17.632 -41.4 47.654
    endloop
  endfacet
  facet normal 0.872 0 0.49
    outer loop
      vertex 18.368 -41.85 46.346
      vertex 17.632 -41.4 47.654
      vertex 17.632 -41.85 47.654
    endloop
  endfacet
  facet normal -0.872 0 -0.49
    outer loop
      vertex 2.368 -41.4 37.346
      vertex 2.368 -41.85 37.346
      vertex 1.632 -41.85 38.654
    endloop
  endfacet
  facet normal -0.872 0 -0.49
    outer loop
      vertex 2.368 -41.4 37.346
      vertex 1.632 -41.85 38.654
      vertex 1.632 -41.4 38.654
    endloop
  endfacet
  facet normal -0.49 0 0.872
    outer loop
      vertex 17.632 -41.4 47.654
      vertex 1.632 -41.4 38.654
      vertex 1.632 -41.85 38.654
    endloop
  endfacet
  facet normal -0.49 0 0.872
    outer loop
      vertex 17.632 -41.4 47.654
      vertex 1.632 -41.85 38.654
      vertex 17.632 -41.85 47.654
    endloop
  endfacet
  facet normal 0.49 0 -0.872
    outer loop
      vertex 18.368 -41.85 46.346
      vertex 2.368 -41.85 37.346
      vertex 2.368 -41.4 37.346
    endloop
  endfacet
  facet normal 0.49 0 -0.872
    outer loop
      vertex 18.368 -41.85 46.346
      vertex 2.368 -41.4 37.346
      vertex 18.368 -41.4 46.346
    endloop
  endfacet
  facet normal 0 1 0
    outer loop
      vertex 1.354 -41.4 37.62
      vertex -8.646 -41.4 54.62
      vertex -7.354 -41.4 55.38
    endloop
  endfacet
  facet normal 0 1 0
    outer loop
      vertex 1.354 -41.4 37.62
      vertex -7.354 -41.4 55.38
      vertex 2.646 -41.4 38.38
    endloop
  endfacet
  facet normal 0 -1 0
    outer loop
      vertex -8.646 -41.85 54.62
      vertex 1.354 -41.85 37.62
      vertex 2.646 -41.85 38.38
    endloop
  endfacet
  facet normal 0 -1 0
    outer loop
      vertex -8.646 -41.85 54.62
      vertex 2.646 -41.85 38.38
      vertex -7.354 -41.85 55.38
    endloop
  endfacet
  facet normal 0.507 0 -0.862
    outer loop
      vertex 1.354 -41.85 37.62
      vertex 1.354 -41.4 37.62
      vertex 2.646 -41.4 38.38
    endloop
  endfacet
  facet normal 0.507 0 -0.862
    outer loop
      vertex 1.354 -41.85 37.62
      vertex 2.646 -41.4 38.38
      vertex 2.646 -41.85 38.38
    endloop
  endfacet
  facet normal -0.507 0 0.862
    outer loop
      vertex -8.646 -41.4 54.62
      vertex -8.646 -41.85 54.62
      vertex -7.354 -41.85 55.38
    endloop
  endfacet
  facet normal -0.507 0 0.862
    outer loop
      vertex -8.646 -41.4 54.62
      vertex -7.354 -41.85 55.38
      vertex -7.354 -41.4 55.38
    endloop
  endfacet
  facet normal 0.862 0 0.507
    outer loop
      vertex 2.646 -41.4 38.38
      vertex -7.354 -41.4 55.38
      vertex -7.354 -41.85 55.38
    endloop
  endfacet
  facet normal 0.862 0 0.507
    outer loop
      vertex 2.646 -41.4 38.38
      vertex -7.354 -41.85 55.38
      vertex 2.646 -41.85 38.38
    endloop
  endfacet
  facet normal -0.862 0 -0.507
    outer loop
      vertex 1.354 -41.85 37.62
      vertex -8.646 -41.85 54.62
      vertex -8.646 -41.4 54.62
    endloop
  endfacet
  facet normal -0.862 0 -0.507
    outer loop
      vertex 1.354 -41.85 37.62
      vertex -8.646 -41.4 54.62
      vertex 1.354 -41.4 37.62
    endloop
  endfacet
  facet normal 0 1 0
    outer loop
      vertex 8.34 -41.4 44.612
      vertex 26.34 -41.4 34.612
      vertex 25.66 -41.4 33.388
    endloop
  endfacet
  facet normal 0 1 0
    outer loop
      vertex 8.34 -41.4 44.612
      vertex 25.66 -41.4 33.388
      vertex 7.66 -41.4 43.388
    endloop
  endfacet
  facet normal 0 -1 0
    outer loop
      vertex 26.34 -41.85 34.612
      vertex 8.34 -41.85 44.612
      vertex 7.66 -41.85 43.388
    endloop
  endfacet
  facet normal 0 -1 0
    outer loop
      vertex 26.34 -41.85 34.612
      vertex 7.66 -41.85 43.388
      vertex 25.66 -41.85 33.388
    endloop
  endfacet
  facet normal -0.874 0 0.486
    outer loop
      vertex 8.34 -41.85 44.612
      vertex 8.34 -41.4 44.612
      vertex 7.66 -41.4 43.388
    endloop
  endfacet
  facet normal -0.874 0 0.486
    outer loop
      vertex 8.34 -41.85 44.612
      vertex 7.66 -41.4 43.388
      vertex 7.66 -41.85 43.388
    endloop
  endfacet
  facet normal 0.874 0 -0.486
    outer loop
      vertex 26.34 -41.4 34.612
      vertex 26.34 -41.85 34.612
      vertex 25.66 -41.85 33.388
    endloop
  endfacet
  facet normal 0.874 0 -0.486
    outer loop
      vertex 26.34 -41.4 34.612
      vertex 25.66 -41.85 33.388
      vertex 25.66 -41.4 33.388
    endloop
  endfacet
  facet normal -0.486 0 -0.874
    outer loop
      vertex 7.66 -41.4 43.388
      vertex 25.66 -41.4 33.388
      vertex 25.66 -41.85 33.388
    endloop
  endfacet
  facet normal -0.486 0 -0.874
    outer loop
      vertex 7.66 -41.4 43.388
      vertex 25.66 -41.85 33.388
      vertex 7.66 -41.85 43.388
    endloop
  endfacet
  facet normal 0.486 0 0.874
    outer loop
      vertex 8.34 -41.85 44.612
      vertex 26.34 -41.85 34.612
      vertex 26.34 -41.4 34.612
    endloop
  endfacet
  facet normal 0.486 0 0.874
    outer loop
      vertex 8.34 -41.85 44.612
      vertex 26.34 -41.4 34.612
      vertex 8.34 -41.4 44.612
    endloop
  endfacet
  facet normal 0 1 0
    outer loop
      vertex 13.716 -41.4 44.64
      vertex 22.716 -41.4 48.64
      vertex 23.284 -41.4 47.36
    endloop
  endfacet
  facet normal 0 1 0
    outer loop
      vertex 13.716 -41.4 44.64
      vertex 23.284 -41.4 47.36
      vertex 14.284 -41.4 43.36
    endloop
  endfacet
  facet normal 0 -1 0
    outer loop
      vertex 22.716 -41.85 48.64
      vertex 13.716 -41.85 44.64
      vertex 14.284 -41.85 43.36
    endloop
  endfacet
  facet normal 0 -1 0
    outer loop
      vertex 22.716 -41.85 48.64
      vertex 14.284 -41.85 43.36
      vertex 23.284 -41.85 47.36
    endloop
  endfacet
  facet normal -0.914 0 -0.406
    outer loop
      vertex 13.716 -41.85 44.64
      vertex 13.716 -41.4 44.64
      vertex 14.284 -41.4 43.36
    endloop
  endfacet
  facet normal -0.914 0 -0.406
    outer loop
      vertex 13.716 -41.85 44.64
      vertex 14.284 -41.4 43.36
      vertex 14.284 -41.85 43.36
    endloop
  endfacet
  facet normal 0.914 0 0.406
    outer loop
      vertex 22.716 -41.4 48.64
      vertex 22.716 -41.85 48.64
      vertex 23.284 -41.85 47.36
    endloop
  endfacet
  facet normal 0.914 0 0.406
    outer loop
      vertex 22.716 -41.4 48.64
      vertex 23.284 -41.85 47.36
      vertex 23.284 -41.4 47.36
    endloop
  endfacet
  facet normal 0.406 0 -0.914
    outer loop
      vertex 14.284 -41.4 43.36
      vertex 23.284 -41.4 47.36
      vertex 23.284 -41.85 47.36
    endloop
  endfacet
  facet normal 0.406 0 -0.914
    outer loop
      vertex 14.284 -41.4 43.36
      vertex 23.284 -41.85 47.36
      vertex 14.284 -41.85 43.36
    endloop
  endfacet
  facet normal -0.406 0 0.914
    outer loop
      vertex 13.716 -41.85 44.64
      vertex 22.716 -41.85 48.64
      vertex 22.716 -41.4 48.64
    endloop
  endfacet
  facet normal -0.406 0 0.914
    outer loop
      vertex 13.716 -41.85 44.64
      vertex 22.716 -41.4 48.64
      vertex 13.716 -41.4 44.64
    endloop
  endfacet
  facet normal 0 1 0
    outer loop
      vertex 22.087 -41.4 37.695
      vertex 30.087 -41.4 36.695
      vertex 29.913 -41.4 35.305
    endloop
  endfacet
  facet normal 0 1 0
    outer loop
      vertex 22.087 -41.4 37.695
      vertex 29.913 -41.4 35.305
      vertex 21.913 -41.4 36.305
    endloop
  endfacet
  facet normal 0 -1 0
    outer loop
      vertex 30.087 -41.85 36.695
      vertex 22.087 -41.85 37.695
      vertex 21.913 -41.85 36.305
    endloop
  endfacet
  facet normal 0 -1 0
    outer loop
      vertex 30.087 -41.85 36.695
      vertex 21.913 -41.85 36.305
      vertex 29.913 -41.85 35.305
    endloop
  endfacet
  facet normal -0.992 0 0.124
    outer loop
      vertex 22.087 -41.85 37.695
      vertex 22.087 -41.4 37.695
      vertex 21.913 -41.4 36.305
    endloop
  endfacet
  facet normal -0.992 0 0.124
    outer loop
      vertex 22.087 -41.85 37.695
      vertex 21.913 -41.4 36.305
      vertex 21.913 -41.85 36.305
    endloop
  endfacet
  facet normal 0.992 0 -0.124
    outer loop
      vertex 30.087 -41.4 36.695
      vertex 30.087 -41.85 36.695
      vertex 29.913 -41.85 35.305
    endloop
  endfacet
  facet normal 0.992 0 -0.124
    outer loop
      vertex 30.087 -41.4 36.695
      vertex 29.913 -41.85 35.305
      vertex 29.913 -41.4 35.305
    endloop
  endfacet
  facet normal -0.124 0 -0.992
    outer loop
      vertex 21.913 -41.4 36.305
      vertex 29.913 -41.4 35.305
      vertex 29.913 -41.85 35.305
    endloop
  endfacet
  facet normal -0.124 0 -0.992
    outer loop
      vertex 21.913 -41.4 36.305
      vertex 29.913 -41.85 35.305
      vertex 21.913 -41.85 36.305
    endloop
  endfacet
  facet normal 0.124 0 0.992
    outer loop
      vertex 22.087 -41.85 37.695
      vertex 30.087 -41.85 36.695
      vertex 30.087 -41.4 36.695
    endloop
  endfacet
  facet normal 0.124 0 0.992
    outer loop
      vertex 22.087 -41.85 37.695
      vertex 30.087 -41.4 36.695
      vertex 22.087 -41.4 37.695
    endloop
  endfacet
  facet normal 0 1 0
    outer loop
      vertex -31 -40.9 35.768
      vertex -25.75 -40.9 35.768
      vertex -25.75 -40.9 35.033
    endloop
  endfacet
  facet normal 0 1 0
    outer loop
      vertex -31 -40.9 35.768
      vertex -25.75 -40.9 35.033
      vertex -31 -40.9 35.033
    endloop
  endfacet
  facet normal 0 -1 0
    outer loop
      vertex -25.75 -41.4 35.768
      vertex -31 -41.4 35.768
      vertex -31 -41.4 35.033
    endloop
  endfacet
  facet normal 0 -1 0
    outer loop
      vertex -25.75 -41.4 35.768
      vertex -31 -41.4 35.033
      vertex -25.75 -41.4 35.033
    endloop
  endfacet
  facet normal -1 0 0
    outer loop
      vertex -31 -41.4 35.768
      vertex -31 -40.9 35.768
      vertex -31 -40.9 35.033
    endloop
  endfacet
  facet normal -1 0 0
    outer loop
      vertex -31 -41.4 35.768
      vertex -31 -40.9 35.033
      vertex -31 -41.4 35.033
    endloop
  endfacet
  facet normal 1 0 0
    outer loop
      vertex -25.75 -40.9 35.768
      vertex -25.75 -41.4 35.768
      vertex -25.75 -41.4 35.033
    endloop
  endfacet
  facet normal 1 0 0
    outer loop
      vertex -25.75 -40.9 35.768
      vertex -25.75 -41.4 35.033
      vertex -25.75 -40.9 35.033
    endloop
  endfacet
  facet normal 0 0 -1
    outer loop
      vertex -31 -40.9 35.033
      vertex -25.75 -40.9 35.033
      vertex -25.75 -41.4 35.033
    endloop
  endfacet
  facet normal 0 0 -1
    outer loop
      vertex -31 -40.9 35.033
      vertex -25.75 -41.4 35.033
      vertex -31 -41.4 35.033
    endloop
  endfacet
  facet normal 0 0 1
    outer loop
      vertex -31 -41.4 35.768
      vertex -25.75 -41.4 35.768
      vertex -25.75 -40.9 35.768
    endloop
  endfacet
  facet normal 0 0 1
    outer loop
      vertex -31 -41.4 35.768
      vertex -25.75 -40.9 35.768
      vertex -31 -40.9 35.768
    endloop
  endfacet
  facet normal 0 1 0
    outer loop
      vertex -31.367 -40.9 31.2
      vertex -31.367 -40.9 35.4
      vertex -30.632 -40.9 35.4
    endloop
  endfacet
  facet normal 0 1 0
    outer loop
      vertex -31.367 -40.9 31.2
      vertex -30.632 -40.9 35.4
      vertex -30.632 -40.9 31.2
    endloop
  endfacet
  facet normal 0 -1 0
    outer loop
      vertex -31.367 -41.4 35.4
      vertex -31.367 -41.4 31.2
      vertex -30.632 -41.4 31.2
    endloop
  endfacet
  facet normal 0 -1 0
    outer loop
      vertex -31.367 -41.4 35.4
      vertex -30.632 -41.4 31.2
      vertex -30.632 -41.4 35.4
    endloop
  endfacet
  facet normal 0 0 -1
    outer loop
      vertex -31.367 -41.4 31.2
      vertex -31.367 -40.9 31.2
      vertex -30.632 -40.9 31.2
    endloop
  endfacet
  facet normal 0 0 -1
    outer loop
      vertex -31.367 -41.4 31.2
      vertex -30.632 -40.9 31.2
      vertex -30.632 -41.4 31.2
    endloop
  endfacet
  facet normal 0 0 1
    outer loop
      vertex -31.367 -40.9 35.4
      vertex -31.367 -41.4 35.4
      vertex -30.632 -41.4 35.4
    endloop
  endfacet
  facet normal 0 0 1
    outer loop
      vertex -31.367 -40.9 35.4
      vertex -30.632 -41.4 35.4
      vertex -30.632 -40.9 35.4
    endloop
  endfacet
  facet normal 1 0 0
    outer loop
      vertex -30.632 -40.9 31.2
      vertex -30.632 -40.9 35.4
      vertex -30.632 -41.4 35.4
    endloop
  endfacet
  facet normal 1 0 0
    outer loop
      vertex -30.632 -40.9 31.2
      vertex -30.632 -41.4 35.4
      vertex -30.632 -41.4 31.2
    endloop
  endfacet
  facet normal -1 0 0
    outer loop
      vertex -31.367 -41.4 31.2
      vertex -31.367 -41.4 35.4
      vertex -31.367 -40.9 35.4
    endloop
  endfacet
  facet normal -1 0 0
    outer loop
      vertex -31.367 -41.4 31.2
      vertex -31.367 -40.9 35.4
      vertex -31.367 -40.9 31.2
    endloop
  endfacet
  facet normal 0 1 0
    outer loop
      vertex -31 -40.9 31.568
      vertex -25.75 -40.9 31.568
      vertex -25.75 -40.9 30.833
    endloop
  endfacet
  facet normal 0 1 0
    outer loop
      vertex -31 -40.9 31.568
      vertex -25.75 -40.9 30.833
      vertex -31 -40.9 30.833
    endloop
  endfacet
  facet normal 0 -1 0
    outer loop
      vertex -25.75 -41.4 31.568
      vertex -31 -41.4 31.568
      vertex -31 -41.4 30.833
    endloop
  endfacet
  facet normal 0 -1 0
    outer loop
      vertex -25.75 -41.4 31.568
      vertex -31 -41.4 30.833
      vertex -25.75 -41.4 30.833
    endloop
  endfacet
  facet normal -1 0 0
    outer loop
      vertex -31 -41.4 31.568
      vertex -31 -40.9 31.568
      vertex -31 -40.9 30.833
    endloop
  endfacet
  facet normal -1 0 0
    outer loop
      vertex -31 -41.4 31.568
      vertex -31 -40.9 30.833
      vertex -31 -41.4 30.833
    endloop
  endfacet
  facet normal 1 0 0
    outer loop
      vertex -25.75 -40.9 31.568
      vertex -25.75 -41.4 31.568
      vertex -25.75 -41.4 30.833
    endloop
  endfacet
  facet normal 1 0 0
    outer loop
      vertex -25.75 -40.9 31.568
      vertex -25.75 -41.4 30.833
      vertex -25.75 -40.9 30.833
    endloop
  endfacet
  facet normal 0 0 -1
    outer loop
      vertex -31 -40.9 30.833
      vertex -25.75 -40.9 30.833
      vertex -25.75 -41.4 30.833
    endloop
  endfacet
  facet normal 0 0 -1
    outer loop
      vertex -31 -40.9 30.833
      vertex -25.75 -41.4 30.833
      vertex -31 -41.4 30.833
    endloop
  endfacet
  facet normal 0 0 1
    outer loop
      vertex -31 -41.4 31.568
      vertex -25.75 -41.4 31.568
      vertex -25.75 -40.9 31.568
    endloop
  endfacet
  facet normal 0 0 1
    outer loop
      vertex -31 -41.4 31.568
      vertex -25.75 -40.9 31.568
      vertex -31 -40.9 31.568
    endloop
  endfacet
  facet normal 0 1 0
    outer loop
      vertex -26.117 -40.9 27
      vertex -26.117 -40.9 31.2
      vertex -25.382 -40.9 31.2
    endloop
  endfacet
  facet normal 0 1 0
    outer loop
      vertex -26.117 -40.9 27
      vertex -25.382 -40.9 31.2
      vertex -25.382 -40.9 27
    endloop
  endfacet
  facet normal 0 -1 0
    outer loop
      vertex -26.117 -41.4 31.2
      vertex -26.117 -41.4 27
      vertex -25.382 -41.4 27
    endloop
  endfacet
  facet normal 0 -1 0
    outer loop
      vertex -26.117 -41.4 31.2
      vertex -25.382 -41.4 27
      vertex -25.382 -41.4 31.2
    endloop
  endfacet
  facet normal 0 0 -1
    outer loop
      vertex -26.117 -41.4 27
      vertex -26.117 -40.9 27
      vertex -25.382 -40.9 27
    endloop
  endfacet
  facet normal 0 0 -1
    outer loop
      vertex -26.117 -41.4 27
      vertex -25.382 -40.9 27
      vertex -25.382 -41.4 27
    endloop
  endfacet
  facet normal 0 0 1
    outer loop
      vertex -26.117 -40.9 31.2
      vertex -26.117 -41.4 31.2
      vertex -25.382 -41.4 31.2
    endloop
  endfacet
  facet normal 0 0 1
    outer loop
      vertex -26.117 -40.9 31.2
      vertex -25.382 -41.4 31.2
      vertex -25.382 -40.9 31.2
    endloop
  endfacet
  facet normal 1 0 0
    outer loop
      vertex -25.382 -40.9 27
      vertex -25.382 -40.9 31.2
      vertex -25.382 -41.4 31.2
    endloop
  endfacet
  facet normal 1 0 0
    outer loop
      vertex -25.382 -40.9 27
      vertex -25.382 -41.4 31.2
      vertex -25.382 -41.4 27
    endloop
  endfacet
  facet normal -1 0 0
    outer loop
      vertex -26.117 -41.4 27
      vertex -26.117 -41.4 31.2
      vertex -26.117 -40.9 31.2
    endloop
  endfacet
  facet normal -1 0 0
    outer loop
      vertex -26.117 -41.4 27
      vertex -26.117 -40.9 31.2
      vertex -26.117 -40.9 27
    endloop
  endfacet
  facet normal 0 1 0
    outer loop
      vertex -31 -40.9 27.368
      vertex -25.75 -40.9 27.368
      vertex -25.75 -40.9 26.633
    endloop
  endfacet
  facet normal 0 1 0
    outer loop
      vertex -31 -40.9 27.368
      vertex -25.75 -40.9 26.633
      vertex -31 -40.9 26.633
    endloop
  endfacet
  facet normal 0 -1 0
    outer loop
      vertex -25.75 -41.4 27.368
      vertex -31 -41.4 27.368
      vertex -31 -41.4 26.633
    endloop
  endfacet
  facet normal 0 -1 0
    outer loop
      vertex -25.75 -41.4 27.368
      vertex -31 -41.4 26.633
      vertex -25.75 -41.4 26.633
    endloop
  endfacet
  facet normal -1 0 0
    outer loop
      vertex -31 -41.4 27.368
      vertex -31 -40.9 27.368
      vertex -31 -40.9 26.633
    endloop
  endfacet
  facet normal -1 0 0
    outer loop
      vertex -31 -41.4 27.368
      vertex -31 -40.9 26.633
      vertex -31 -41.4 26.633
    endloop
  endfacet
  facet normal 1 0 0
    outer loop
      vertex -25.75 -40.9 27.368
      vertex -25.75 -41.4 27.368
      vertex -25.75 -41.4 26.633
    endloop
  endfacet
  facet normal 1 0 0
    outer loop
      vertex -25.75 -40.9 27.368
      vertex -25.75 -41.4 26.633
      vertex -25.75 -40.9 26.633
    endloop
  endfacet
  facet normal 0 0 -1
    outer loop
      vertex -31 -40.9 26.633
      vertex -25.75 -40.9 26.633
      vertex -25.75 -41.4 26.633
    endloop
  endfacet
  facet normal 0 0 -1
    outer loop
      vertex -31 -40.9 26.633
      vertex -25.75 -41.4 26.633
      vertex -31 -41.4 26.633
    endloop
  endfacet
  facet normal 0 0 1
    outer loop
      vertex -31 -41.4 27.368
      vertex -25.75 -41.4 27.368
      vertex -25.75 -40.9 27.368
    endloop
  endfacet
  facet normal 0 0 1
    outer loop
      vertex -31 -41.4 27.368
      vertex -25.75 -40.9 27.368
      vertex -31 -40.9 27.368
    endloop
  endfacet
  facet normal 0 1 0
    outer loop
      vertex -23.65 -40.9 35.768
      vertex -18.4 -40.9 35.768
      vertex -18.4 -40.9 35.033
    endloop
  endfacet
  facet normal 0 1 0
    outer loop
      vertex -23.65 -40.9 35.768
      vertex -18.4 -40.9 35.033
      vertex -23.65 -40.9 35.033
    endloop
  endfacet
  facet normal 0 -1 0
    outer loop
      vertex -18.4 -41.4 35.768
      vertex -23.65 -41.4 35.768
      vertex -23.65 -41.4 35.033
    endloop
  endfacet
  facet normal 0 -1 0
    outer loop
      vertex -18.4 -41.4 35.768
      vertex -23.65 -41.4 35.033
      vertex -18.4 -41.4 35.033
    endloop
  endfacet
  facet normal -1 0 0
    outer loop
      vertex -23.65 -41.4 35.768
      vertex -23.65 -40.9 35.768
      vertex -23.65 -40.9 35.033
    endloop
  endfacet
  facet normal -1 0 0
    outer loop
      vertex -23.65 -41.4 35.768
      vertex -23.65 -40.9 35.033
      vertex -23.65 -41.4 35.033
    endloop
  endfacet
  facet normal 1 0 0
    outer loop
      vertex -18.4 -40.9 35.768
      vertex -18.4 -41.4 35.768
      vertex -18.4 -41.4 35.033
    endloop
  endfacet
  facet normal 1 0 0
    outer loop
      vertex -18.4 -40.9 35.768
      vertex -18.4 -41.4 35.033
      vertex -18.4 -40.9 35.033
    endloop
  endfacet
  facet normal 0 0 -1
    outer loop
      vertex -23.65 -40.9 35.033
      vertex -18.4 -40.9 35.033
      vertex -18.4 -41.4 35.033
    endloop
  endfacet
  facet normal 0 0 -1
    outer loop
      vertex -23.65 -40.9 35.033
      vertex -18.4 -41.4 35.033
      vertex -23.65 -41.4 35.033
    endloop
  endfacet
  facet normal 0 0 1
    outer loop
      vertex -23.65 -41.4 35.768
      vertex -18.4 -41.4 35.768
      vertex -18.4 -40.9 35.768
    endloop
  endfacet
  facet normal 0 0 1
    outer loop
      vertex -23.65 -41.4 35.768
      vertex -18.4 -40.9 35.768
      vertex -23.65 -40.9 35.768
    endloop
  endfacet
  facet normal 0 1 0
    outer loop
      vertex -24.017 -40.9 27
      vertex -24.017 -40.9 35.4
      vertex -23.282 -40.9 35.4
    endloop
  endfacet
  facet normal 0 1 0
    outer loop
      vertex -24.017 -40.9 27
      vertex -23.282 -40.9 35.4
      vertex -23.282 -40.9 27
    endloop
  endfacet
  facet normal 0 -1 0
    outer loop
      vertex -24.017 -41.4 35.4
      vertex -24.017 -41.4 27
      vertex -23.282 -41.4 27
    endloop
  endfacet
  facet normal 0 -1 0
    outer loop
      vertex -24.017 -41.4 35.4
      vertex -23.282 -41.4 27
      vertex -23.282 -41.4 35.4
    endloop
  endfacet
  facet normal 0 0 -1
    outer loop
      vertex -24.017 -41.4 27
      vertex -24.017 -40.9 27
      vertex -23.282 -40.9 27
    endloop
  endfacet
  facet normal 0 0 -1
    outer loop
      vertex -24.017 -41.4 27
      vertex -23.282 -40.9 27
      vertex -23.282 -41.4 27
    endloop
  endfacet
  facet normal 0 0 1
    outer loop
      vertex -24.017 -40.9 35.4
      vertex -24.017 -41.4 35.4
      vertex -23.282 -41.4 35.4
    endloop
  endfacet
  facet normal 0 0 1
    outer loop
      vertex -24.017 -40.9 35.4
      vertex -23.282 -41.4 35.4
      vertex -23.282 -40.9 35.4
    endloop
  endfacet
  facet normal 1 0 0
    outer loop
      vertex -23.282 -40.9 27
      vertex -23.282 -40.9 35.4
      vertex -23.282 -41.4 35.4
    endloop
  endfacet
  facet normal 1 0 0
    outer loop
      vertex -23.282 -40.9 27
      vertex -23.282 -41.4 35.4
      vertex -23.282 -41.4 27
    endloop
  endfacet
  facet normal -1 0 0
    outer loop
      vertex -24.017 -41.4 27
      vertex -24.017 -41.4 35.4
      vertex -24.017 -40.9 35.4
    endloop
  endfacet
  facet normal -1 0 0
    outer loop
      vertex -24.017 -41.4 27
      vertex -24.017 -40.9 35.4
      vertex -24.017 -40.9 27
    endloop
  endfacet
  facet normal 0 1 0
    outer loop
      vertex -23.65 -40.9 27.368
      vertex -18.4 -40.9 27.368
      vertex -18.4 -40.9 26.633
    endloop
  endfacet
  facet normal 0 1 0
    outer loop
      vertex -23.65 -40.9 27.368
      vertex -18.4 -40.9 26.633
      vertex -23.65 -40.9 26.633
    endloop
  endfacet
  facet normal 0 -1 0
    outer loop
      vertex -18.4 -41.4 27.368
      vertex -23.65 -41.4 27.368
      vertex -23.65 -41.4 26.633
    endloop
  endfacet
  facet normal 0 -1 0
    outer loop
      vertex -18.4 -41.4 27.368
      vertex -23.65 -41.4 26.633
      vertex -18.4 -41.4 26.633
    endloop
  endfacet
  facet normal -1 0 0
    outer loop
      vertex -23.65 -41.4 27.368
      vertex -23.65 -40.9 27.368
      vertex -23.65 -40.9 26.633
    endloop
  endfacet
  facet normal -1 0 0
    outer loop
      vertex -23.65 -41.4 27.368
      vertex -23.65 -40.9 26.633
      vertex -23.65 -41.4 26.633
    endloop
  endfacet
  facet normal 1 0 0
    outer loop
      vertex -18.4 -40.9 27.368
      vertex -18.4 -41.4 27.368
      vertex -18.4 -41.4 26.633
    endloop
  endfacet
  facet normal 1 0 0
    outer loop
      vertex -18.4 -40.9 27.368
      vertex -18.4 -41.4 26.633
      vertex -18.4 -40.9 26.633
    endloop
  endfacet
  facet normal 0 0 -1
    outer loop
      vertex -23.65 -40.9 26.633
      vertex -18.4 -40.9 26.633
      vertex -18.4 -41.4 26.633
    endloop
  endfacet
  facet normal 0 0 -1
    outer loop
      vertex -23.65 -40.9 26.633
      vertex -18.4 -41.4 26.633
      vertex -23.65 -41.4 26.633
    endloop
  endfacet
  facet normal 0 0 1
    outer loop
      vertex -23.65 -41.4 27.368
      vertex -18.4 -41.4 27.368
      vertex -18.4 -40.9 27.368
    endloop
  endfacet
  facet normal 0 0 1
    outer loop
      vertex -23.65 -41.4 27.368
      vertex -18.4 -40.9 27.368
      vertex -23.65 -40.9 27.368
    endloop
  endfacet
  facet normal 0 1 0
    outer loop
      vertex -16.3 -40.9 35.768
      vertex -11.05 -40.9 35.768
      vertex -11.05 -40.9 35.033
    endloop
  endfacet
  facet normal 0 1 0
    outer loop
      vertex -16.3 -40.9 35.768
      vertex -11.05 -40.9 35.033
      vertex -16.3 -40.9 35.033
    endloop
  endfacet
  facet normal 0 -1 0
    outer loop
      vertex -11.05 -41.4 35.768
      vertex -16.3 -41.4 35.768
      vertex -16.3 -41.4 35.033
    endloop
  endfacet
  facet normal 0 -1 0
    outer loop
      vertex -11.05 -41.4 35.768
      vertex -16.3 -41.4 35.033
      vertex -11.05 -41.4 35.033
    endloop
  endfacet
  facet normal -1 0 0
    outer loop
      vertex -16.3 -41.4 35.768
      vertex -16.3 -40.9 35.768
      vertex -16.3 -40.9 35.033
    endloop
  endfacet
  facet normal -1 0 0
    outer loop
      vertex -16.3 -41.4 35.768
      vertex -16.3 -40.9 35.033
      vertex -16.3 -41.4 35.033
    endloop
  endfacet
  facet normal 1 0 0
    outer loop
      vertex -11.05 -40.9 35.768
      vertex -11.05 -41.4 35.768
      vertex -11.05 -41.4 35.033
    endloop
  endfacet
  facet normal 1 0 0
    outer loop
      vertex -11.05 -40.9 35.768
      vertex -11.05 -41.4 35.033
      vertex -11.05 -40.9 35.033
    endloop
  endfacet
  facet normal 0 0 -1
    outer loop
      vertex -16.3 -40.9 35.033
      vertex -11.05 -40.9 35.033
      vertex -11.05 -41.4 35.033
    endloop
  endfacet
  facet normal 0 0 -1
    outer loop
      vertex -16.3 -40.9 35.033
      vertex -11.05 -41.4 35.033
      vertex -16.3 -41.4 35.033
    endloop
  endfacet
  facet normal 0 0 1
    outer loop
      vertex -16.3 -41.4 35.768
      vertex -11.05 -41.4 35.768
      vertex -11.05 -40.9 35.768
    endloop
  endfacet
  facet normal 0 0 1
    outer loop
      vertex -16.3 -41.4 35.768
      vertex -11.05 -40.9 35.768
      vertex -16.3 -40.9 35.768
    endloop
  endfacet
  facet normal 0 1 0
    outer loop
      vertex -16.667 -40.9 31.2
      vertex -16.667 -40.9 35.4
      vertex -15.932 -40.9 35.4
    endloop
  endfacet
  facet normal 0 1 0
    outer loop
      vertex -16.667 -40.9 31.2
      vertex -15.932 -40.9 35.4
      vertex -15.932 -40.9 31.2
    endloop
  endfacet
  facet normal 0 -1 0
    outer loop
      vertex -16.667 -41.4 35.4
      vertex -16.667 -41.4 31.2
      vertex -15.932 -41.4 31.2
    endloop
  endfacet
  facet normal 0 -1 0
    outer loop
      vertex -16.667 -41.4 35.4
      vertex -15.932 -41.4 31.2
      vertex -15.932 -41.4 35.4
    endloop
  endfacet
  facet normal 0 0 -1
    outer loop
      vertex -16.667 -41.4 31.2
      vertex -16.667 -40.9 31.2
      vertex -15.932 -40.9 31.2
    endloop
  endfacet
  facet normal 0 0 -1
    outer loop
      vertex -16.667 -41.4 31.2
      vertex -15.932 -40.9 31.2
      vertex -15.932 -41.4 31.2
    endloop
  endfacet
  facet normal 0 0 1
    outer loop
      vertex -16.667 -40.9 35.4
      vertex -16.667 -41.4 35.4
      vertex -15.932 -41.4 35.4
    endloop
  endfacet
  facet normal 0 0 1
    outer loop
      vertex -16.667 -40.9 35.4
      vertex -15.932 -41.4 35.4
      vertex -15.932 -40.9 35.4
    endloop
  endfacet
  facet normal 1 0 0
    outer loop
      vertex -15.932 -40.9 31.2
      vertex -15.932 -40.9 35.4
      vertex -15.932 -41.4 35.4
    endloop
  endfacet
  facet normal 1 0 0
    outer loop
      vertex -15.932 -40.9 31.2
      vertex -15.932 -41.4 35.4
      vertex -15.932 -41.4 31.2
    endloop
  endfacet
  facet normal -1 0 0
    outer loop
      vertex -16.667 -41.4 31.2
      vertex -16.667 -41.4 35.4
      vertex -16.667 -40.9 35.4
    endloop
  endfacet
  facet normal -1 0 0
    outer loop
      vertex -16.667 -41.4 31.2
      vertex -16.667 -40.9 35.4
      vertex -16.667 -40.9 31.2
    endloop
  endfacet
  facet normal 0 1 0
    outer loop
      vertex -11.417 -40.9 31.2
      vertex -11.417 -40.9 35.4
      vertex -10.682 -40.9 35.4
    endloop
  endfacet
  facet normal 0 1 0
    outer loop
      vertex -11.417 -40.9 31.2
      vertex -10.682 -40.9 35.4
      vertex -10.682 -40.9 31.2
    endloop
  endfacet
  facet normal 0 -1 0
    outer loop
      vertex -11.417 -41.4 35.4
      vertex -11.417 -41.4 31.2
      vertex -10.682 -41.4 31.2
    endloop
  endfacet
  facet normal 0 -1 0
    outer loop
      vertex -11.417 -41.4 35.4
      vertex -10.682 -41.4 31.2
      vertex -10.682 -41.4 35.4
    endloop
  endfacet
  facet normal 0 0 -1
    outer loop
      vertex -11.417 -41.4 31.2
      vertex -11.417 -40.9 31.2
      vertex -10.682 -40.9 31.2
    endloop
  endfacet
  facet normal 0 0 -1
    outer loop
      vertex -11.417 -41.4 31.2
      vertex -10.682 -40.9 31.2
      vertex -10.682 -41.4 31.2
    endloop
  endfacet
  facet normal 0 0 1
    outer loop
      vertex -11.417 -40.9 35.4
      vertex -11.417 -41.4 35.4
      vertex -10.682 -41.4 35.4
    endloop
  endfacet
  facet normal 0 0 1
    outer loop
      vertex -11.417 -40.9 35.4
      vertex -10.682 -41.4 35.4
      vertex -10.682 -40.9 35.4
    endloop
  endfacet
  facet normal 1 0 0
    outer loop
      vertex -10.682 -40.9 31.2
      vertex -10.682 -40.9 35.4
      vertex -10.682 -41.4 35.4
    endloop
  endfacet
  facet normal 1 0 0
    outer loop
      vertex -10.682 -40.9 31.2
      vertex -10.682 -41.4 35.4
      vertex -10.682 -41.4 31.2
    endloop
  endfacet
  facet normal -1 0 0
    outer loop
      vertex -11.417 -41.4 31.2
      vertex -11.417 -41.4 35.4
      vertex -11.417 -40.9 35.4
    endloop
  endfacet
  facet normal -1 0 0
    outer loop
      vertex -11.417 -41.4 31.2
      vertex -11.417 -40.9 35.4
      vertex -11.417 -40.9 31.2
    endloop
  endfacet
  facet normal 0 1 0
    outer loop
      vertex -16.3 -40.9 31.568
      vertex -11.05 -40.9 31.568
      vertex -11.05 -40.9 30.833
    endloop
  endfacet
  facet normal 0 1 0
    outer loop
      vertex -16.3 -40.9 31.568
      vertex -11.05 -40.9 30.833
      vertex -16.3 -40.9 30.833
    endloop
  endfacet
  facet normal 0 -1 0
    outer loop
      vertex -11.05 -41.4 31.568
      vertex -16.3 -41.4 31.568
      vertex -16.3 -41.4 30.833
    endloop
  endfacet
  facet normal 0 -1 0
    outer loop
      vertex -11.05 -41.4 31.568
      vertex -16.3 -41.4 30.833
      vertex -11.05 -41.4 30.833
    endloop
  endfacet
  facet normal -1 0 0
    outer loop
      vertex -16.3 -41.4 31.568
      vertex -16.3 -40.9 31.568
      vertex -16.3 -40.9 30.833
    endloop
  endfacet
  facet normal -1 0 0
    outer loop
      vertex -16.3 -41.4 31.568
      vertex -16.3 -40.9 30.833
      vertex -16.3 -41.4 30.833
    endloop
  endfacet
  facet normal 1 0 0
    outer loop
      vertex -11.05 -40.9 31.568
      vertex -11.05 -41.4 31.568
      vertex -11.05 -41.4 30.833
    endloop
  endfacet
  facet normal 1 0 0
    outer loop
      vertex -11.05 -40.9 31.568
      vertex -11.05 -41.4 30.833
      vertex -11.05 -40.9 30.833
    endloop
  endfacet
  facet normal 0 0 -1
    outer loop
      vertex -16.3 -40.9 30.833
      vertex -11.05 -40.9 30.833
      vertex -11.05 -41.4 30.833
    endloop
  endfacet
  facet normal 0 0 -1
    outer loop
      vertex -16.3 -40.9 30.833
      vertex -11.05 -41.4 30.833
      vertex -16.3 -41.4 30.833
    endloop
  endfacet
  facet normal 0 0 1
    outer loop
      vertex -16.3 -41.4 31.568
      vertex -11.05 -41.4 31.568
      vertex -11.05 -40.9 31.568
    endloop
  endfacet
  facet normal 0 0 1
    outer loop
      vertex -16.3 -41.4 31.568
      vertex -11.05 -40.9 31.568
      vertex -16.3 -40.9 31.568
    endloop
  endfacet
  facet normal 0 1 0
    outer loop
      vertex -16.667 -40.9 27
      vertex -16.667 -40.9 31.2
      vertex -15.932 -40.9 31.2
    endloop
  endfacet
  facet normal 0 1 0
    outer loop
      vertex -16.667 -40.9 27
      vertex -15.932 -40.9 31.2
      vertex -15.932 -40.9 27
    endloop
  endfacet
  facet normal 0 -1 0
    outer loop
      vertex -16.667 -41.4 31.2
      vertex -16.667 -41.4 27
      vertex -15.932 -41.4 27
    endloop
  endfacet
  facet normal 0 -1 0
    outer loop
      vertex -16.667 -41.4 31.2
      vertex -15.932 -41.4 27
      vertex -15.932 -41.4 31.2
    endloop
  endfacet
  facet normal 0 0 -1
    outer loop
      vertex -16.667 -41.4 27
      vertex -16.667 -40.9 27
      vertex -15.932 -40.9 27
    endloop
  endfacet
  facet normal 0 0 -1
    outer loop
      vertex -16.667 -41.4 27
      vertex -15.932 -40.9 27
      vertex -15.932 -41.4 27
    endloop
  endfacet
  facet normal 0 0 1
    outer loop
      vertex -16.667 -40.9 31.2
      vertex -16.667 -41.4 31.2
      vertex -15.932 -41.4 31.2
    endloop
  endfacet
  facet normal 0 0 1
    outer loop
      vertex -16.667 -40.9 31.2
      vertex -15.932 -41.4 31.2
      vertex -15.932 -40.9 31.2
    endloop
  endfacet
  facet normal 1 0 0
    outer loop
      vertex -15.932 -40.9 27
      vertex -15.932 -40.9 31.2
      vertex -15.932 -41.4 31.2
    endloop
  endfacet
  facet normal 1 0 0
    outer loop
      vertex -15.932 -40.9 27
      vertex -15.932 -41.4 31.2
      vertex -15.932 -41.4 27
    endloop
  endfacet
  facet normal -1 0 0
    outer loop
      vertex -16.667 -41.4 27
      vertex -16.667 -41.4 31.2
      vertex -16.667 -40.9 31.2
    endloop
  endfacet
  facet normal -1 0 0
    outer loop
      vertex -16.667 -41.4 27
      vertex -16.667 -40.9 31.2
      vertex -16.667 -40.9 27
    endloop
  endfacet
  facet normal 0 1 0
    outer loop
      vertex -11.417 -40.9 27
      vertex -11.417 -40.9 31.2
      vertex -10.682 -40.9 31.2
    endloop
  endfacet
  facet normal 0 1 0
    outer loop
      vertex -11.417 -40.9 27
      vertex -10.682 -40.9 31.2
      vertex -10.682 -40.9 27
    endloop
  endfacet
  facet normal 0 -1 0
    outer loop
      vertex -11.417 -41.4 31.2
      vertex -11.417 -41.4 27
      vertex -10.682 -41.4 27
    endloop
  endfacet
  facet normal 0 -1 0
    outer loop
      vertex -11.417 -41.4 31.2
      vertex -10.682 -41.4 27
      vertex -10.682 -41.4 31.2
    endloop
  endfacet
  facet normal 0 0 -1
    outer loop
      vertex -11.417 -41.4 27
      vertex -11.417 -40.9 27
      vertex -10.682 -40.9 27
    endloop
  endfacet
  facet normal 0 0 -1
    outer loop
      vertex -11.417 -41.4 27
      vertex -10.682 -40.9 27
      vertex -10.682 -41.4 27
    endloop
  endfacet
  facet normal 0 0 1
    outer loop
      vertex -11.417 -40.9 31.2
      vertex -11.417 -41.4 31.2
      vertex -10.682 -41.4 31.2
    endloop
  endfacet
  facet normal 0 0 1
    outer loop
      vertex -11.417 -40.9 31.2
      vertex -10.682 -41.4 31.2
      vertex -10.682 -40.9 31.2
    endloop
  endfacet
  facet normal 1 0 0
    outer loop
      vertex -10.682 -40.9 27
      vertex -10.682 -40.9 31.2
      vertex -10.682 -41.4 31.2
    endloop
  endfacet
  facet normal 1 0 0
    outer loop
      vertex -10.682 -40.9 27
      vertex -10.682 -41.4 31.2
      vertex -10.682 -41.4 27
    endloop
  endfacet
  facet normal -1 0 0
    outer loop
      vertex -11.417 -41.4 27
      vertex -11.417 -41.4 31.2
      vertex -11.417 -40.9 31.2
    endloop
  endfacet
  facet normal -1 0 0
    outer loop
      vertex -11.417 -41.4 27
      vertex -11.417 -40.9 31.2
      vertex -11.417 -40.9 27
    endloop
  endfacet
  facet normal 0 1 0
    outer loop
      vertex -9.317 -40.9 27
      vertex -9.317 -40.9 35.4
      vertex -8.582 -40.9 35.4
    endloop
  endfacet
  facet normal 0 1 0
    outer loop
      vertex -9.317 -40.9 27
      vertex -8.582 -40.9 35.4
      vertex -8.582 -40.9 27
    endloop
  endfacet
  facet normal 0 -1 0
    outer loop
      vertex -9.317 -41.4 35.4
      vertex -9.317 -41.4 27
      vertex -8.582 -41.4 27
    endloop
  endfacet
  facet normal 0 -1 0
    outer loop
      vertex -9.317 -41.4 35.4
      vertex -8.582 -41.4 27
      vertex -8.582 -41.4 35.4
    endloop
  endfacet
  facet normal 0 0 -1
    outer loop
      vertex -9.317 -41.4 27
      vertex -9.317 -40.9 27
      vertex -8.582 -40.9 27
    endloop
  endfacet
  facet normal 0 0 -1
    outer loop
      vertex -9.317 -41.4 27
      vertex -8.582 -40.9 27
      vertex -8.582 -41.4 27
    endloop
  endfacet
  facet normal 0 0 1
    outer loop
      vertex -9.317 -40.9 35.4
      vertex -9.317 -41.4 35.4
      vertex -8.582 -41.4 35.4
    endloop
  endfacet
  facet normal 0 0 1
    outer loop
      vertex -9.317 -40.9 35.4
      vertex -8.582 -41.4 35.4
      vertex -8.582 -40.9 35.4
    endloop
  endfacet
  facet normal 1 0 0
    outer loop
      vertex -8.582 -40.9 27
      vertex -8.582 -40.9 35.4
      vertex -8.582 -41.4 35.4
    endloop
  endfacet
  facet normal 1 0 0
    outer loop
      vertex -8.582 -40.9 27
      vertex -8.582 -41.4 35.4
      vertex -8.582 -41.4 27
    endloop
  endfacet
  facet normal -1 0 0
    outer loop
      vertex -9.317 -41.4 27
      vertex -9.317 -41.4 35.4
      vertex -9.317 -40.9 35.4
    endloop
  endfacet
  facet normal -1 0 0
    outer loop
      vertex -9.317 -41.4 27
      vertex -9.317 -40.9 35.4
      vertex -9.317 -40.9 27
    endloop
  endfacet
  facet normal 0 1 0
    outer loop
      vertex -4.067 -40.9 27
      vertex -4.067 -40.9 35.4
      vertex -3.332 -40.9 35.4
    endloop
  endfacet
  facet normal 0 1 0
    outer loop
      vertex -4.067 -40.9 27
      vertex -3.332 -40.9 35.4
      vertex -3.332 -40.9 27
    endloop
  endfacet
  facet normal 0 -1 0
    outer loop
      vertex -4.067 -41.4 35.4
      vertex -4.067 -41.4 27
      vertex -3.332 -41.4 27
    endloop
  endfacet
  facet normal 0 -1 0
    outer loop
      vertex -4.067 -41.4 35.4
      vertex -3.332 -41.4 27
      vertex -3.332 -41.4 35.4
    endloop
  endfacet
  facet normal 0 0 -1
    outer loop
      vertex -4.067 -41.4 27
      vertex -4.067 -40.9 27
      vertex -3.332 -40.9 27
    endloop
  endfacet
  facet normal 0 0 -1
    outer loop
      vertex -4.067 -41.4 27
      vertex -3.332 -40.9 27
      vertex -3.332 -41.4 27
    endloop
  endfacet
  facet normal 0 0 1
    outer loop
      vertex -4.067 -40.9 35.4
      vertex -4.067 -41.4 35.4
      vertex -3.332 -41.4 35.4
    endloop
  endfacet
  facet normal 0 0 1
    outer loop
      vertex -4.067 -40.9 35.4
      vertex -3.332 -41.4 35.4
      vertex -3.332 -40.9 35.4
    endloop
  endfacet
  facet normal 1 0 0
    outer loop
      vertex -3.332 -40.9 27
      vertex -3.332 -40.9 35.4
      vertex -3.332 -41.4 35.4
    endloop
  endfacet
  facet normal 1 0 0
    outer loop
      vertex -3.332 -40.9 27
      vertex -3.332 -41.4 35.4
      vertex -3.332 -41.4 27
    endloop
  endfacet
  facet normal -1 0 0
    outer loop
      vertex -4.067 -41.4 27
      vertex -4.067 -41.4 35.4
      vertex -4.067 -40.9 35.4
    endloop
  endfacet
  facet normal -1 0 0
    outer loop
      vertex -4.067 -41.4 27
      vertex -4.067 -40.9 35.4
      vertex -4.067 -40.9 27
    endloop
  endfacet
  facet normal 0 1 0
    outer loop
      vertex -9.262 -40.9 27.195
      vertex -4.012 -40.9 35.595
      vertex -3.388 -40.9 35.205
    endloop
  endfacet
  facet normal 0 1 0
    outer loop
      vertex -9.262 -40.9 27.195
      vertex -3.388 -40.9 35.205
      vertex -8.638 -40.9 26.805
    endloop
  endfacet
  facet normal 0 -1 0
    outer loop
      vertex -4.012 -41.4 35.595
      vertex -9.262 -41.4 27.195
      vertex -8.638 -41.4 26.805
    endloop
  endfacet
  facet normal 0 -1 0
    outer loop
      vertex -4.012 -41.4 35.595
      vertex -8.638 -41.4 26.805
      vertex -3.388 -41.4 35.205
    endloop
  endfacet
  facet normal -0.53 0 -0.848
    outer loop
      vertex -9.262 -41.4 27.195
      vertex -9.262 -40.9 27.195
      vertex -8.638 -40.9 26.805
    endloop
  endfacet
  facet normal -0.53 0 -0.848
    outer loop
      vertex -9.262 -41.4 27.195
      vertex -8.638 -40.9 26.805
      vertex -8.638 -41.4 26.805
    endloop
  endfacet
  facet normal 0.53 0 0.848
    outer loop
      vertex -4.012 -40.9 35.595
      vertex -4.012 -41.4 35.595
      vertex -3.388 -41.4 35.205
    endloop
  endfacet
  facet normal 0.53 0 0.848
    outer loop
      vertex -4.012 -40.9 35.595
      vertex -3.388 -41.4 35.205
      vertex -3.388 -40.9 35.205
    endloop
  endfacet
  facet normal 0.848 0 -0.53
    outer loop
      vertex -8.638 -40.9 26.805
      vertex -3.388 -40.9 35.205
      vertex -3.388 -41.4 35.205
    endloop
  endfacet
  facet normal 0.848 0 -0.53
    outer loop
      vertex -8.638 -40.9 26.805
      vertex -3.388 -41.4 35.205
      vertex -8.638 -41.4 26.805
    endloop
  endfacet
  facet normal -0.848 0 0.53
    outer loop
      vertex -9.262 -41.4 27.195
      vertex -4.012 -41.4 35.595
      vertex -4.012 -40.9 35.595
    endloop
  endfacet
  facet normal -0.848 0 0.53
    outer loop
      vertex -9.262 -41.4 27.195
      vertex -4.012 -40.9 35.595
      vertex -9.262 -40.9 27.195
    endloop
  endfacet
  facet normal 0 1 0
    outer loop
      vertex 2.233 -40.9 27
      vertex 2.233 -40.9 35.4
      vertex 2.968 -40.9 35.4
    endloop
  endfacet
  facet normal 0 1 0
    outer loop
      vertex 2.233 -40.9 27
      vertex 2.968 -40.9 35.4
      vertex 2.968 -40.9 27
    endloop
  endfacet
  facet normal 0 -1 0
    outer loop
      vertex 2.233 -41.4 35.4
      vertex 2.233 -41.4 27
      vertex 2.968 -41.4 27
    endloop
  endfacet
  facet normal 0 -1 0
    outer loop
      vertex 2.233 -41.4 35.4
      vertex 2.968 -41.4 27
      vertex 2.968 -41.4 35.4
    endloop
  endfacet
  facet normal 0 0 -1
    outer loop
      vertex 2.233 -41.4 27
      vertex 2.233 -40.9 27
      vertex 2.968 -40.9 27
    endloop
  endfacet
  facet normal 0 0 -1
    outer loop
      vertex 2.233 -41.4 27
      vertex 2.968 -40.9 27
      vertex 2.968 -41.4 27
    endloop
  endfacet
  facet normal 0 0 1
    outer loop
      vertex 2.233 -40.9 35.4
      vertex 2.233 -41.4 35.4
      vertex 2.968 -41.4 35.4
    endloop
  endfacet
  facet normal 0 0 1
    outer loop
      vertex 2.233 -40.9 35.4
      vertex 2.968 -41.4 35.4
      vertex 2.968 -40.9 35.4
    endloop
  endfacet
  facet normal 1 0 0
    outer loop
      vertex 2.968 -40.9 27
      vertex 2.968 -40.9 35.4
      vertex 2.968 -41.4 35.4
    endloop
  endfacet
  facet normal 1 0 0
    outer loop
      vertex 2.968 -40.9 27
      vertex 2.968 -41.4 35.4
      vertex 2.968 -41.4 27
    endloop
  endfacet
  facet normal -1 0 0
    outer loop
      vertex 2.233 -41.4 27
      vertex 2.233 -41.4 35.4
      vertex 2.233 -40.9 35.4
    endloop
  endfacet
  facet normal -1 0 0
    outer loop
      vertex 2.233 -41.4 27
      vertex 2.233 -40.9 35.4
      vertex 2.233 -40.9 27
    endloop
  endfacet
  facet normal 0 1 0
    outer loop
      vertex 7.483 -40.9 27
      vertex 7.483 -40.9 35.4
      vertex 8.218 -40.9 35.4
    endloop
  endfacet
  facet normal 0 1 0
    outer loop
      vertex 7.483 -40.9 27
      vertex 8.218 -40.9 35.4
      vertex 8.218 -40.9 27
    endloop
  endfacet
  facet normal 0 -1 0
    outer loop
      vertex 7.483 -41.4 35.4
      vertex 7.483 -41.4 27
      vertex 8.218 -41.4 27
    endloop
  endfacet
  facet normal 0 -1 0
    outer loop
      vertex 7.483 -41.4 35.4
      vertex 8.218 -41.4 27
      vertex 8.218 -41.4 35.4
    endloop
  endfacet
  facet normal 0 0 -1
    outer loop
      vertex 7.483 -41.4 27
      vertex 7.483 -40.9 27
      vertex 8.218 -40.9 27
    endloop
  endfacet
  facet normal 0 0 -1
    outer loop
      vertex 7.483 -41.4 27
      vertex 8.218 -40.9 27
      vertex 8.218 -41.4 27
    endloop
  endfacet
  facet normal 0 0 1
    outer loop
      vertex 7.483 -40.9 35.4
      vertex 7.483 -41.4 35.4
      vertex 8.218 -41.4 35.4
    endloop
  endfacet
  facet normal 0 0 1
    outer loop
      vertex 7.483 -40.9 35.4
      vertex 8.218 -41.4 35.4
      vertex 8.218 -40.9 35.4
    endloop
  endfacet
  facet normal 1 0 0
    outer loop
      vertex 8.218 -40.9 27
      vertex 8.218 -40.9 35.4
      vertex 8.218 -41.4 35.4
    endloop
  endfacet
  facet normal 1 0 0
    outer loop
      vertex 8.218 -40.9 27
      vertex 8.218 -41.4 35.4
      vertex 8.218 -41.4 27
    endloop
  endfacet
  facet normal -1 0 0
    outer loop
      vertex 7.483 -41.4 27
      vertex 7.483 -41.4 35.4
      vertex 7.483 -40.9 35.4
    endloop
  endfacet
  facet normal -1 0 0
    outer loop
      vertex 7.483 -41.4 27
      vertex 7.483 -40.9 35.4
      vertex 7.483 -40.9 27
    endloop
  endfacet
  facet normal 0 1 0
    outer loop
      vertex 2.6 -40.9 31.568
      vertex 7.85 -40.9 31.568
      vertex 7.85 -40.9 30.833
    endloop
  endfacet
  facet normal 0 1 0
    outer loop
      vertex 2.6 -40.9 31.568
      vertex 7.85 -40.9 30.833
      vertex 2.6 -40.9 30.833
    endloop
  endfacet
  facet normal 0 -1 0
    outer loop
      vertex 7.85 -41.4 31.568
      vertex 2.6 -41.4 31.568
      vertex 2.6 -41.4 30.833
    endloop
  endfacet
  facet normal 0 -1 0
    outer loop
      vertex 7.85 -41.4 31.568
      vertex 2.6 -41.4 30.833
      vertex 7.85 -41.4 30.833
    endloop
  endfacet
  facet normal -1 0 0
    outer loop
      vertex 2.6 -41.4 31.568
      vertex 2.6 -40.9 31.568
      vertex 2.6 -40.9 30.833
    endloop
  endfacet
  facet normal -1 0 0
    outer loop
      vertex 2.6 -41.4 31.568
      vertex 2.6 -40.9 30.833
      vertex 2.6 -41.4 30.833
    endloop
  endfacet
  facet normal 1 0 0
    outer loop
      vertex 7.85 -40.9 31.568
      vertex 7.85 -41.4 31.568
      vertex 7.85 -41.4 30.833
    endloop
  endfacet
  facet normal 1 0 0
    outer loop
      vertex 7.85 -40.9 31.568
      vertex 7.85 -41.4 30.833
      vertex 7.85 -40.9 30.833
    endloop
  endfacet
  facet normal 0 0 -1
    outer loop
      vertex 2.6 -40.9 30.833
      vertex 7.85 -40.9 30.833
      vertex 7.85 -41.4 30.833
    endloop
  endfacet
  facet normal 0 0 -1
    outer loop
      vertex 2.6 -40.9 30.833
      vertex 7.85 -41.4 30.833
      vertex 2.6 -41.4 30.833
    endloop
  endfacet
  facet normal 0 0 1
    outer loop
      vertex 2.6 -41.4 31.568
      vertex 7.85 -41.4 31.568
      vertex 7.85 -40.9 31.568
    endloop
  endfacet
  facet normal 0 0 1
    outer loop
      vertex 2.6 -41.4 31.568
      vertex 7.85 -40.9 31.568
      vertex 2.6 -40.9 31.568
    endloop
  endfacet
  facet normal 0 1 0
    outer loop
      vertex 9.95 -40.9 35.768
      vertex 15.2 -40.9 35.768
      vertex 15.2 -40.9 35.033
    endloop
  endfacet
  facet normal 0 1 0
    outer loop
      vertex 9.95 -40.9 35.768
      vertex 15.2 -40.9 35.033
      vertex 9.95 -40.9 35.033
    endloop
  endfacet
  facet normal 0 -1 0
    outer loop
      vertex 15.2 -41.4 35.768
      vertex 9.95 -41.4 35.768
      vertex 9.95 -41.4 35.033
    endloop
  endfacet
  facet normal 0 -1 0
    outer loop
      vertex 15.2 -41.4 35.768
      vertex 9.95 -41.4 35.033
      vertex 15.2 -41.4 35.033
    endloop
  endfacet
  facet normal -1 0 0
    outer loop
      vertex 9.95 -41.4 35.768
      vertex 9.95 -40.9 35.768
      vertex 9.95 -40.9 35.033
    endloop
  endfacet
  facet normal -1 0 0
    outer loop
      vertex 9.95 -41.4 35.768
      vertex 9.95 -40.9 35.033
      vertex 9.95 -41.4 35.033
    endloop
  endfacet
  facet normal 1 0 0
    outer loop
      vertex 15.2 -40.9 35.768
      vertex 15.2 -41.4 35.768
      vertex 15.2 -41.4 35.033
    endloop
  endfacet
  facet normal 1 0 0
    outer loop
      vertex 15.2 -40.9 35.768
      vertex 15.2 -41.4 35.033
      vertex 15.2 -40.9 35.033
    endloop
  endfacet
  facet normal 0 0 -1
    outer loop
      vertex 9.95 -40.9 35.033
      vertex 15.2 -40.9 35.033
      vertex 15.2 -41.4 35.033
    endloop
  endfacet
  facet normal 0 0 -1
    outer loop
      vertex 9.95 -40.9 35.033
      vertex 15.2 -41.4 35.033
      vertex 9.95 -41.4 35.033
    endloop
  endfacet
  facet normal 0 0 1
    outer loop
      vertex 9.95 -41.4 35.768
      vertex 15.2 -41.4 35.768
      vertex 15.2 -40.9 35.768
    endloop
  endfacet
  facet normal 0 0 1
    outer loop
      vertex 9.95 -41.4 35.768
      vertex 15.2 -40.9 35.768
      vertex 9.95 -40.9 35.768
    endloop
  endfacet
  facet normal 0 1 0
    outer loop
      vertex 9.95 -40.9 31.568
      vertex 15.2 -40.9 31.568
      vertex 15.2 -40.9 30.833
    endloop
  endfacet
  facet normal 0 1 0
    outer loop
      vertex 9.95 -40.9 31.568
      vertex 15.2 -40.9 30.833
      vertex 9.95 -40.9 30.833
    endloop
  endfacet
  facet normal 0 -1 0
    outer loop
      vertex 15.2 -41.4 31.568
      vertex 9.95 -41.4 31.568
      vertex 9.95 -41.4 30.833
    endloop
  endfacet
  facet normal 0 -1 0
    outer loop
      vertex 15.2 -41.4 31.568
      vertex 9.95 -41.4 30.833
      vertex 15.2 -41.4 30.833
    endloop
  endfacet
  facet normal -1 0 0
    outer loop
      vertex 9.95 -41.4 31.568
      vertex 9.95 -40.9 31.568
      vertex 9.95 -40.9 30.833
    endloop
  endfacet
  facet normal -1 0 0
    outer loop
      vertex 9.95 -41.4 31.568
      vertex 9.95 -40.9 30.833
      vertex 9.95 -41.4 30.833
    endloop
  endfacet
  facet normal 1 0 0
    outer loop
      vertex 15.2 -40.9 31.568
      vertex 15.2 -41.4 31.568
      vertex 15.2 -41.4 30.833
    endloop
  endfacet
  facet normal 1 0 0
    outer loop
      vertex 15.2 -40.9 31.568
      vertex 15.2 -41.4 30.833
      vertex 15.2 -40.9 30.833
    endloop
  endfacet
  facet normal 0 0 -1
    outer loop
      vertex 9.95 -40.9 30.833
      vertex 15.2 -40.9 30.833
      vertex 15.2 -41.4 30.833
    endloop
  endfacet
  facet normal 0 0 -1
    outer loop
      vertex 9.95 -40.9 30.833
      vertex 15.2 -41.4 30.833
      vertex 9.95 -41.4 30.833
    endloop
  endfacet
  facet normal 0 0 1
    outer loop
      vertex 9.95 -41.4 31.568
      vertex 15.2 -41.4 31.568
      vertex 15.2 -40.9 31.568
    endloop
  endfacet
  facet normal 0 0 1
    outer loop
      vertex 9.95 -41.4 31.568
      vertex 15.2 -40.9 31.568
      vertex 9.95 -40.9 31.568
    endloop
  endfacet
  facet normal 0 1 0
    outer loop
      vertex 9.95 -40.9 27.368
      vertex 15.2 -40.9 27.368
      vertex 15.2 -40.9 26.633
    endloop
  endfacet
  facet normal 0 1 0
    outer loop
      vertex 9.95 -40.9 27.368
      vertex 15.2 -40.9 26.633
      vertex 9.95 -40.9 26.633
    endloop
  endfacet
  facet normal 0 -1 0
    outer loop
      vertex 15.2 -41.4 27.368
      vertex 9.95 -41.4 27.368
      vertex 9.95 -41.4 26.633
    endloop
  endfacet
  facet normal 0 -1 0
    outer loop
      vertex 15.2 -41.4 27.368
      vertex 9.95 -41.4 26.633
      vertex 15.2 -41.4 26.633
    endloop
  endfacet
  facet normal -1 0 0
    outer loop
      vertex 9.95 -41.4 27.368
      vertex 9.95 -40.9 27.368
      vertex 9.95 -40.9 26.633
    endloop
  endfacet
  facet normal -1 0 0
    outer loop
      vertex 9.95 -41.4 27.368
      vertex 9.95 -40.9 26.633
      vertex 9.95 -41.4 26.633
    endloop
  endfacet
  facet normal 1 0 0
    outer loop
      vertex 15.2 -40.9 27.368
      vertex 15.2 -41.4 27.368
      vertex 15.2 -41.4 26.633
    endloop
  endfacet
  facet normal 1 0 0
    outer loop
      vertex 15.2 -40.9 27.368
      vertex 15.2 -41.4 26.633
      vertex 15.2 -40.9 26.633
    endloop
  endfacet
  facet normal 0 0 -1
    outer loop
      vertex 9.95 -40.9 26.633
      vertex 15.2 -40.9 26.633
      vertex 15.2 -41.4 26.633
    endloop
  endfacet
  facet normal 0 0 -1
    outer loop
      vertex 9.95 -40.9 26.633
      vertex 15.2 -41.4 26.633
      vertex 9.95 -41.4 26.633
    endloop
  endfacet
  facet normal 0 0 1
    outer loop
      vertex 9.95 -41.4 27.368
      vertex 15.2 -41.4 27.368
      vertex 15.2 -40.9 27.368
    endloop
  endfacet
  facet normal 0 0 1
    outer loop
      vertex 9.95 -41.4 27.368
      vertex 15.2 -40.9 27.368
      vertex 9.95 -40.9 27.368
    endloop
  endfacet
  facet normal 0 1 0
    outer loop
      vertex 9.583 -40.9 27
      vertex 9.583 -40.9 35.4
      vertex 10.318 -40.9 35.4
    endloop
  endfacet
  facet normal 0 1 0
    outer loop
      vertex 9.583 -40.9 27
      vertex 10.318 -40.9 35.4
      vertex 10.318 -40.9 27
    endloop
  endfacet
  facet normal 0 -1 0
    outer loop
      vertex 9.583 -41.4 35.4
      vertex 9.583 -41.4 27
      vertex 10.318 -41.4 27
    endloop
  endfacet
  facet normal 0 -1 0
    outer loop
      vertex 9.583 -41.4 35.4
      vertex 10.318 -41.4 27
      vertex 10.318 -41.4 35.4
    endloop
  endfacet
  facet normal 0 0 -1
    outer loop
      vertex 9.583 -41.4 27
      vertex 9.583 -40.9 27
      vertex 10.318 -40.9 27
    endloop
  endfacet
  facet normal 0 0 -1
    outer loop
      vertex 9.583 -41.4 27
      vertex 10.318 -40.9 27
      vertex 10.318 -41.4 27
    endloop
  endfacet
  facet normal 0 0 1
    outer loop
      vertex 9.583 -40.9 35.4
      vertex 9.583 -41.4 35.4
      vertex 10.318 -41.4 35.4
    endloop
  endfacet
  facet normal 0 0 1
    outer loop
      vertex 9.583 -40.9 35.4
      vertex 10.318 -41.4 35.4
      vertex 10.318 -40.9 35.4
    endloop
  endfacet
  facet normal 1 0 0
    outer loop
      vertex 10.318 -40.9 27
      vertex 10.318 -40.9 35.4
      vertex 10.318 -41.4 35.4
    endloop
  endfacet
  facet normal 1 0 0
    outer loop
      vertex 10.318 -40.9 27
      vertex 10.318 -41.4 35.4
      vertex 10.318 -41.4 27
    endloop
  endfacet
  facet normal -1 0 0
    outer loop
      vertex 9.583 -41.4 27
      vertex 9.583 -41.4 35.4
      vertex 9.583 -40.9 35.4
    endloop
  endfacet
  facet normal -1 0 0
    outer loop
      vertex 9.583 -41.4 27
      vertex 9.583 -40.9 35.4
      vertex 9.583 -40.9 27
    endloop
  endfacet
  facet normal 0 1 0
    outer loop
      vertex 17.3 -40.9 35.768
      vertex 22.55 -40.9 35.768
      vertex 22.55 -40.9 35.033
    endloop
  endfacet
  facet normal 0 1 0
    outer loop
      vertex 17.3 -40.9 35.768
      vertex 22.55 -40.9 35.033
      vertex 17.3 -40.9 35.033
    endloop
  endfacet
  facet normal 0 -1 0
    outer loop
      vertex 22.55 -41.4 35.768
      vertex 17.3 -41.4 35.768
      vertex 17.3 -41.4 35.033
    endloop
  endfacet
  facet normal 0 -1 0
    outer loop
      vertex 22.55 -41.4 35.768
      vertex 17.3 -41.4 35.033
      vertex 22.55 -41.4 35.033
    endloop
  endfacet
  facet normal -1 0 0
    outer loop
      vertex 17.3 -41.4 35.768
      vertex 17.3 -40.9 35.768
      vertex 17.3 -40.9 35.033
    endloop
  endfacet
  facet normal -1 0 0
    outer loop
      vertex 17.3 -41.4 35.768
      vertex 17.3 -40.9 35.033
      vertex 17.3 -41.4 35.033
    endloop
  endfacet
  facet normal 1 0 0
    outer loop
      vertex 22.55 -40.9 35.768
      vertex 22.55 -41.4 35.768
      vertex 22.55 -41.4 35.033
    endloop
  endfacet
  facet normal 1 0 0
    outer loop
      vertex 22.55 -40.9 35.768
      vertex 22.55 -41.4 35.033
      vertex 22.55 -40.9 35.033
    endloop
  endfacet
  facet normal 0 0 -1
    outer loop
      vertex 17.3 -40.9 35.033
      vertex 22.55 -40.9 35.033
      vertex 22.55 -41.4 35.033
    endloop
  endfacet
  facet normal 0 0 -1
    outer loop
      vertex 17.3 -40.9 35.033
      vertex 22.55 -41.4 35.033
      vertex 17.3 -41.4 35.033
    endloop
  endfacet
  facet normal 0 0 1
    outer loop
      vertex 17.3 -41.4 35.768
      vertex 22.55 -41.4 35.768
      vertex 22.55 -40.9 35.768
    endloop
  endfacet
  facet normal 0 0 1
    outer loop
      vertex 17.3 -41.4 35.768
      vertex 22.55 -40.9 35.768
      vertex 17.3 -40.9 35.768
    endloop
  endfacet
  facet normal 0 1 0
    outer loop
      vertex 16.933 -40.9 31.2
      vertex 16.933 -40.9 35.4
      vertex 17.668 -40.9 35.4
    endloop
  endfacet
  facet normal 0 1 0
    outer loop
      vertex 16.933 -40.9 31.2
      vertex 17.668 -40.9 35.4
      vertex 17.668 -40.9 31.2
    endloop
  endfacet
  facet normal 0 -1 0
    outer loop
      vertex 16.933 -41.4 35.4
      vertex 16.933 -41.4 31.2
      vertex 17.668 -41.4 31.2
    endloop
  endfacet
  facet normal 0 -1 0
    outer loop
      vertex 16.933 -41.4 35.4
      vertex 17.668 -41.4 31.2
      vertex 17.668 -41.4 35.4
    endloop
  endfacet
  facet normal 0 0 -1
    outer loop
      vertex 16.933 -41.4 31.2
      vertex 16.933 -40.9 31.2
      vertex 17.668 -40.9 31.2
    endloop
  endfacet
  facet normal 0 0 -1
    outer loop
      vertex 16.933 -41.4 31.2
      vertex 17.668 -40.9 31.2
      vertex 17.668 -41.4 31.2
    endloop
  endfacet
  facet normal 0 0 1
    outer loop
      vertex 16.933 -40.9 35.4
      vertex 16.933 -41.4 35.4
      vertex 17.668 -41.4 35.4
    endloop
  endfacet
  facet normal 0 0 1
    outer loop
      vertex 16.933 -40.9 35.4
      vertex 17.668 -41.4 35.4
      vertex 17.668 -40.9 35.4
    endloop
  endfacet
  facet normal 1 0 0
    outer loop
      vertex 17.668 -40.9 31.2
      vertex 17.668 -40.9 35.4
      vertex 17.668 -41.4 35.4
    endloop
  endfacet
  facet normal 1 0 0
    outer loop
      vertex 17.668 -40.9 31.2
      vertex 17.668 -41.4 35.4
      vertex 17.668 -41.4 31.2
    endloop
  endfacet
  facet normal -1 0 0
    outer loop
      vertex 16.933 -41.4 31.2
      vertex 16.933 -41.4 35.4
      vertex 16.933 -40.9 35.4
    endloop
  endfacet
  facet normal -1 0 0
    outer loop
      vertex 16.933 -41.4 31.2
      vertex 16.933 -40.9 35.4
      vertex 16.933 -40.9 31.2
    endloop
  endfacet
  facet normal 0 1 0
    outer loop
      vertex 22.183 -40.9 31.2
      vertex 22.183 -40.9 35.4
      vertex 22.918 -40.9 35.4
    endloop
  endfacet
  facet normal 0 1 0
    outer loop
      vertex 22.183 -40.9 31.2
      vertex 22.918 -40.9 35.4
      vertex 22.918 -40.9 31.2
    endloop
  endfacet
  facet normal 0 -1 0
    outer loop
      vertex 22.183 -41.4 35.4
      vertex 22.183 -41.4 31.2
      vertex 22.918 -41.4 31.2
    endloop
  endfacet
  facet normal 0 -1 0
    outer loop
      vertex 22.183 -41.4 35.4
      vertex 22.918 -41.4 31.2
      vertex 22.918 -41.4 35.4
    endloop
  endfacet
  facet normal 0 0 -1
    outer loop
      vertex 22.183 -41.4 31.2
      vertex 22.183 -40.9 31.2
      vertex 22.918 -40.9 31.2
    endloop
  endfacet
  facet normal 0 0 -1
    outer loop
      vertex 22.183 -41.4 31.2
      vertex 22.918 -40.9 31.2
      vertex 22.918 -41.4 31.2
    endloop
  endfacet
  facet normal 0 0 1
    outer loop
      vertex 22.183 -40.9 35.4
      vertex 22.183 -41.4 35.4
      vertex 22.918 -41.4 35.4
    endloop
  endfacet
  facet normal 0 0 1
    outer loop
      vertex 22.183 -40.9 35.4
      vertex 22.918 -41.4 35.4
      vertex 22.918 -40.9 35.4
    endloop
  endfacet
  facet normal 1 0 0
    outer loop
      vertex 22.918 -40.9 31.2
      vertex 22.918 -40.9 35.4
      vertex 22.918 -41.4 35.4
    endloop
  endfacet
  facet normal 1 0 0
    outer loop
      vertex 22.918 -40.9 31.2
      vertex 22.918 -41.4 35.4
      vertex 22.918 -41.4 31.2
    endloop
  endfacet
  facet normal -1 0 0
    outer loop
      vertex 22.183 -41.4 31.2
      vertex 22.183 -41.4 35.4
      vertex 22.183 -40.9 35.4
    endloop
  endfacet
  facet normal -1 0 0
    outer loop
      vertex 22.183 -41.4 31.2
      vertex 22.183 -40.9 35.4
      vertex 22.183 -40.9 31.2
    endloop
  endfacet
  facet normal 0 1 0
    outer loop
      vertex 17.3 -40.9 31.568
      vertex 22.55 -40.9 31.568
      vertex 22.55 -40.9 30.833
    endloop
  endfacet
  facet normal 0 1 0
    outer loop
      vertex 17.3 -40.9 31.568
      vertex 22.55 -40.9 30.833
      vertex 17.3 -40.9 30.833
    endloop
  endfacet
  facet normal 0 -1 0
    outer loop
      vertex 22.55 -41.4 31.568
      vertex 17.3 -41.4 31.568
      vertex 17.3 -41.4 30.833
    endloop
  endfacet
  facet normal 0 -1 0
    outer loop
      vertex 22.55 -41.4 31.568
      vertex 17.3 -41.4 30.833
      vertex 22.55 -41.4 30.833
    endloop
  endfacet
  facet normal -1 0 0
    outer loop
      vertex 17.3 -41.4 31.568
      vertex 17.3 -40.9 31.568
      vertex 17.3 -40.9 30.833
    endloop
  endfacet
  facet normal -1 0 0
    outer loop
      vertex 17.3 -41.4 31.568
      vertex 17.3 -40.9 30.833
      vertex 17.3 -41.4 30.833
    endloop
  endfacet
  facet normal 1 0 0
    outer loop
      vertex 22.55 -40.9 31.568
      vertex 22.55 -41.4 31.568
      vertex 22.55 -41.4 30.833
    endloop
  endfacet
  facet normal 1 0 0
    outer loop
      vertex 22.55 -40.9 31.568
      vertex 22.55 -41.4 30.833
      vertex 22.55 -40.9 30.833
    endloop
  endfacet
  facet normal 0 0 -1
    outer loop
      vertex 17.3 -40.9 30.833
      vertex 22.55 -40.9 30.833
      vertex 22.55 -41.4 30.833
    endloop
  endfacet
  facet normal 0 0 -1
    outer loop
      vertex 17.3 -40.9 30.833
      vertex 22.55 -41.4 30.833
      vertex 17.3 -41.4 30.833
    endloop
  endfacet
  facet normal 0 0 1
    outer loop
      vertex 17.3 -41.4 31.568
      vertex 22.55 -41.4 31.568
      vertex 22.55 -40.9 31.568
    endloop
  endfacet
  facet normal 0 0 1
    outer loop
      vertex 17.3 -41.4 31.568
      vertex 22.55 -40.9 31.568
      vertex 17.3 -40.9 31.568
    endloop
  endfacet
  facet normal 0 1 0
    outer loop
      vertex 16.933 -40.9 27
      vertex 16.933 -40.9 31.2
      vertex 17.668 -40.9 31.2
    endloop
  endfacet
  facet normal 0 1 0
    outer loop
      vertex 16.933 -40.9 27
      vertex 17.668 -40.9 31.2
      vertex 17.668 -40.9 27
    endloop
  endfacet
  facet normal 0 -1 0
    outer loop
      vertex 16.933 -41.4 31.2
      vertex 16.933 -41.4 27
      vertex 17.668 -41.4 27
    endloop
  endfacet
  facet normal 0 -1 0
    outer loop
      vertex 16.933 -41.4 31.2
      vertex 17.668 -41.4 27
      vertex 17.668 -41.4 31.2
    endloop
  endfacet
  facet normal 0 0 -1
    outer loop
      vertex 16.933 -41.4 27
      vertex 16.933 -40.9 27
      vertex 17.668 -40.9 27
    endloop
  endfacet
  facet normal 0 0 -1
    outer loop
      vertex 16.933 -41.4 27
      vertex 17.668 -40.9 27
      vertex 17.668 -41.4 27
    endloop
  endfacet
  facet normal 0 0 1
    outer loop
      vertex 16.933 -40.9 31.2
      vertex 16.933 -41.4 31.2
      vertex 17.668 -41.4 31.2
    endloop
  endfacet
  facet normal 0 0 1
    outer loop
      vertex 16.933 -40.9 31.2
      vertex 17.668 -41.4 31.2
      vertex 17.668 -40.9 31.2
    endloop
  endfacet
  facet normal 1 0 0
    outer loop
      vertex 17.668 -40.9 27
      vertex 17.668 -40.9 31.2
      vertex 17.668 -41.4 31.2
    endloop
  endfacet
  facet normal 1 0 0
    outer loop
      vertex 17.668 -40.9 27
      vertex 17.668 -41.4 31.2
      vertex 17.668 -41.4 27
    endloop
  endfacet
  facet normal -1 0 0
    outer loop
      vertex 16.933 -41.4 27
      vertex 16.933 -41.4 31.2
      vertex 16.933 -40.9 31.2
    endloop
  endfacet
  facet normal -1 0 0
    outer loop
      vertex 16.933 -41.4 27
      vertex 16.933 -40.9 31.2
      vertex 16.933 -40.9 27
    endloop
  endfacet
  facet normal 0 1 0
    outer loop
      vertex 17.53 -40.9 31.487
      vertex 22.78 -40.9 27.287
      vertex 22.32 -40.9 26.713
    endloop
  endfacet
  facet normal 0 1 0
    outer loop
      vertex 17.53 -40.9 31.487
      vertex 22.32 -40.9 26.713
      vertex 17.07 -40.9 30.913
    endloop
  endfacet
  facet normal 0 -1 0
    outer loop
      vertex 22.78 -41.4 27.287
      vertex 17.53 -41.4 31.487
      vertex 17.07 -41.4 30.913
    endloop
  endfacet
  facet normal 0 -1 0
    outer loop
      vertex 22.78 -41.4 27.287
      vertex 17.07 -41.4 30.913
      vertex 22.32 -41.4 26.713
    endloop
  endfacet
  facet normal -0.78 0 0.625
    outer loop
      vertex 17.53 -41.4 31.487
      vertex 17.53 -40.9 31.487
      vertex 17.07 -40.9 30.913
    endloop
  endfacet
  facet normal -0.78 0 0.625
    outer loop
      vertex 17.53 -41.4 31.487
      vertex 17.07 -40.9 30.913
      vertex 17.07 -41.4 30.913
    endloop
  endfacet
  facet normal 0.78 0 -0.625
    outer loop
      vertex 22.78 -40.9 27.287
      vertex 22.78 -41.4 27.287
      vertex 22.32 -41.4 26.713
    endloop
  endfacet
  facet normal 0.78 0 -0.625
    outer loop
      vertex 22.78 -40.9 27.287
      vertex 22.32 -41.4 26.713
      vertex 22.32 -40.9 26.713
    endloop
  endfacet
  facet normal -0.625 0 -0.781
    outer loop
      vertex 17.07 -40.9 30.913
      vertex 22.32 -40.9 26.713
      vertex 22.32 -41.4 26.713
    endloop
  endfacet
  facet normal -0.625 0 -0.781
    outer loop
      vertex 17.07 -40.9 30.913
      vertex 22.32 -41.4 26.713
      vertex 17.07 -41.4 30.913
    endloop
  endfacet
  facet normal 0.625 0 0.781
    outer loop
      vertex 17.53 -41.4 31.487
      vertex 22.78 -41.4 27.287
      vertex 22.78 -40.9 27.287
    endloop
  endfacet
  facet normal 0.625 0 0.781
    outer loop
      vertex 17.53 -41.4 31.487
      vertex 22.78 -40.9 27.287
      vertex 17.53 -40.9 31.487
    endloop
  endfacet
  facet normal 0 1 0
    outer loop
      vertex 24.65 -40.9 35.768
      vertex 29.9 -40.9 35.768
      vertex 29.9 -40.9 35.033
    endloop
  endfacet
  facet normal 0 1 0
    outer loop
      vertex 24.65 -40.9 35.768
      vertex 29.9 -40.9 35.033
      vertex 24.65 -40.9 35.033
    endloop
  endfacet
  facet normal 0 -1 0
    outer loop
      vertex 29.9 -41.4 35.768
      vertex 24.65 -41.4 35.768
      vertex 24.65 -41.4 35.033
    endloop
  endfacet
  facet normal 0 -1 0
    outer loop
      vertex 29.9 -41.4 35.768
      vertex 24.65 -41.4 35.033
      vertex 29.9 -41.4 35.033
    endloop
  endfacet
  facet normal -1 0 0
    outer loop
      vertex 24.65 -41.4 35.768
      vertex 24.65 -40.9 35.768
      vertex 24.65 -40.9 35.033
    endloop
  endfacet
  facet normal -1 0 0
    outer loop
      vertex 24.65 -41.4 35.768
      vertex 24.65 -40.9 35.033
      vertex 24.65 -41.4 35.033
    endloop
  endfacet
  facet normal 1 0 0
    outer loop
      vertex 29.9 -40.9 35.768
      vertex 29.9 -41.4 35.768
      vertex 29.9 -41.4 35.033
    endloop
  endfacet
  facet normal 1 0 0
    outer loop
      vertex 29.9 -40.9 35.768
      vertex 29.9 -41.4 35.033
      vertex 29.9 -40.9 35.033
    endloop
  endfacet
  facet normal 0 0 -1
    outer loop
      vertex 24.65 -40.9 35.033
      vertex 29.9 -40.9 35.033
      vertex 29.9 -41.4 35.033
    endloop
  endfacet
  facet normal 0 0 -1
    outer loop
      vertex 24.65 -40.9 35.033
      vertex 29.9 -41.4 35.033
      vertex 24.65 -41.4 35.033
    endloop
  endfacet
  facet normal 0 0 1
    outer loop
      vertex 24.65 -41.4 35.768
      vertex 29.9 -41.4 35.768
      vertex 29.9 -40.9 35.768
    endloop
  endfacet
  facet normal 0 0 1
    outer loop
      vertex 24.65 -41.4 35.768
      vertex 29.9 -40.9 35.768
      vertex 24.65 -40.9 35.768
    endloop
  endfacet
  facet normal 0 1 0
    outer loop
      vertex 24.65 -40.9 31.568
      vertex 29.9 -40.9 31.568
      vertex 29.9 -40.9 30.833
    endloop
  endfacet
  facet normal 0 1 0
    outer loop
      vertex 24.65 -40.9 31.568
      vertex 29.9 -40.9 30.833
      vertex 24.65 -40.9 30.833
    endloop
  endfacet
  facet normal 0 -1 0
    outer loop
      vertex 29.9 -41.4 31.568
      vertex 24.65 -41.4 31.568
      vertex 24.65 -41.4 30.833
    endloop
  endfacet
  facet normal 0 -1 0
    outer loop
      vertex 29.9 -41.4 31.568
      vertex 24.65 -41.4 30.833
      vertex 29.9 -41.4 30.833
    endloop
  endfacet
  facet normal -1 0 0
    outer loop
      vertex 24.65 -41.4 31.568
      vertex 24.65 -40.9 31.568
      vertex 24.65 -40.9 30.833
    endloop
  endfacet
  facet normal -1 0 0
    outer loop
      vertex 24.65 -41.4 31.568
      vertex 24.65 -40.9 30.833
      vertex 24.65 -41.4 30.833
    endloop
  endfacet
  facet normal 1 0 0
    outer loop
      vertex 29.9 -40.9 31.568
      vertex 29.9 -41.4 31.568
      vertex 29.9 -41.4 30.833
    endloop
  endfacet
  facet normal 1 0 0
    outer loop
      vertex 29.9 -40.9 31.568
      vertex 29.9 -41.4 30.833
      vertex 29.9 -40.9 30.833
    endloop
  endfacet
  facet normal 0 0 -1
    outer loop
      vertex 24.65 -40.9 30.833
      vertex 29.9 -40.9 30.833
      vertex 29.9 -41.4 30.833
    endloop
  endfacet
  facet normal 0 0 -1
    outer loop
      vertex 24.65 -40.9 30.833
      vertex 29.9 -41.4 30.833
      vertex 24.65 -41.4 30.833
    endloop
  endfacet
  facet normal 0 0 1
    outer loop
      vertex 24.65 -41.4 31.568
      vertex 29.9 -41.4 31.568
      vertex 29.9 -40.9 31.568
    endloop
  endfacet
  facet normal 0 0 1
    outer loop
      vertex 24.65 -41.4 31.568
      vertex 29.9 -40.9 31.568
      vertex 24.65 -40.9 31.568
    endloop
  endfacet
  facet normal 0 1 0
    outer loop
      vertex 24.65 -40.9 27.368
      vertex 29.9 -40.9 27.368
      vertex 29.9 -40.9 26.633
    endloop
  endfacet
  facet normal 0 1 0
    outer loop
      vertex 24.65 -40.9 27.368
      vertex 29.9 -40.9 26.633
      vertex 24.65 -40.9 26.633
    endloop
  endfacet
  facet normal 0 -1 0
    outer loop
      vertex 29.9 -41.4 27.368
      vertex 24.65 -41.4 27.368
      vertex 24.65 -41.4 26.633
    endloop
  endfacet
  facet normal 0 -1 0
    outer loop
      vertex 29.9 -41.4 27.368
      vertex 24.65 -41.4 26.633
      vertex 29.9 -41.4 26.633
    endloop
  endfacet
  facet normal -1 0 0
    outer loop
      vertex 24.65 -41.4 27.368
      vertex 24.65 -40.9 27.368
      vertex 24.65 -40.9 26.633
    endloop
  endfacet
  facet normal -1 0 0
    outer loop
      vertex 24.65 -41.4 27.368
      vertex 24.65 -40.9 26.633
      vertex 24.65 -41.4 26.633
    endloop
  endfacet
  facet normal 1 0 0
    outer loop
      vertex 29.9 -40.9 27.368
      vertex 29.9 -41.4 27.368
      vertex 29.9 -41.4 26.633
    endloop
  endfacet
  facet normal 1 0 0
    outer loop
      vertex 29.9 -40.9 27.368
      vertex 29.9 -41.4 26.633
      vertex 29.9 -40.9 26.633
    endloop
  endfacet
  facet normal 0 0 -1
    outer loop
      vertex 24.65 -40.9 26.633
      vertex 29.9 -40.9 26.633
      vertex 29.9 -41.4 26.633
    endloop
  endfacet
  facet normal 0 0 -1
    outer loop
      vertex 24.65 -40.9 26.633
      vertex 29.9 -41.4 26.633
      vertex 24.65 -41.4 26.633
    endloop
  endfacet
  facet normal 0 0 1
    outer loop
      vertex 24.65 -41.4 27.368
      vertex 29.9 -41.4 27.368
      vertex 29.9 -40.9 27.368
    endloop
  endfacet
  facet normal 0 0 1
    outer loop
      vertex 24.65 -41.4 27.368
      vertex 29.9 -40.9 27.368
      vertex 24.65 -40.9 27.368
    endloop
  endfacet
  facet normal 0 1 0
    outer loop
      vertex 24.283 -40.9 27
      vertex 24.283 -40.9 35.4
      vertex 25.018 -40.9 35.4
    endloop
  endfacet
  facet normal 0 1 0
    outer loop
      vertex 24.283 -40.9 27
      vertex 25.018 -40.9 35.4
      vertex 25.018 -40.9 27
    endloop
  endfacet
  facet normal 0 -1 0
    outer loop
      vertex 24.283 -41.4 35.4
      vertex 24.283 -41.4 27
      vertex 25.018 -41.4 27
    endloop
  endfacet
  facet normal 0 -1 0
    outer loop
      vertex 24.283 -41.4 35.4
      vertex 25.018 -41.4 27
      vertex 25.018 -41.4 35.4
    endloop
  endfacet
  facet normal 0 0 -1
    outer loop
      vertex 24.283 -41.4 27
      vertex 24.283 -40.9 27
      vertex 25.018 -40.9 27
    endloop
  endfacet
  facet normal 0 0 -1
    outer loop
      vertex 24.283 -41.4 27
      vertex 25.018 -40.9 27
      vertex 25.018 -41.4 27
    endloop
  endfacet
  facet normal 0 0 1
    outer loop
      vertex 24.283 -40.9 35.4
      vertex 24.283 -41.4 35.4
      vertex 25.018 -41.4 35.4
    endloop
  endfacet
  facet normal 0 0 1
    outer loop
      vertex 24.283 -40.9 35.4
      vertex 25.018 -41.4 35.4
      vertex 25.018 -40.9 35.4
    endloop
  endfacet
  facet normal 1 0 0
    outer loop
      vertex 25.018 -40.9 27
      vertex 25.018 -40.9 35.4
      vertex 25.018 -41.4 35.4
    endloop
  endfacet
  facet normal 1 0 0
    outer loop
      vertex 25.018 -40.9 27
      vertex 25.018 -41.4 35.4
      vertex 25.018 -41.4 27
    endloop
  endfacet
  facet normal -1 0 0
    outer loop
      vertex 24.283 -41.4 27
      vertex 24.283 -41.4 35.4
      vertex 24.283 -40.9 35.4
    endloop
  endfacet
  facet normal -1 0 0
    outer loop
      vertex 24.283 -41.4 27
      vertex 24.283 -40.9 35.4
      vertex 24.283 -40.9 27
    endloop
  endfacet
  facet normal -0.994 0 -0.112
    outer loop
      vertex -47.9 -40.9 190
      vertex -48.003 -40.9 190.912
      vertex -48.003 -38.5 190.912
    endloop
  endfacet
  facet normal -0.994 0 -0.112
    outer loop
      vertex -47.9 -40.9 190
      vertex -48.003 -38.5 190.912
      vertex -47.9 -38.5 190
    endloop
  endfacet
  facet normal 0 1 0
    outer loop
      vertex -52 -40.9 190
      vertex -48.003 -40.9 190.912
      vertex -47.9 -40.9 190
    endloop
  endfacet
  facet normal 0 -1 0
    outer loop
      vertex -52 -38.5 190
      vertex -47.9 -38.5 190
      vertex -48.003 -38.5 190.912
    endloop
  endfacet
  facet normal -0.944 0 -0.33
    outer loop
      vertex -48.003 -40.9 190.912
      vertex -48.306 -40.9 191.779
      vertex -48.306 -38.5 191.779
    endloop
  endfacet
  facet normal -0.944 0 -0.33
    outer loop
      vertex -48.003 -40.9 190.912
      vertex -48.306 -38.5 191.779
      vertex -48.003 -38.5 190.912
    endloop
  endfacet
  facet normal 0 1 0
    outer loop
      vertex -52 -40.9 190
      vertex -48.306 -40.9 191.779
      vertex -48.003 -40.9 190.912
    endloop
  endfacet
  facet normal 0 -1 0
    outer loop
      vertex -52 -38.5 190
      vertex -48.003 -38.5 190.912
      vertex -48.306 -38.5 191.779
    endloop
  endfacet
  facet normal -0.847 0 -0.532
    outer loop
      vertex -48.306 -40.9 191.779
      vertex -48.794 -40.9 192.556
      vertex -48.794 -38.5 192.556
    endloop
  endfacet
  facet normal -0.847 0 -0.532
    outer loop
      vertex -48.306 -40.9 191.779
      vertex -48.794 -38.5 192.556
      vertex -48.306 -38.5 191.779
    endloop
  endfacet
  facet normal 0 1 0
    outer loop
      vertex -52 -40.9 190
      vertex -48.794 -40.9 192.556
      vertex -48.306 -40.9 191.779
    endloop
  endfacet
  facet normal 0 -1 0
    outer loop
      vertex -52 -38.5 190
      vertex -48.306 -38.5 191.779
      vertex -48.794 -38.5 192.556
    endloop
  endfacet
  facet normal -0.707 0 -0.707
    outer loop
      vertex -48.794 -40.9 192.556
      vertex -49.444 -40.9 193.206
      vertex -49.444 -38.5 193.206
    endloop
  endfacet
  facet normal -0.707 0 -0.707
    outer loop
      vertex -48.794 -40.9 192.556
      vertex -49.444 -38.5 193.206
      vertex -48.794 -38.5 192.556
    endloop
  endfacet
  facet normal 0 1 0
    outer loop
      vertex -52 -40.9 190
      vertex -49.444 -40.9 193.206
      vertex -48.794 -40.9 192.556
    endloop
  endfacet
  facet normal 0 -1 0
    outer loop
      vertex -52 -38.5 190
      vertex -48.794 -38.5 192.556
      vertex -49.444 -38.5 193.206
    endloop
  endfacet
  facet normal -0.532 0 -0.847
    outer loop
      vertex -49.444 -40.9 193.206
      vertex -50.221 -40.9 193.694
      vertex -50.221 -38.5 193.694
    endloop
  endfacet
  facet normal -0.532 0 -0.847
    outer loop
      vertex -49.444 -40.9 193.206
      vertex -50.221 -38.5 193.694
      vertex -49.444 -38.5 193.206
    endloop
  endfacet
  facet normal 0 1 0
    outer loop
      vertex -52 -40.9 190
      vertex -50.221 -40.9 193.694
      vertex -49.444 -40.9 193.206
    endloop
  endfacet
  facet normal 0 -1 0
    outer loop
      vertex -52 -38.5 190
      vertex -49.444 -38.5 193.206
      vertex -50.221 -38.5 193.694
    endloop
  endfacet
  facet normal -0.33 0 -0.944
    outer loop
      vertex -50.221 -40.9 193.694
      vertex -51.088 -40.9 193.997
      vertex -51.088 -38.5 193.997
    endloop
  endfacet
  facet normal -0.33 0 -0.944
    outer loop
      vertex -50.221 -40.9 193.694
      vertex -51.088 -38.5 193.997
      vertex -50.221 -38.5 193.694
    endloop
  endfacet
  facet normal 0 1 0
    outer loop
      vertex -52 -40.9 190
      vertex -51.088 -40.9 193.997
      vertex -50.221 -40.9 193.694
    endloop
  endfacet
  facet normal 0 -1 0
    outer loop
      vertex -52 -38.5 190
      vertex -50.221 -38.5 193.694
      vertex -51.088 -38.5 193.997
    endloop
  endfacet
  facet normal -0.112 0 -0.994
    outer loop
      vertex -51.088 -40.9 193.997
      vertex -52 -40.9 194.1
      vertex -52 -38.5 194.1
    endloop
  endfacet
  facet normal -0.112 0 -0.994
    outer loop
      vertex -51.088 -40.9 193.997
      vertex -52 -38.5 194.1
      vertex -51.088 -38.5 193.997
    endloop
  endfacet
  facet normal 0 1 0
    outer loop
      vertex -52 -40.9 190
      vertex -52 -40.9 194.1
      vertex -51.088 -40.9 193.997
    endloop
  endfacet
  facet normal 0 -1 0
    outer loop
      vertex -52 -38.5 190
      vertex -51.088 -38.5 193.997
      vertex -52 -38.5 194.1
    endloop
  endfacet
  facet normal 0.112 0 -0.994
    outer loop
      vertex -52 -40.9 194.1
      vertex -52.912 -40.9 193.997
      vertex -52.912 -38.5 193.997
    endloop
  endfacet
  facet normal 0.112 0 -0.994
    outer loop
      vertex -52 -40.9 194.1
      vertex -52.912 -38.5 193.997
      vertex -52 -38.5 194.1
    endloop
  endfacet
  facet normal 0 1 0
    outer loop
      vertex -52 -40.9 190
      vertex -52.912 -40.9 193.997
      vertex -52 -40.9 194.1
    endloop
  endfacet
  facet normal 0 -1 0
    outer loop
      vertex -52 -38.5 190
      vertex -52 -38.5 194.1
      vertex -52.912 -38.5 193.997
    endloop
  endfacet
  facet normal 0.33 0 -0.944
    outer loop
      vertex -52.912 -40.9 193.997
      vertex -53.779 -40.9 193.694
      vertex -53.779 -38.5 193.694
    endloop
  endfacet
  facet normal 0.33 0 -0.944
    outer loop
      vertex -52.912 -40.9 193.997
      vertex -53.779 -38.5 193.694
      vertex -52.912 -38.5 193.997
    endloop
  endfacet
  facet normal 0 1 0
    outer loop
      vertex -52 -40.9 190
      vertex -53.779 -40.9 193.694
      vertex -52.912 -40.9 193.997
    endloop
  endfacet
  facet normal 0 -1 0
    outer loop
      vertex -52 -38.5 190
      vertex -52.912 -38.5 193.997
      vertex -53.779 -38.5 193.694
    endloop
  endfacet
  facet normal 0.532 0 -0.847
    outer loop
      vertex -53.779 -40.9 193.694
      vertex -54.556 -40.9 193.206
      vertex -54.556 -38.5 193.206
    endloop
  endfacet
  facet normal 0.532 0 -0.847
    outer loop
      vertex -53.779 -40.9 193.694
      vertex -54.556 -38.5 193.206
      vertex -53.779 -38.5 193.694
    endloop
  endfacet
  facet normal 0 1 0
    outer loop
      vertex -52 -40.9 190
      vertex -54.556 -40.9 193.206
      vertex -53.779 -40.9 193.694
    endloop
  endfacet
  facet normal 0 -1 0
    outer loop
      vertex -52 -38.5 190
      vertex -53.779 -38.5 193.694
      vertex -54.556 -38.5 193.206
    endloop
  endfacet
  facet normal 0.707 0 -0.707
    outer loop
      vertex -54.556 -40.9 193.206
      vertex -55.206 -40.9 192.556
      vertex -55.206 -38.5 192.556
    endloop
  endfacet
  facet normal 0.707 0 -0.707
    outer loop
      vertex -54.556 -40.9 193.206
      vertex -55.206 -38.5 192.556
      vertex -54.556 -38.5 193.206
    endloop
  endfacet
  facet normal 0 1 0
    outer loop
      vertex -52 -40.9 190
      vertex -55.206 -40.9 192.556
      vertex -54.556 -40.9 193.206
    endloop
  endfacet
  facet normal 0 -1 0
    outer loop
      vertex -52 -38.5 190
      vertex -54.556 -38.5 193.206
      vertex -55.206 -38.5 192.556
    endloop
  endfacet
  facet normal 0.847 0 -0.532
    outer loop
      vertex -55.206 -40.9 192.556
      vertex -55.694 -40.9 191.779
      vertex -55.694 -38.5 191.779
    endloop
  endfacet
  facet normal 0.847 0 -0.532
    outer loop
      vertex -55.206 -40.9 192.556
      vertex -55.694 -38.5 191.779
      vertex -55.206 -38.5 192.556
    endloop
  endfacet
  facet normal 0 1 0
    outer loop
      vertex -52 -40.9 190
      vertex -55.694 -40.9 191.779
      vertex -55.206 -40.9 192.556
    endloop
  endfacet
  facet normal 0 -1 0
    outer loop
      vertex -52 -38.5 190
      vertex -55.206 -38.5 192.556
      vertex -55.694 -38.5 191.779
    endloop
  endfacet
  facet normal 0.944 0 -0.33
    outer loop
      vertex -55.694 -40.9 191.779
      vertex -55.997 -40.9 190.912
      vertex -55.997 -38.5 190.912
    endloop
  endfacet
  facet normal 0.944 0 -0.33
    outer loop
      vertex -55.694 -40.9 191.779
      vertex -55.997 -38.5 190.912
      vertex -55.694 -38.5 191.779
    endloop
  endfacet
  facet normal 0 1 0
    outer loop
      vertex -52 -40.9 190
      vertex -55.997 -40.9 190.912
      vertex -55.694 -40.9 191.779
    endloop
  endfacet
  facet normal 0 -1 0
    outer loop
      vertex -52 -38.5 190
      vertex -55.694 -38.5 191.779
      vertex -55.997 -38.5 190.912
    endloop
  endfacet
  facet normal 0.994 0 -0.112
    outer loop
      vertex -55.997 -40.9 190.912
      vertex -56.1 -40.9 190
      vertex -56.1 -38.5 190
    endloop
  endfacet
  facet normal 0.994 0 -0.112
    outer loop
      vertex -55.997 -40.9 190.912
      vertex -56.1 -38.5 190
      vertex -55.997 -38.5 190.912
    endloop
  endfacet
  facet normal 0 1 0
    outer loop
      vertex -52 -40.9 190
      vertex -56.1 -40.9 190
      vertex -55.997 -40.9 190.912
    endloop
  endfacet
  facet normal 0 -1 0
    outer loop
      vertex -52 -38.5 190
      vertex -55.997 -38.5 190.912
      vertex -56.1 -38.5 190
    endloop
  endfacet
  facet normal 0.994 0 0.112
    outer loop
      vertex -56.1 -40.9 190
      vertex -55.997 -40.9 189.088
      vertex -55.997 -38.5 189.088
    endloop
  endfacet
  facet normal 0.994 0 0.112
    outer loop
      vertex -56.1 -40.9 190
      vertex -55.997 -38.5 189.088
      vertex -56.1 -38.5 190
    endloop
  endfacet
  facet normal 0 1 0
    outer loop
      vertex -52 -40.9 190
      vertex -55.997 -40.9 189.088
      vertex -56.1 -40.9 190
    endloop
  endfacet
  facet normal 0 -1 0
    outer loop
      vertex -52 -38.5 190
      vertex -56.1 -38.5 190
      vertex -55.997 -38.5 189.088
    endloop
  endfacet
  facet normal 0.944 0 0.33
    outer loop
      vertex -55.997 -40.9 189.088
      vertex -55.694 -40.9 188.221
      vertex -55.694 -38.5 188.221
    endloop
  endfacet
  facet normal 0.944 0 0.33
    outer loop
      vertex -55.997 -40.9 189.088
      vertex -55.694 -38.5 188.221
      vertex -55.997 -38.5 189.088
    endloop
  endfacet
  facet normal 0 1 0
    outer loop
      vertex -52 -40.9 190
      vertex -55.694 -40.9 188.221
      vertex -55.997 -40.9 189.088
    endloop
  endfacet
  facet normal 0 -1 0
    outer loop
      vertex -52 -38.5 190
      vertex -55.997 -38.5 189.088
      vertex -55.694 -38.5 188.221
    endloop
  endfacet
  facet normal 0.847 0 0.532
    outer loop
      vertex -55.694 -40.9 188.221
      vertex -55.206 -40.9 187.444
      vertex -55.206 -38.5 187.444
    endloop
  endfacet
  facet normal 0.847 0 0.532
    outer loop
      vertex -55.694 -40.9 188.221
      vertex -55.206 -38.5 187.444
      vertex -55.694 -38.5 188.221
    endloop
  endfacet
  facet normal 0 1 0
    outer loop
      vertex -52 -40.9 190
      vertex -55.206 -40.9 187.444
      vertex -55.694 -40.9 188.221
    endloop
  endfacet
  facet normal 0 -1 0
    outer loop
      vertex -52 -38.5 190
      vertex -55.694 -38.5 188.221
      vertex -55.206 -38.5 187.444
    endloop
  endfacet
  facet normal 0.707 0 0.707
    outer loop
      vertex -55.206 -40.9 187.444
      vertex -54.556 -40.9 186.794
      vertex -54.556 -38.5 186.794
    endloop
  endfacet
  facet normal 0.707 0 0.707
    outer loop
      vertex -55.206 -40.9 187.444
      vertex -54.556 -38.5 186.794
      vertex -55.206 -38.5 187.444
    endloop
  endfacet
  facet normal 0 1 0
    outer loop
      vertex -52 -40.9 190
      vertex -54.556 -40.9 186.794
      vertex -55.206 -40.9 187.444
    endloop
  endfacet
  facet normal 0 -1 0
    outer loop
      vertex -52 -38.5 190
      vertex -55.206 -38.5 187.444
      vertex -54.556 -38.5 186.794
    endloop
  endfacet
  facet normal 0.532 0 0.847
    outer loop
      vertex -54.556 -40.9 186.794
      vertex -53.779 -40.9 186.306
      vertex -53.779 -38.5 186.306
    endloop
  endfacet
  facet normal 0.532 0 0.847
    outer loop
      vertex -54.556 -40.9 186.794
      vertex -53.779 -38.5 186.306
      vertex -54.556 -38.5 186.794
    endloop
  endfacet
  facet normal 0 1 0
    outer loop
      vertex -52 -40.9 190
      vertex -53.779 -40.9 186.306
      vertex -54.556 -40.9 186.794
    endloop
  endfacet
  facet normal 0 -1 0
    outer loop
      vertex -52 -38.5 190
      vertex -54.556 -38.5 186.794
      vertex -53.779 -38.5 186.306
    endloop
  endfacet
  facet normal 0.33 0 0.944
    outer loop
      vertex -53.779 -40.9 186.306
      vertex -52.912 -40.9 186.003
      vertex -52.912 -38.5 186.003
    endloop
  endfacet
  facet normal 0.33 0 0.944
    outer loop
      vertex -53.779 -40.9 186.306
      vertex -52.912 -38.5 186.003
      vertex -53.779 -38.5 186.306
    endloop
  endfacet
  facet normal 0 1 0
    outer loop
      vertex -52 -40.9 190
      vertex -52.912 -40.9 186.003
      vertex -53.779 -40.9 186.306
    endloop
  endfacet
  facet normal 0 -1 0
    outer loop
      vertex -52 -38.5 190
      vertex -53.779 -38.5 186.306
      vertex -52.912 -38.5 186.003
    endloop
  endfacet
  facet normal 0.112 0 0.994
    outer loop
      vertex -52.912 -40.9 186.003
      vertex -52 -40.9 185.9
      vertex -52 -38.5 185.9
    endloop
  endfacet
  facet normal 0.112 0 0.994
    outer loop
      vertex -52.912 -40.9 186.003
      vertex -52 -38.5 185.9
      vertex -52.912 -38.5 186.003
    endloop
  endfacet
  facet normal 0 1 0
    outer loop
      vertex -52 -40.9 190
      vertex -52 -40.9 185.9
      vertex -52.912 -40.9 186.003
    endloop
  endfacet
  facet normal 0 -1 0
    outer loop
      vertex -52 -38.5 190
      vertex -52.912 -38.5 186.003
      vertex -52 -38.5 185.9
    endloop
  endfacet
  facet normal -0.112 0 0.994
    outer loop
      vertex -52 -40.9 185.9
      vertex -51.088 -40.9 186.003
      vertex -51.088 -38.5 186.003
    endloop
  endfacet
  facet normal -0.112 0 0.994
    outer loop
      vertex -52 -40.9 185.9
      vertex -51.088 -38.5 186.003
      vertex -52 -38.5 185.9
    endloop
  endfacet
  facet normal 0 1 0
    outer loop
      vertex -52 -40.9 190
      vertex -51.088 -40.9 186.003
      vertex -52 -40.9 185.9
    endloop
  endfacet
  facet normal 0 -1 0
    outer loop
      vertex -52 -38.5 190
      vertex -52 -38.5 185.9
      vertex -51.088 -38.5 186.003
    endloop
  endfacet
  facet normal -0.33 0 0.944
    outer loop
      vertex -51.088 -40.9 186.003
      vertex -50.221 -40.9 186.306
      vertex -50.221 -38.5 186.306
    endloop
  endfacet
  facet normal -0.33 0 0.944
    outer loop
      vertex -51.088 -40.9 186.003
      vertex -50.221 -38.5 186.306
      vertex -51.088 -38.5 186.003
    endloop
  endfacet
  facet normal 0 1 0
    outer loop
      vertex -52 -40.9 190
      vertex -50.221 -40.9 186.306
      vertex -51.088 -40.9 186.003
    endloop
  endfacet
  facet normal 0 -1 0
    outer loop
      vertex -52 -38.5 190
      vertex -51.088 -38.5 186.003
      vertex -50.221 -38.5 186.306
    endloop
  endfacet
  facet normal -0.532 0 0.847
    outer loop
      vertex -50.221 -40.9 186.306
      vertex -49.444 -40.9 186.794
      vertex -49.444 -38.5 186.794
    endloop
  endfacet
  facet normal -0.532 0 0.847
    outer loop
      vertex -50.221 -40.9 186.306
      vertex -49.444 -38.5 186.794
      vertex -50.221 -38.5 186.306
    endloop
  endfacet
  facet normal 0 1 0
    outer loop
      vertex -52 -40.9 190
      vertex -49.444 -40.9 186.794
      vertex -50.221 -40.9 186.306
    endloop
  endfacet
  facet normal 0 -1 0
    outer loop
      vertex -52 -38.5 190
      vertex -50.221 -38.5 186.306
      vertex -49.444 -38.5 186.794
    endloop
  endfacet
  facet normal -0.707 0 0.707
    outer loop
      vertex -49.444 -40.9 186.794
      vertex -48.794 -40.9 187.444
      vertex -48.794 -38.5 187.444
    endloop
  endfacet
  facet normal -0.707 0 0.707
    outer loop
      vertex -49.444 -40.9 186.794
      vertex -48.794 -38.5 187.444
      vertex -49.444 -38.5 186.794
    endloop
  endfacet
  facet normal 0 1 0
    outer loop
      vertex -52 -40.9 190
      vertex -48.794 -40.9 187.444
      vertex -49.444 -40.9 186.794
    endloop
  endfacet
  facet normal 0 -1 0
    outer loop
      vertex -52 -38.5 190
      vertex -49.444 -38.5 186.794
      vertex -48.794 -38.5 187.444
    endloop
  endfacet
  facet normal -0.847 0 0.532
    outer loop
      vertex -48.794 -40.9 187.444
      vertex -48.306 -40.9 188.221
      vertex -48.306 -38.5 188.221
    endloop
  endfacet
  facet normal -0.847 0 0.532
    outer loop
      vertex -48.794 -40.9 187.444
      vertex -48.306 -38.5 188.221
      vertex -48.794 -38.5 187.444
    endloop
  endfacet
  facet normal 0 1 0
    outer loop
      vertex -52 -40.9 190
      vertex -48.306 -40.9 188.221
      vertex -48.794 -40.9 187.444
    endloop
  endfacet
  facet normal 0 -1 0
    outer loop
      vertex -52 -38.5 190
      vertex -48.794 -38.5 187.444
      vertex -48.306 -38.5 188.221
    endloop
  endfacet
  facet normal -0.944 0 0.33
    outer loop
      vertex -48.306 -40.9 188.221
      vertex -48.003 -40.9 189.088
      vertex -48.003 -38.5 189.088
    endloop
  endfacet
  facet normal -0.944 0 0.33
    outer loop
      vertex -48.306 -40.9 188.221
      vertex -48.003 -38.5 189.088
      vertex -48.306 -38.5 188.221
    endloop
  endfacet
  facet normal 0 1 0
    outer loop
      vertex -52 -40.9 190
      vertex -48.003 -40.9 189.088
      vertex -48.306 -40.9 188.221
    endloop
  endfacet
  facet normal 0 -1 0
    outer loop
      vertex -52 -38.5 190
      vertex -48.306 -38.5 188.221
      vertex -48.003 -38.5 189.088
    endloop
  endfacet
  facet normal -0.994 0 0.112
    outer loop
      vertex -48.003 -40.9 189.088
      vertex -47.9 -40.9 190
      vertex -47.9 -38.5 190
    endloop
  endfacet
  facet normal -0.994 0 0.112
    outer loop
      vertex -48.003 -40.9 189.088
      vertex -47.9 -38.5 190
      vertex -48.003 -38.5 189.088
    endloop
  endfacet
  facet normal 0 1 0
    outer loop
      vertex -52 -40.9 190
      vertex -47.9 -40.9 190
      vertex -48.003 -40.9 189.088
    endloop
  endfacet
  facet normal 0 -1 0
    outer loop
      vertex -52 -38.5 190
      vertex -48.003 -38.5 189.088
      vertex -47.9 -38.5 190
    endloop
  endfacet
  facet normal 0 1 0
    outer loop
      vertex -54 -41.05 190.225
      vertex -50 -41.05 190.225
      vertex -50 -41.05 189.775
    endloop
  endfacet
  facet normal 0 1 0
    outer loop
      vertex -54 -41.05 190.225
      vertex -50 -41.05 189.775
      vertex -54 -41.05 189.775
    endloop
  endfacet
  facet normal 0 -1 0
    outer loop
      vertex -50 -41.45 190.225
      vertex -54 -41.45 190.225
      vertex -54 -41.45 189.775
    endloop
  endfacet
  facet normal 0 -1 0
    outer loop
      vertex -50 -41.45 190.225
      vertex -54 -41.45 189.775
      vertex -50 -41.45 189.775
    endloop
  endfacet
  facet normal -1 0 0
    outer loop
      vertex -54 -41.45 190.225
      vertex -54 -41.05 190.225
      vertex -54 -41.05 189.775
    endloop
  endfacet
  facet normal -1 0 0
    outer loop
      vertex -54 -41.45 190.225
      vertex -54 -41.05 189.775
      vertex -54 -41.45 189.775
    endloop
  endfacet
  facet normal 1 0 0
    outer loop
      vertex -50 -41.05 190.225
      vertex -50 -41.45 190.225
      vertex -50 -41.45 189.775
    endloop
  endfacet
  facet normal 1 0 0
    outer loop
      vertex -50 -41.05 190.225
      vertex -50 -41.45 189.775
      vertex -50 -41.05 189.775
    endloop
  endfacet
  facet normal 0 0 -1
    outer loop
      vertex -54 -41.05 189.775
      vertex -50 -41.05 189.775
      vertex -50 -41.45 189.775
    endloop
  endfacet
  facet normal 0 0 -1
    outer loop
      vertex -54 -41.05 189.775
      vertex -50 -41.45 189.775
      vertex -54 -41.45 189.775
    endloop
  endfacet
  facet normal 0 0 1
    outer loop
      vertex -54 -41.45 190.225
      vertex -50 -41.45 190.225
      vertex -50 -41.05 190.225
    endloop
  endfacet
  facet normal 0 0 1
    outer loop
      vertex -54 -41.45 190.225
      vertex -50 -41.05 190.225
      vertex -54 -41.05 190.225
    endloop
  endfacet
  facet normal 0 1 0
    outer loop
      vertex -52.225 -41.05 188
      vertex -52.225 -41.05 192
      vertex -51.775 -41.05 192
    endloop
  endfacet
  facet normal 0 1 0
    outer loop
      vertex -52.225 -41.05 188
      vertex -51.775 -41.05 192
      vertex -51.775 -41.05 188
    endloop
  endfacet
  facet normal 0 -1 0
    outer loop
      vertex -52.225 -41.45 192
      vertex -52.225 -41.45 188
      vertex -51.775 -41.45 188
    endloop
  endfacet
  facet normal 0 -1 0
    outer loop
      vertex -52.225 -41.45 192
      vertex -51.775 -41.45 188
      vertex -51.775 -41.45 192
    endloop
  endfacet
  facet normal 0 0 -1
    outer loop
      vertex -52.225 -41.45 188
      vertex -52.225 -41.05 188
      vertex -51.775 -41.05 188
    endloop
  endfacet
  facet normal 0 0 -1
    outer loop
      vertex -52.225 -41.45 188
      vertex -51.775 -41.05 188
      vertex -51.775 -41.45 188
    endloop
  endfacet
  facet normal 0 0 1
    outer loop
      vertex -52.225 -41.05 192
      vertex -52.225 -41.45 192
      vertex -51.775 -41.45 192
    endloop
  endfacet
  facet normal 0 0 1
    outer loop
      vertex -52.225 -41.05 192
      vertex -51.775 -41.45 192
      vertex -51.775 -41.05 192
    endloop
  endfacet
  facet normal 1 0 0
    outer loop
      vertex -51.775 -41.05 188
      vertex -51.775 -41.05 192
      vertex -51.775 -41.45 192
    endloop
  endfacet
  facet normal 1 0 0
    outer loop
      vertex -51.775 -41.05 188
      vertex -51.775 -41.45 192
      vertex -51.775 -41.45 188
    endloop
  endfacet
  facet normal -1 0 0
    outer loop
      vertex -52.225 -41.45 188
      vertex -52.225 -41.45 192
      vertex -52.225 -41.05 192
    endloop
  endfacet
  facet normal -1 0 0
    outer loop
      vertex -52.225 -41.45 188
      vertex -52.225 -41.05 192
      vertex -52.225 -41.05 188
    endloop
  endfacet
  facet normal -0.994 0 -0.112
    outer loop
      vertex 56.1 -40.9 190
      vertex 55.997 -40.9 190.912
      vertex 55.997 -38.5 190.912
    endloop
  endfacet
  facet normal -0.994 0 -0.112
    outer loop
      vertex 56.1 -40.9 190
      vertex 55.997 -38.5 190.912
      vertex 56.1 -38.5 190
    endloop
  endfacet
  facet normal 0 1 0
    outer loop
      vertex 52 -40.9 190
      vertex 55.997 -40.9 190.912
      vertex 56.1 -40.9 190
    endloop
  endfacet
  facet normal 0 -1 0
    outer loop
      vertex 52 -38.5 190
      vertex 56.1 -38.5 190
      vertex 55.997 -38.5 190.912
    endloop
  endfacet
  facet normal -0.944 0 -0.33
    outer loop
      vertex 55.997 -40.9 190.912
      vertex 55.694 -40.9 191.779
      vertex 55.694 -38.5 191.779
    endloop
  endfacet
  facet normal -0.944 0 -0.33
    outer loop
      vertex 55.997 -40.9 190.912
      vertex 55.694 -38.5 191.779
      vertex 55.997 -38.5 190.912
    endloop
  endfacet
  facet normal 0 1 0
    outer loop
      vertex 52 -40.9 190
      vertex 55.694 -40.9 191.779
      vertex 55.997 -40.9 190.912
    endloop
  endfacet
  facet normal 0 -1 0
    outer loop
      vertex 52 -38.5 190
      vertex 55.997 -38.5 190.912
      vertex 55.694 -38.5 191.779
    endloop
  endfacet
  facet normal -0.847 0 -0.532
    outer loop
      vertex 55.694 -40.9 191.779
      vertex 55.206 -40.9 192.556
      vertex 55.206 -38.5 192.556
    endloop
  endfacet
  facet normal -0.847 0 -0.532
    outer loop
      vertex 55.694 -40.9 191.779
      vertex 55.206 -38.5 192.556
      vertex 55.694 -38.5 191.779
    endloop
  endfacet
  facet normal 0 1 0
    outer loop
      vertex 52 -40.9 190
      vertex 55.206 -40.9 192.556
      vertex 55.694 -40.9 191.779
    endloop
  endfacet
  facet normal 0 -1 0
    outer loop
      vertex 52 -38.5 190
      vertex 55.694 -38.5 191.779
      vertex 55.206 -38.5 192.556
    endloop
  endfacet
  facet normal -0.707 0 -0.707
    outer loop
      vertex 55.206 -40.9 192.556
      vertex 54.556 -40.9 193.206
      vertex 54.556 -38.5 193.206
    endloop
  endfacet
  facet normal -0.707 0 -0.707
    outer loop
      vertex 55.206 -40.9 192.556
      vertex 54.556 -38.5 193.206
      vertex 55.206 -38.5 192.556
    endloop
  endfacet
  facet normal 0 1 0
    outer loop
      vertex 52 -40.9 190
      vertex 54.556 -40.9 193.206
      vertex 55.206 -40.9 192.556
    endloop
  endfacet
  facet normal 0 -1 0
    outer loop
      vertex 52 -38.5 190
      vertex 55.206 -38.5 192.556
      vertex 54.556 -38.5 193.206
    endloop
  endfacet
  facet normal -0.532 0 -0.847
    outer loop
      vertex 54.556 -40.9 193.206
      vertex 53.779 -40.9 193.694
      vertex 53.779 -38.5 193.694
    endloop
  endfacet
  facet normal -0.532 0 -0.847
    outer loop
      vertex 54.556 -40.9 193.206
      vertex 53.779 -38.5 193.694
      vertex 54.556 -38.5 193.206
    endloop
  endfacet
  facet normal 0 1 0
    outer loop
      vertex 52 -40.9 190
      vertex 53.779 -40.9 193.694
      vertex 54.556 -40.9 193.206
    endloop
  endfacet
  facet normal 0 -1 0
    outer loop
      vertex 52 -38.5 190
      vertex 54.556 -38.5 193.206
      vertex 53.779 -38.5 193.694
    endloop
  endfacet
  facet normal -0.33 0 -0.944
    outer loop
      vertex 53.779 -40.9 193.694
      vertex 52.912 -40.9 193.997
      vertex 52.912 -38.5 193.997
    endloop
  endfacet
  facet normal -0.33 0 -0.944
    outer loop
      vertex 53.779 -40.9 193.694
      vertex 52.912 -38.5 193.997
      vertex 53.779 -38.5 193.694
    endloop
  endfacet
  facet normal 0 1 0
    outer loop
      vertex 52 -40.9 190
      vertex 52.912 -40.9 193.997
      vertex 53.779 -40.9 193.694
    endloop
  endfacet
  facet normal 0 -1 0
    outer loop
      vertex 52 -38.5 190
      vertex 53.779 -38.5 193.694
      vertex 52.912 -38.5 193.997
    endloop
  endfacet
  facet normal -0.112 0 -0.994
    outer loop
      vertex 52.912 -40.9 193.997
      vertex 52 -40.9 194.1
      vertex 52 -38.5 194.1
    endloop
  endfacet
  facet normal -0.112 0 -0.994
    outer loop
      vertex 52.912 -40.9 193.997
      vertex 52 -38.5 194.1
      vertex 52.912 -38.5 193.997
    endloop
  endfacet
  facet normal 0 1 0
    outer loop
      vertex 52 -40.9 190
      vertex 52 -40.9 194.1
      vertex 52.912 -40.9 193.997
    endloop
  endfacet
  facet normal 0 -1 0
    outer loop
      vertex 52 -38.5 190
      vertex 52.912 -38.5 193.997
      vertex 52 -38.5 194.1
    endloop
  endfacet
  facet normal 0.112 0 -0.994
    outer loop
      vertex 52 -40.9 194.1
      vertex 51.088 -40.9 193.997
      vertex 51.088 -38.5 193.997
    endloop
  endfacet
  facet normal 0.112 0 -0.994
    outer loop
      vertex 52 -40.9 194.1
      vertex 51.088 -38.5 193.997
      vertex 52 -38.5 194.1
    endloop
  endfacet
  facet normal 0 1 0
    outer loop
      vertex 52 -40.9 190
      vertex 51.088 -40.9 193.997
      vertex 52 -40.9 194.1
    endloop
  endfacet
  facet normal 0 -1 0
    outer loop
      vertex 52 -38.5 190
      vertex 52 -38.5 194.1
      vertex 51.088 -38.5 193.997
    endloop
  endfacet
  facet normal 0.33 0 -0.944
    outer loop
      vertex 51.088 -40.9 193.997
      vertex 50.221 -40.9 193.694
      vertex 50.221 -38.5 193.694
    endloop
  endfacet
  facet normal 0.33 0 -0.944
    outer loop
      vertex 51.088 -40.9 193.997
      vertex 50.221 -38.5 193.694
      vertex 51.088 -38.5 193.997
    endloop
  endfacet
  facet normal 0 1 0
    outer loop
      vertex 52 -40.9 190
      vertex 50.221 -40.9 193.694
      vertex 51.088 -40.9 193.997
    endloop
  endfacet
  facet normal 0 -1 0
    outer loop
      vertex 52 -38.5 190
      vertex 51.088 -38.5 193.997
      vertex 50.221 -38.5 193.694
    endloop
  endfacet
  facet normal 0.532 0 -0.847
    outer loop
      vertex 50.221 -40.9 193.694
      vertex 49.444 -40.9 193.206
      vertex 49.444 -38.5 193.206
    endloop
  endfacet
  facet normal 0.532 0 -0.847
    outer loop
      vertex 50.221 -40.9 193.694
      vertex 49.444 -38.5 193.206
      vertex 50.221 -38.5 193.694
    endloop
  endfacet
  facet normal 0 1 0
    outer loop
      vertex 52 -40.9 190
      vertex 49.444 -40.9 193.206
      vertex 50.221 -40.9 193.694
    endloop
  endfacet
  facet normal 0 -1 0
    outer loop
      vertex 52 -38.5 190
      vertex 50.221 -38.5 193.694
      vertex 49.444 -38.5 193.206
    endloop
  endfacet
  facet normal 0.707 0 -0.707
    outer loop
      vertex 49.444 -40.9 193.206
      vertex 48.794 -40.9 192.556
      vertex 48.794 -38.5 192.556
    endloop
  endfacet
  facet normal 0.707 0 -0.707
    outer loop
      vertex 49.444 -40.9 193.206
      vertex 48.794 -38.5 192.556
      vertex 49.444 -38.5 193.206
    endloop
  endfacet
  facet normal 0 1 0
    outer loop
      vertex 52 -40.9 190
      vertex 48.794 -40.9 192.556
      vertex 49.444 -40.9 193.206
    endloop
  endfacet
  facet normal 0 -1 0
    outer loop
      vertex 52 -38.5 190
      vertex 49.444 -38.5 193.206
      vertex 48.794 -38.5 192.556
    endloop
  endfacet
  facet normal 0.847 0 -0.532
    outer loop
      vertex 48.794 -40.9 192.556
      vertex 48.306 -40.9 191.779
      vertex 48.306 -38.5 191.779
    endloop
  endfacet
  facet normal 0.847 0 -0.532
    outer loop
      vertex 48.794 -40.9 192.556
      vertex 48.306 -38.5 191.779
      vertex 48.794 -38.5 192.556
    endloop
  endfacet
  facet normal 0 1 0
    outer loop
      vertex 52 -40.9 190
      vertex 48.306 -40.9 191.779
      vertex 48.794 -40.9 192.556
    endloop
  endfacet
  facet normal 0 -1 0
    outer loop
      vertex 52 -38.5 190
      vertex 48.794 -38.5 192.556
      vertex 48.306 -38.5 191.779
    endloop
  endfacet
  facet normal 0.944 0 -0.33
    outer loop
      vertex 48.306 -40.9 191.779
      vertex 48.003 -40.9 190.912
      vertex 48.003 -38.5 190.912
    endloop
  endfacet
  facet normal 0.944 0 -0.33
    outer loop
      vertex 48.306 -40.9 191.779
      vertex 48.003 -38.5 190.912
      vertex 48.306 -38.5 191.779
    endloop
  endfacet
  facet normal 0 1 0
    outer loop
      vertex 52 -40.9 190
      vertex 48.003 -40.9 190.912
      vertex 48.306 -40.9 191.779
    endloop
  endfacet
  facet normal 0 -1 0
    outer loop
      vertex 52 -38.5 190
      vertex 48.306 -38.5 191.779
      vertex 48.003 -38.5 190.912
    endloop
  endfacet
  facet normal 0.994 0 -0.112
    outer loop
      vertex 48.003 -40.9 190.912
      vertex 47.9 -40.9 190
      vertex 47.9 -38.5 190
    endloop
  endfacet
  facet normal 0.994 0 -0.112
    outer loop
      vertex 48.003 -40.9 190.912
      vertex 47.9 -38.5 190
      vertex 48.003 -38.5 190.912
    endloop
  endfacet
  facet normal 0 1 0
    outer loop
      vertex 52 -40.9 190
      vertex 47.9 -40.9 190
      vertex 48.003 -40.9 190.912
    endloop
  endfacet
  facet normal 0 -1 0
    outer loop
      vertex 52 -38.5 190
      vertex 48.003 -38.5 190.912
      vertex 47.9 -38.5 190
    endloop
  endfacet
  facet normal 0.994 0 0.112
    outer loop
      vertex 47.9 -40.9 190
      vertex 48.003 -40.9 189.088
      vertex 48.003 -38.5 189.088
    endloop
  endfacet
  facet normal 0.994 0 0.112
    outer loop
      vertex 47.9 -40.9 190
      vertex 48.003 -38.5 189.088
      vertex 47.9 -38.5 190
    endloop
  endfacet
  facet normal 0 1 0
    outer loop
      vertex 52 -40.9 190
      vertex 48.003 -40.9 189.088
      vertex 47.9 -40.9 190
    endloop
  endfacet
  facet normal 0 -1 0
    outer loop
      vertex 52 -38.5 190
      vertex 47.9 -38.5 190
      vertex 48.003 -38.5 189.088
    endloop
  endfacet
  facet normal 0.944 0 0.33
    outer loop
      vertex 48.003 -40.9 189.088
      vertex 48.306 -40.9 188.221
      vertex 48.306 -38.5 188.221
    endloop
  endfacet
  facet normal 0.944 0 0.33
    outer loop
      vertex 48.003 -40.9 189.088
      vertex 48.306 -38.5 188.221
      vertex 48.003 -38.5 189.088
    endloop
  endfacet
  facet normal 0 1 0
    outer loop
      vertex 52 -40.9 190
      vertex 48.306 -40.9 188.221
      vertex 48.003 -40.9 189.088
    endloop
  endfacet
  facet normal 0 -1 0
    outer loop
      vertex 52 -38.5 190
      vertex 48.003 -38.5 189.088
      vertex 48.306 -38.5 188.221
    endloop
  endfacet
  facet normal 0.847 0 0.532
    outer loop
      vertex 48.306 -40.9 188.221
      vertex 48.794 -40.9 187.444
      vertex 48.794 -38.5 187.444
    endloop
  endfacet
  facet normal 0.847 0 0.532
    outer loop
      vertex 48.306 -40.9 188.221
      vertex 48.794 -38.5 187.444
      vertex 48.306 -38.5 188.221
    endloop
  endfacet
  facet normal 0 1 0
    outer loop
      vertex 52 -40.9 190
      vertex 48.794 -40.9 187.444
      vertex 48.306 -40.9 188.221
    endloop
  endfacet
  facet normal 0 -1 0
    outer loop
      vertex 52 -38.5 190
      vertex 48.306 -38.5 188.221
      vertex 48.794 -38.5 187.444
    endloop
  endfacet
  facet normal 0.707 0 0.707
    outer loop
      vertex 48.794 -40.9 187.444
      vertex 49.444 -40.9 186.794
      vertex 49.444 -38.5 186.794
    endloop
  endfacet
  facet normal 0.707 0 0.707
    outer loop
      vertex 48.794 -40.9 187.444
      vertex 49.444 -38.5 186.794
      vertex 48.794 -38.5 187.444
    endloop
  endfacet
  facet normal 0 1 0
    outer loop
      vertex 52 -40.9 190
      vertex 49.444 -40.9 186.794
      vertex 48.794 -40.9 187.444
    endloop
  endfacet
  facet normal 0 -1 0
    outer loop
      vertex 52 -38.5 190
      vertex 48.794 -38.5 187.444
      vertex 49.444 -38.5 186.794
    endloop
  endfacet
  facet normal 0.532 0 0.847
    outer loop
      vertex 49.444 -40.9 186.794
      vertex 50.221 -40.9 186.306
      vertex 50.221 -38.5 186.306
    endloop
  endfacet
  facet normal 0.532 0 0.847
    outer loop
      vertex 49.444 -40.9 186.794
      vertex 50.221 -38.5 186.306
      vertex 49.444 -38.5 186.794
    endloop
  endfacet
  facet normal 0 1 0
    outer loop
      vertex 52 -40.9 190
      vertex 50.221 -40.9 186.306
      vertex 49.444 -40.9 186.794
    endloop
  endfacet
  facet normal 0 -1 0
    outer loop
      vertex 52 -38.5 190
      vertex 49.444 -38.5 186.794
      vertex 50.221 -38.5 186.306
    endloop
  endfacet
  facet normal 0.33 0 0.944
    outer loop
      vertex 50.221 -40.9 186.306
      vertex 51.088 -40.9 186.003
      vertex 51.088 -38.5 186.003
    endloop
  endfacet
  facet normal 0.33 0 0.944
    outer loop
      vertex 50.221 -40.9 186.306
      vertex 51.088 -38.5 186.003
      vertex 50.221 -38.5 186.306
    endloop
  endfacet
  facet normal 0 1 0
    outer loop
      vertex 52 -40.9 190
      vertex 51.088 -40.9 186.003
      vertex 50.221 -40.9 186.306
    endloop
  endfacet
  facet normal 0 -1 0
    outer loop
      vertex 52 -38.5 190
      vertex 50.221 -38.5 186.306
      vertex 51.088 -38.5 186.003
    endloop
  endfacet
  facet normal 0.112 0 0.994
    outer loop
      vertex 51.088 -40.9 186.003
      vertex 52 -40.9 185.9
      vertex 52 -38.5 185.9
    endloop
  endfacet
  facet normal 0.112 0 0.994
    outer loop
      vertex 51.088 -40.9 186.003
      vertex 52 -38.5 185.9
      vertex 51.088 -38.5 186.003
    endloop
  endfacet
  facet normal 0 1 0
    outer loop
      vertex 52 -40.9 190
      vertex 52 -40.9 185.9
      vertex 51.088 -40.9 186.003
    endloop
  endfacet
  facet normal 0 -1 0
    outer loop
      vertex 52 -38.5 190
      vertex 51.088 -38.5 186.003
      vertex 52 -38.5 185.9
    endloop
  endfacet
  facet normal -0.112 0 0.994
    outer loop
      vertex 52 -40.9 185.9
      vertex 52.912 -40.9 186.003
      vertex 52.912 -38.5 186.003
    endloop
  endfacet
  facet normal -0.112 0 0.994
    outer loop
      vertex 52 -40.9 185.9
      vertex 52.912 -38.5 186.003
      vertex 52 -38.5 185.9
    endloop
  endfacet
  facet normal 0 1 0
    outer loop
      vertex 52 -40.9 190
      vertex 52.912 -40.9 186.003
      vertex 52 -40.9 185.9
    endloop
  endfacet
  facet normal 0 -1 0
    outer loop
      vertex 52 -38.5 190
      vertex 52 -38.5 185.9
      vertex 52.912 -38.5 186.003
    endloop
  endfacet
  facet normal -0.33 0 0.944
    outer loop
      vertex 52.912 -40.9 186.003
      vertex 53.779 -40.9 186.306
      vertex 53.779 -38.5 186.306
    endloop
  endfacet
  facet normal -0.33 0 0.944
    outer loop
      vertex 52.912 -40.9 186.003
      vertex 53.779 -38.5 186.306
      vertex 52.912 -38.5 186.003
    endloop
  endfacet
  facet normal 0 1 0
    outer loop
      vertex 52 -40.9 190
      vertex 53.779 -40.9 186.306
      vertex 52.912 -40.9 186.003
    endloop
  endfacet
  facet normal 0 -1 0
    outer loop
      vertex 52 -38.5 190
      vertex 52.912 -38.5 186.003
      vertex 53.779 -38.5 186.306
    endloop
  endfacet
  facet normal -0.532 0 0.847
    outer loop
      vertex 53.779 -40.9 186.306
      vertex 54.556 -40.9 186.794
      vertex 54.556 -38.5 186.794
    endloop
  endfacet
  facet normal -0.532 0 0.847
    outer loop
      vertex 53.779 -40.9 186.306
      vertex 54.556 -38.5 186.794
      vertex 53.779 -38.5 186.306
    endloop
  endfacet
  facet normal 0 1 0
    outer loop
      vertex 52 -40.9 190
      vertex 54.556 -40.9 186.794
      vertex 53.779 -40.9 186.306
    endloop
  endfacet
  facet normal 0 -1 0
    outer loop
      vertex 52 -38.5 190
      vertex 53.779 -38.5 186.306
      vertex 54.556 -38.5 186.794
    endloop
  endfacet
  facet normal -0.707 0 0.707
    outer loop
      vertex 54.556 -40.9 186.794
      vertex 55.206 -40.9 187.444
      vertex 55.206 -38.5 187.444
    endloop
  endfacet
  facet normal -0.707 0 0.707
    outer loop
      vertex 54.556 -40.9 186.794
      vertex 55.206 -38.5 187.444
      vertex 54.556 -38.5 186.794
    endloop
  endfacet
  facet normal 0 1 0
    outer loop
      vertex 52 -40.9 190
      vertex 55.206 -40.9 187.444
      vertex 54.556 -40.9 186.794
    endloop
  endfacet
  facet normal 0 -1 0
    outer loop
      vertex 52 -38.5 190
      vertex 54.556 -38.5 186.794
      vertex 55.206 -38.5 187.444
    endloop
  endfacet
  facet normal -0.847 0 0.532
    outer loop
      vertex 55.206 -40.9 187.444
      vertex 55.694 -40.9 188.221
      vertex 55.694 -38.5 188.221
    endloop
  endfacet
  facet normal -0.847 0 0.532
    outer loop
      vertex 55.206 -40.9 187.444
      vertex 55.694 -38.5 188.221
      vertex 55.206 -38.5 187.444
    endloop
  endfacet
  facet normal 0 1 0
    outer loop
      vertex 52 -40.9 190
      vertex 55.694 -40.9 188.221
      vertex 55.206 -40.9 187.444
    endloop
  endfacet
  facet normal 0 -1 0
    outer loop
      vertex 52 -38.5 190
      vertex 55.206 -38.5 187.444
      vertex 55.694 -38.5 188.221
    endloop
  endfacet
  facet normal -0.944 0 0.33
    outer loop
      vertex 55.694 -40.9 188.221
      vertex 55.997 -40.9 189.088
      vertex 55.997 -38.5 189.088
    endloop
  endfacet
  facet normal -0.944 0 0.33
    outer loop
      vertex 55.694 -40.9 188.221
      vertex 55.997 -38.5 189.088
      vertex 55.694 -38.5 188.221
    endloop
  endfacet
  facet normal 0 1 0
    outer loop
      vertex 52 -40.9 190
      vertex 55.997 -40.9 189.088
      vertex 55.694 -40.9 188.221
    endloop
  endfacet
  facet normal 0 -1 0
    outer loop
      vertex 52 -38.5 190
      vertex 55.694 -38.5 188.221
      vertex 55.997 -38.5 189.088
    endloop
  endfacet
  facet normal -0.994 0 0.112
    outer loop
      vertex 55.997 -40.9 189.088
      vertex 56.1 -40.9 190
      vertex 56.1 -38.5 190
    endloop
  endfacet
  facet normal -0.994 0 0.112
    outer loop
      vertex 55.997 -40.9 189.088
      vertex 56.1 -38.5 190
      vertex 55.997 -38.5 189.088
    endloop
  endfacet
  facet normal 0 1 0
    outer loop
      vertex 52 -40.9 190
      vertex 56.1 -40.9 190
      vertex 55.997 -40.9 189.088
    endloop
  endfacet
  facet normal 0 -1 0
    outer loop
      vertex 52 -38.5 190
      vertex 55.997 -38.5 189.088
      vertex 56.1 -38.5 190
    endloop
  endfacet
  facet normal 0 1 0
    outer loop
      vertex 50 -41.05 190.225
      vertex 54 -41.05 190.225
      vertex 54 -41.05 189.775
    endloop
  endfacet
  facet normal 0 1 0
    outer loop
      vertex 50 -41.05 190.225
      vertex 54 -41.05 189.775
      vertex 50 -41.05 189.775
    endloop
  endfacet
  facet normal 0 -1 0
    outer loop
      vertex 54 -41.45 190.225
      vertex 50 -41.45 190.225
      vertex 50 -41.45 189.775
    endloop
  endfacet
  facet normal 0 -1 0
    outer loop
      vertex 54 -41.45 190.225
      vertex 50 -41.45 189.775
      vertex 54 -41.45 189.775
    endloop
  endfacet
  facet normal -1 0 0
    outer loop
      vertex 50 -41.45 190.225
      vertex 50 -41.05 190.225
      vertex 50 -41.05 189.775
    endloop
  endfacet
  facet normal -1 0 0
    outer loop
      vertex 50 -41.45 190.225
      vertex 50 -41.05 189.775
      vertex 50 -41.45 189.775
    endloop
  endfacet
  facet normal 1 0 0
    outer loop
      vertex 54 -41.05 190.225
      vertex 54 -41.45 190.225
      vertex 54 -41.45 189.775
    endloop
  endfacet
  facet normal 1 0 0
    outer loop
      vertex 54 -41.05 190.225
      vertex 54 -41.45 189.775
      vertex 54 -41.05 189.775
    endloop
  endfacet
  facet normal 0 0 -1
    outer loop
      vertex 50 -41.05 189.775
      vertex 54 -41.05 189.775
      vertex 54 -41.45 189.775
    endloop
  endfacet
  facet normal 0 0 -1
    outer loop
      vertex 50 -41.05 189.775
      vertex 54 -41.45 189.775
      vertex 50 -41.45 189.775
    endloop
  endfacet
  facet normal 0 0 1
    outer loop
      vertex 50 -41.45 190.225
      vertex 54 -41.45 190.225
      vertex 54 -41.05 190.225
    endloop
  endfacet
  facet normal 0 0 1
    outer loop
      vertex 50 -41.45 190.225
      vertex 54 -41.05 190.225
      vertex 50 -41.05 190.225
    endloop
  endfacet
  facet normal 0 1 0
    outer loop
      vertex 51.775 -41.05 188
      vertex 51.775 -41.05 192
      vertex 52.225 -41.05 192
    endloop
  endfacet
  facet normal 0 1 0
    outer loop
      vertex 51.775 -41.05 188
      vertex 52.225 -41.05 192
      vertex 52.225 -41.05 188
    endloop
  endfacet
  facet normal 0 -1 0
    outer loop
      vertex 51.775 -41.45 192
      vertex 51.775 -41.45 188
      vertex 52.225 -41.45 188
    endloop
  endfacet
  facet normal 0 -1 0
    outer loop
      vertex 51.775 -41.45 192
      vertex 52.225 -41.45 188
      vertex 52.225 -41.45 192
    endloop
  endfacet
  facet normal 0 0 -1
    outer loop
      vertex 51.775 -41.45 188
      vertex 51.775 -41.05 188
      vertex 52.225 -41.05 188
    endloop
  endfacet
  facet normal 0 0 -1
    outer loop
      vertex 51.775 -41.45 188
      vertex 52.225 -41.05 188
      vertex 52.225 -41.45 188
    endloop
  endfacet
  facet normal 0 0 1
    outer loop
      vertex 51.775 -41.05 192
      vertex 51.775 -41.45 192
      vertex 52.225 -41.45 192
    endloop
  endfacet
  facet normal 0 0 1
    outer loop
      vertex 51.775 -41.05 192
      vertex 52.225 -41.45 192
      vertex 52.225 -41.05 192
    endloop
  endfacet
  facet normal 1 0 0
    outer loop
      vertex 52.225 -41.05 188
      vertex 52.225 -41.05 192
      vertex 52.225 -41.45 192
    endloop
  endfacet
  facet normal 1 0 0
    outer loop
      vertex 52.225 -41.05 188
      vertex 52.225 -41.45 192
      vertex 52.225 -41.45 188
    endloop
  endfacet
  facet normal -1 0 0
    outer loop
      vertex 51.775 -41.45 188
      vertex 51.775 -41.45 192
      vertex 51.775 -41.05 192
    endloop
  endfacet
  facet normal -1 0 0
    outer loop
      vertex 51.775 -41.45 188
      vertex 51.775 -41.05 192
      vertex 51.775 -41.05 188
    endloop
  endfacet
  facet normal -0.994 0 -0.112
    outer loop
      vertex -47.9 -40.9 10
      vertex -48.003 -40.9 10.912
      vertex -48.003 -38.5 10.912
    endloop
  endfacet
  facet normal -0.994 0 -0.112
    outer loop
      vertex -47.9 -40.9 10
      vertex -48.003 -38.5 10.912
      vertex -47.9 -38.5 10
    endloop
  endfacet
  facet normal 0 1 0
    outer loop
      vertex -52 -40.9 10
      vertex -48.003 -40.9 10.912
      vertex -47.9 -40.9 10
    endloop
  endfacet
  facet normal 0 -1 0
    outer loop
      vertex -52 -38.5 10
      vertex -47.9 -38.5 10
      vertex -48.003 -38.5 10.912
    endloop
  endfacet
  facet normal -0.944 0 -0.33
    outer loop
      vertex -48.003 -40.9 10.912
      vertex -48.306 -40.9 11.779
      vertex -48.306 -38.5 11.779
    endloop
  endfacet
  facet normal -0.944 0 -0.33
    outer loop
      vertex -48.003 -40.9 10.912
      vertex -48.306 -38.5 11.779
      vertex -48.003 -38.5 10.912
    endloop
  endfacet
  facet normal 0 1 0
    outer loop
      vertex -52 -40.9 10
      vertex -48.306 -40.9 11.779
      vertex -48.003 -40.9 10.912
    endloop
  endfacet
  facet normal 0 -1 0
    outer loop
      vertex -52 -38.5 10
      vertex -48.003 -38.5 10.912
      vertex -48.306 -38.5 11.779
    endloop
  endfacet
  facet normal -0.847 0 -0.532
    outer loop
      vertex -48.306 -40.9 11.779
      vertex -48.794 -40.9 12.556
      vertex -48.794 -38.5 12.556
    endloop
  endfacet
  facet normal -0.847 0 -0.532
    outer loop
      vertex -48.306 -40.9 11.779
      vertex -48.794 -38.5 12.556
      vertex -48.306 -38.5 11.779
    endloop
  endfacet
  facet normal 0 1 0
    outer loop
      vertex -52 -40.9 10
      vertex -48.794 -40.9 12.556
      vertex -48.306 -40.9 11.779
    endloop
  endfacet
  facet normal 0 -1 0
    outer loop
      vertex -52 -38.5 10
      vertex -48.306 -38.5 11.779
      vertex -48.794 -38.5 12.556
    endloop
  endfacet
  facet normal -0.707 0 -0.707
    outer loop
      vertex -48.794 -40.9 12.556
      vertex -49.444 -40.9 13.206
      vertex -49.444 -38.5 13.206
    endloop
  endfacet
  facet normal -0.707 0 -0.707
    outer loop
      vertex -48.794 -40.9 12.556
      vertex -49.444 -38.5 13.206
      vertex -48.794 -38.5 12.556
    endloop
  endfacet
  facet normal 0 1 0
    outer loop
      vertex -52 -40.9 10
      vertex -49.444 -40.9 13.206
      vertex -48.794 -40.9 12.556
    endloop
  endfacet
  facet normal 0 -1 0
    outer loop
      vertex -52 -38.5 10
      vertex -48.794 -38.5 12.556
      vertex -49.444 -38.5 13.206
    endloop
  endfacet
  facet normal -0.532 0 -0.847
    outer loop
      vertex -49.444 -40.9 13.206
      vertex -50.221 -40.9 13.694
      vertex -50.221 -38.5 13.694
    endloop
  endfacet
  facet normal -0.532 0 -0.847
    outer loop
      vertex -49.444 -40.9 13.206
      vertex -50.221 -38.5 13.694
      vertex -49.444 -38.5 13.206
    endloop
  endfacet
  facet normal 0 1 0
    outer loop
      vertex -52 -40.9 10
      vertex -50.221 -40.9 13.694
      vertex -49.444 -40.9 13.206
    endloop
  endfacet
  facet normal 0 -1 0
    outer loop
      vertex -52 -38.5 10
      vertex -49.444 -38.5 13.206
      vertex -50.221 -38.5 13.694
    endloop
  endfacet
  facet normal -0.33 0 -0.944
    outer loop
      vertex -50.221 -40.9 13.694
      vertex -51.088 -40.9 13.997
      vertex -51.088 -38.5 13.997
    endloop
  endfacet
  facet normal -0.33 0 -0.944
    outer loop
      vertex -50.221 -40.9 13.694
      vertex -51.088 -38.5 13.997
      vertex -50.221 -38.5 13.694
    endloop
  endfacet
  facet normal 0 1 0
    outer loop
      vertex -52 -40.9 10
      vertex -51.088 -40.9 13.997
      vertex -50.221 -40.9 13.694
    endloop
  endfacet
  facet normal 0 -1 0
    outer loop
      vertex -52 -38.5 10
      vertex -50.221 -38.5 13.694
      vertex -51.088 -38.5 13.997
    endloop
  endfacet
  facet normal -0.112 0 -0.994
    outer loop
      vertex -51.088 -40.9 13.997
      vertex -52 -40.9 14.1
      vertex -52 -38.5 14.1
    endloop
  endfacet
  facet normal -0.112 0 -0.994
    outer loop
      vertex -51.088 -40.9 13.997
      vertex -52 -38.5 14.1
      vertex -51.088 -38.5 13.997
    endloop
  endfacet
  facet normal 0 1 0
    outer loop
      vertex -52 -40.9 10
      vertex -52 -40.9 14.1
      vertex -51.088 -40.9 13.997
    endloop
  endfacet
  facet normal 0 -1 0
    outer loop
      vertex -52 -38.5 10
      vertex -51.088 -38.5 13.997
      vertex -52 -38.5 14.1
    endloop
  endfacet
  facet normal 0.112 0 -0.994
    outer loop
      vertex -52 -40.9 14.1
      vertex -52.912 -40.9 13.997
      vertex -52.912 -38.5 13.997
    endloop
  endfacet
  facet normal 0.112 0 -0.994
    outer loop
      vertex -52 -40.9 14.1
      vertex -52.912 -38.5 13.997
      vertex -52 -38.5 14.1
    endloop
  endfacet
  facet normal 0 1 0
    outer loop
      vertex -52 -40.9 10
      vertex -52.912 -40.9 13.997
      vertex -52 -40.9 14.1
    endloop
  endfacet
  facet normal 0 -1 0
    outer loop
      vertex -52 -38.5 10
      vertex -52 -38.5 14.1
      vertex -52.912 -38.5 13.997
    endloop
  endfacet
  facet normal 0.33 0 -0.944
    outer loop
      vertex -52.912 -40.9 13.997
      vertex -53.779 -40.9 13.694
      vertex -53.779 -38.5 13.694
    endloop
  endfacet
  facet normal 0.33 0 -0.944
    outer loop
      vertex -52.912 -40.9 13.997
      vertex -53.779 -38.5 13.694
      vertex -52.912 -38.5 13.997
    endloop
  endfacet
  facet normal 0 1 0
    outer loop
      vertex -52 -40.9 10
      vertex -53.779 -40.9 13.694
      vertex -52.912 -40.9 13.997
    endloop
  endfacet
  facet normal 0 -1 0
    outer loop
      vertex -52 -38.5 10
      vertex -52.912 -38.5 13.997
      vertex -53.779 -38.5 13.694
    endloop
  endfacet
  facet normal 0.532 0 -0.847
    outer loop
      vertex -53.779 -40.9 13.694
      vertex -54.556 -40.9 13.206
      vertex -54.556 -38.5 13.206
    endloop
  endfacet
  facet normal 0.532 0 -0.847
    outer loop
      vertex -53.779 -40.9 13.694
      vertex -54.556 -38.5 13.206
      vertex -53.779 -38.5 13.694
    endloop
  endfacet
  facet normal 0 1 0
    outer loop
      vertex -52 -40.9 10
      vertex -54.556 -40.9 13.206
      vertex -53.779 -40.9 13.694
    endloop
  endfacet
  facet normal 0 -1 0
    outer loop
      vertex -52 -38.5 10
      vertex -53.779 -38.5 13.694
      vertex -54.556 -38.5 13.206
    endloop
  endfacet
  facet normal 0.707 0 -0.707
    outer loop
      vertex -54.556 -40.9 13.206
      vertex -55.206 -40.9 12.556
      vertex -55.206 -38.5 12.556
    endloop
  endfacet
  facet normal 0.707 0 -0.707
    outer loop
      vertex -54.556 -40.9 13.206
      vertex -55.206 -38.5 12.556
      vertex -54.556 -38.5 13.206
    endloop
  endfacet
  facet normal 0 1 0
    outer loop
      vertex -52 -40.9 10
      vertex -55.206 -40.9 12.556
      vertex -54.556 -40.9 13.206
    endloop
  endfacet
  facet normal 0 -1 0
    outer loop
      vertex -52 -38.5 10
      vertex -54.556 -38.5 13.206
      vertex -55.206 -38.5 12.556
    endloop
  endfacet
  facet normal 0.847 0 -0.532
    outer loop
      vertex -55.206 -40.9 12.556
      vertex -55.694 -40.9 11.779
      vertex -55.694 -38.5 11.779
    endloop
  endfacet
  facet normal 0.847 0 -0.532
    outer loop
      vertex -55.206 -40.9 12.556
      vertex -55.694 -38.5 11.779
      vertex -55.206 -38.5 12.556
    endloop
  endfacet
  facet normal 0 1 0
    outer loop
      vertex -52 -40.9 10
      vertex -55.694 -40.9 11.779
      vertex -55.206 -40.9 12.556
    endloop
  endfacet
  facet normal 0 -1 0
    outer loop
      vertex -52 -38.5 10
      vertex -55.206 -38.5 12.556
      vertex -55.694 -38.5 11.779
    endloop
  endfacet
  facet normal 0.944 0 -0.33
    outer loop
      vertex -55.694 -40.9 11.779
      vertex -55.997 -40.9 10.912
      vertex -55.997 -38.5 10.912
    endloop
  endfacet
  facet normal 0.944 0 -0.33
    outer loop
      vertex -55.694 -40.9 11.779
      vertex -55.997 -38.5 10.912
      vertex -55.694 -38.5 11.779
    endloop
  endfacet
  facet normal 0 1 0
    outer loop
      vertex -52 -40.9 10
      vertex -55.997 -40.9 10.912
      vertex -55.694 -40.9 11.779
    endloop
  endfacet
  facet normal 0 -1 0
    outer loop
      vertex -52 -38.5 10
      vertex -55.694 -38.5 11.779
      vertex -55.997 -38.5 10.912
    endloop
  endfacet
  facet normal 0.994 0 -0.112
    outer loop
      vertex -55.997 -40.9 10.912
      vertex -56.1 -40.9 10
      vertex -56.1 -38.5 10
    endloop
  endfacet
  facet normal 0.994 0 -0.112
    outer loop
      vertex -55.997 -40.9 10.912
      vertex -56.1 -38.5 10
      vertex -55.997 -38.5 10.912
    endloop
  endfacet
  facet normal 0 1 0
    outer loop
      vertex -52 -40.9 10
      vertex -56.1 -40.9 10
      vertex -55.997 -40.9 10.912
    endloop
  endfacet
  facet normal 0 -1 0
    outer loop
      vertex -52 -38.5 10
      vertex -55.997 -38.5 10.912
      vertex -56.1 -38.5 10
    endloop
  endfacet
  facet normal 0.994 0 0.112
    outer loop
      vertex -56.1 -40.9 10
      vertex -55.997 -40.9 9.088
      vertex -55.997 -38.5 9.088
    endloop
  endfacet
  facet normal 0.994 0 0.112
    outer loop
      vertex -56.1 -40.9 10
      vertex -55.997 -38.5 9.088
      vertex -56.1 -38.5 10
    endloop
  endfacet
  facet normal 0 1 0
    outer loop
      vertex -52 -40.9 10
      vertex -55.997 -40.9 9.088
      vertex -56.1 -40.9 10
    endloop
  endfacet
  facet normal 0 -1 0
    outer loop
      vertex -52 -38.5 10
      vertex -56.1 -38.5 10
      vertex -55.997 -38.5 9.088
    endloop
  endfacet
  facet normal 0.944 0 0.33
    outer loop
      vertex -55.997 -40.9 9.088
      vertex -55.694 -40.9 8.221
      vertex -55.694 -38.5 8.221
    endloop
  endfacet
  facet normal 0.944 0 0.33
    outer loop
      vertex -55.997 -40.9 9.088
      vertex -55.694 -38.5 8.221
      vertex -55.997 -38.5 9.088
    endloop
  endfacet
  facet normal 0 1 0
    outer loop
      vertex -52 -40.9 10
      vertex -55.694 -40.9 8.221
      vertex -55.997 -40.9 9.088
    endloop
  endfacet
  facet normal 0 -1 0
    outer loop
      vertex -52 -38.5 10
      vertex -55.997 -38.5 9.088
      vertex -55.694 -38.5 8.221
    endloop
  endfacet
  facet normal 0.847 0 0.532
    outer loop
      vertex -55.694 -40.9 8.221
      vertex -55.206 -40.9 7.444
      vertex -55.206 -38.5 7.444
    endloop
  endfacet
  facet normal 0.847 0 0.532
    outer loop
      vertex -55.694 -40.9 8.221
      vertex -55.206 -38.5 7.444
      vertex -55.694 -38.5 8.221
    endloop
  endfacet
  facet normal 0 1 0
    outer loop
      vertex -52 -40.9 10
      vertex -55.206 -40.9 7.444
      vertex -55.694 -40.9 8.221
    endloop
  endfacet
  facet normal 0 -1 0
    outer loop
      vertex -52 -38.5 10
      vertex -55.694 -38.5 8.221
      vertex -55.206 -38.5 7.444
    endloop
  endfacet
  facet normal 0.707 0 0.707
    outer loop
      vertex -55.206 -40.9 7.444
      vertex -54.556 -40.9 6.794
      vertex -54.556 -38.5 6.794
    endloop
  endfacet
  facet normal 0.707 0 0.707
    outer loop
      vertex -55.206 -40.9 7.444
      vertex -54.556 -38.5 6.794
      vertex -55.206 -38.5 7.444
    endloop
  endfacet
  facet normal 0 1 0
    outer loop
      vertex -52 -40.9 10
      vertex -54.556 -40.9 6.794
      vertex -55.206 -40.9 7.444
    endloop
  endfacet
  facet normal 0 -1 0
    outer loop
      vertex -52 -38.5 10
      vertex -55.206 -38.5 7.444
      vertex -54.556 -38.5 6.794
    endloop
  endfacet
  facet normal 0.532 0 0.847
    outer loop
      vertex -54.556 -40.9 6.794
      vertex -53.779 -40.9 6.306
      vertex -53.779 -38.5 6.306
    endloop
  endfacet
  facet normal 0.532 0 0.847
    outer loop
      vertex -54.556 -40.9 6.794
      vertex -53.779 -38.5 6.306
      vertex -54.556 -38.5 6.794
    endloop
  endfacet
  facet normal 0 1 0
    outer loop
      vertex -52 -40.9 10
      vertex -53.779 -40.9 6.306
      vertex -54.556 -40.9 6.794
    endloop
  endfacet
  facet normal 0 -1 0
    outer loop
      vertex -52 -38.5 10
      vertex -54.556 -38.5 6.794
      vertex -53.779 -38.5 6.306
    endloop
  endfacet
  facet normal 0.33 0 0.944
    outer loop
      vertex -53.779 -40.9 6.306
      vertex -52.912 -40.9 6.003
      vertex -52.912 -38.5 6.003
    endloop
  endfacet
  facet normal 0.33 0 0.944
    outer loop
      vertex -53.779 -40.9 6.306
      vertex -52.912 -38.5 6.003
      vertex -53.779 -38.5 6.306
    endloop
  endfacet
  facet normal 0 1 0
    outer loop
      vertex -52 -40.9 10
      vertex -52.912 -40.9 6.003
      vertex -53.779 -40.9 6.306
    endloop
  endfacet
  facet normal 0 -1 0
    outer loop
      vertex -52 -38.5 10
      vertex -53.779 -38.5 6.306
      vertex -52.912 -38.5 6.003
    endloop
  endfacet
  facet normal 0.112 0 0.994
    outer loop
      vertex -52.912 -40.9 6.003
      vertex -52 -40.9 5.9
      vertex -52 -38.5 5.9
    endloop
  endfacet
  facet normal 0.112 0 0.994
    outer loop
      vertex -52.912 -40.9 6.003
      vertex -52 -38.5 5.9
      vertex -52.912 -38.5 6.003
    endloop
  endfacet
  facet normal 0 1 0
    outer loop
      vertex -52 -40.9 10
      vertex -52 -40.9 5.9
      vertex -52.912 -40.9 6.003
    endloop
  endfacet
  facet normal 0 -1 0
    outer loop
      vertex -52 -38.5 10
      vertex -52.912 -38.5 6.003
      vertex -52 -38.5 5.9
    endloop
  endfacet
  facet normal -0.112 0 0.994
    outer loop
      vertex -52 -40.9 5.9
      vertex -51.088 -40.9 6.003
      vertex -51.088 -38.5 6.003
    endloop
  endfacet
  facet normal -0.112 0 0.994
    outer loop
      vertex -52 -40.9 5.9
      vertex -51.088 -38.5 6.003
      vertex -52 -38.5 5.9
    endloop
  endfacet
  facet normal 0 1 0
    outer loop
      vertex -52 -40.9 10
      vertex -51.088 -40.9 6.003
      vertex -52 -40.9 5.9
    endloop
  endfacet
  facet normal 0 -1 0
    outer loop
      vertex -52 -38.5 10
      vertex -52 -38.5 5.9
      vertex -51.088 -38.5 6.003
    endloop
  endfacet
  facet normal -0.33 0 0.944
    outer loop
      vertex -51.088 -40.9 6.003
      vertex -50.221 -40.9 6.306
      vertex -50.221 -38.5 6.306
    endloop
  endfacet
  facet normal -0.33 0 0.944
    outer loop
      vertex -51.088 -40.9 6.003
      vertex -50.221 -38.5 6.306
      vertex -51.088 -38.5 6.003
    endloop
  endfacet
  facet normal 0 1 0
    outer loop
      vertex -52 -40.9 10
      vertex -50.221 -40.9 6.306
      vertex -51.088 -40.9 6.003
    endloop
  endfacet
  facet normal 0 -1 0
    outer loop
      vertex -52 -38.5 10
      vertex -51.088 -38.5 6.003
      vertex -50.221 -38.5 6.306
    endloop
  endfacet
  facet normal -0.532 0 0.847
    outer loop
      vertex -50.221 -40.9 6.306
      vertex -49.444 -40.9 6.794
      vertex -49.444 -38.5 6.794
    endloop
  endfacet
  facet normal -0.532 0 0.847
    outer loop
      vertex -50.221 -40.9 6.306
      vertex -49.444 -38.5 6.794
      vertex -50.221 -38.5 6.306
    endloop
  endfacet
  facet normal 0 1 0
    outer loop
      vertex -52 -40.9 10
      vertex -49.444 -40.9 6.794
      vertex -50.221 -40.9 6.306
    endloop
  endfacet
  facet normal 0 -1 0
    outer loop
      vertex -52 -38.5 10
      vertex -50.221 -38.5 6.306
      vertex -49.444 -38.5 6.794
    endloop
  endfacet
  facet normal -0.707 0 0.707
    outer loop
      vertex -49.444 -40.9 6.794
      vertex -48.794 -40.9 7.444
      vertex -48.794 -38.5 7.444
    endloop
  endfacet
  facet normal -0.707 0 0.707
    outer loop
      vertex -49.444 -40.9 6.794
      vertex -48.794 -38.5 7.444
      vertex -49.444 -38.5 6.794
    endloop
  endfacet
  facet normal 0 1 0
    outer loop
      vertex -52 -40.9 10
      vertex -48.794 -40.9 7.444
      vertex -49.444 -40.9 6.794
    endloop
  endfacet
  facet normal 0 -1 0
    outer loop
      vertex -52 -38.5 10
      vertex -49.444 -38.5 6.794
      vertex -48.794 -38.5 7.444
    endloop
  endfacet
  facet normal -0.847 0 0.532
    outer loop
      vertex -48.794 -40.9 7.444
      vertex -48.306 -40.9 8.221
      vertex -48.306 -38.5 8.221
    endloop
  endfacet
  facet normal -0.847 0 0.532
    outer loop
      vertex -48.794 -40.9 7.444
      vertex -48.306 -38.5 8.221
      vertex -48.794 -38.5 7.444
    endloop
  endfacet
  facet normal 0 1 0
    outer loop
      vertex -52 -40.9 10
      vertex -48.306 -40.9 8.221
      vertex -48.794 -40.9 7.444
    endloop
  endfacet
  facet normal 0 -1 0
    outer loop
      vertex -52 -38.5 10
      vertex -48.794 -38.5 7.444
      vertex -48.306 -38.5 8.221
    endloop
  endfacet
  facet normal -0.944 0 0.33
    outer loop
      vertex -48.306 -40.9 8.221
      vertex -48.003 -40.9 9.088
      vertex -48.003 -38.5 9.088
    endloop
  endfacet
  facet normal -0.944 0 0.33
    outer loop
      vertex -48.306 -40.9 8.221
      vertex -48.003 -38.5 9.088
      vertex -48.306 -38.5 8.221
    endloop
  endfacet
  facet normal 0 1 0
    outer loop
      vertex -52 -40.9 10
      vertex -48.003 -40.9 9.088
      vertex -48.306 -40.9 8.221
    endloop
  endfacet
  facet normal 0 -1 0
    outer loop
      vertex -52 -38.5 10
      vertex -48.306 -38.5 8.221
      vertex -48.003 -38.5 9.088
    endloop
  endfacet
  facet normal -0.994 0 0.112
    outer loop
      vertex -48.003 -40.9 9.088
      vertex -47.9 -40.9 10
      vertex -47.9 -38.5 10
    endloop
  endfacet
  facet normal -0.994 0 0.112
    outer loop
      vertex -48.003 -40.9 9.088
      vertex -47.9 -38.5 10
      vertex -48.003 -38.5 9.088
    endloop
  endfacet
  facet normal 0 1 0
    outer loop
      vertex -52 -40.9 10
      vertex -47.9 -40.9 10
      vertex -48.003 -40.9 9.088
    endloop
  endfacet
  facet normal 0 -1 0
    outer loop
      vertex -52 -38.5 10
      vertex -48.003 -38.5 9.088
      vertex -47.9 -38.5 10
    endloop
  endfacet
  facet normal 0 1 0
    outer loop
      vertex -54 -41.05 10.225
      vertex -50 -41.05 10.225
      vertex -50 -41.05 9.775
    endloop
  endfacet
  facet normal 0 1 0
    outer loop
      vertex -54 -41.05 10.225
      vertex -50 -41.05 9.775
      vertex -54 -41.05 9.775
    endloop
  endfacet
  facet normal 0 -1 0
    outer loop
      vertex -50 -41.45 10.225
      vertex -54 -41.45 10.225
      vertex -54 -41.45 9.775
    endloop
  endfacet
  facet normal 0 -1 0
    outer loop
      vertex -50 -41.45 10.225
      vertex -54 -41.45 9.775
      vertex -50 -41.45 9.775
    endloop
  endfacet
  facet normal -1 0 0
    outer loop
      vertex -54 -41.45 10.225
      vertex -54 -41.05 10.225
      vertex -54 -41.05 9.775
    endloop
  endfacet
  facet normal -1 0 0
    outer loop
      vertex -54 -41.45 10.225
      vertex -54 -41.05 9.775
      vertex -54 -41.45 9.775
    endloop
  endfacet
  facet normal 1 0 0
    outer loop
      vertex -50 -41.05 10.225
      vertex -50 -41.45 10.225
      vertex -50 -41.45 9.775
    endloop
  endfacet
  facet normal 1 0 0
    outer loop
      vertex -50 -41.05 10.225
      vertex -50 -41.45 9.775
      vertex -50 -41.05 9.775
    endloop
  endfacet
  facet normal 0 0 -1
    outer loop
      vertex -54 -41.05 9.775
      vertex -50 -41.05 9.775
      vertex -50 -41.45 9.775
    endloop
  endfacet
  facet normal 0 0 -1
    outer loop
      vertex -54 -41.05 9.775
      vertex -50 -41.45 9.775
      vertex -54 -41.45 9.775
    endloop
  endfacet
  facet normal 0 0 1
    outer loop
      vertex -54 -41.45 10.225
      vertex -50 -41.45 10.225
      vertex -50 -41.05 10.225
    endloop
  endfacet
  facet normal 0 0 1
    outer loop
      vertex -54 -41.45 10.225
      vertex -50 -41.05 10.225
      vertex -54 -41.05 10.225
    endloop
  endfacet
  facet normal 0 1 0
    outer loop
      vertex -52.225 -41.05 8
      vertex -52.225 -41.05 12
      vertex -51.775 -41.05 12
    endloop
  endfacet
  facet normal 0 1 0
    outer loop
      vertex -52.225 -41.05 8
      vertex -51.775 -41.05 12
      vertex -51.775 -41.05 8
    endloop
  endfacet
  facet normal 0 -1 0
    outer loop
      vertex -52.225 -41.45 12
      vertex -52.225 -41.45 8
      vertex -51.775 -41.45 8
    endloop
  endfacet
  facet normal 0 -1 0
    outer loop
      vertex -52.225 -41.45 12
      vertex -51.775 -41.45 8
      vertex -51.775 -41.45 12
    endloop
  endfacet
  facet normal 0 0 -1
    outer loop
      vertex -52.225 -41.45 8
      vertex -52.225 -41.05 8
      vertex -51.775 -41.05 8
    endloop
  endfacet
  facet normal 0 0 -1
    outer loop
      vertex -52.225 -41.45 8
      vertex -51.775 -41.05 8
      vertex -51.775 -41.45 8
    endloop
  endfacet
  facet normal 0 0 1
    outer loop
      vertex -52.225 -41.05 12
      vertex -52.225 -41.45 12
      vertex -51.775 -41.45 12
    endloop
  endfacet
  facet normal 0 0 1
    outer loop
      vertex -52.225 -41.05 12
      vertex -51.775 -41.45 12
      vertex -51.775 -41.05 12
    endloop
  endfacet
  facet normal 1 0 0
    outer loop
      vertex -51.775 -41.05 8
      vertex -51.775 -41.05 12
      vertex -51.775 -41.45 12
    endloop
  endfacet
  facet normal 1 0 0
    outer loop
      vertex -51.775 -41.05 8
      vertex -51.775 -41.45 12
      vertex -51.775 -41.45 8
    endloop
  endfacet
  facet normal -1 0 0
    outer loop
      vertex -52.225 -41.45 8
      vertex -52.225 -41.45 12
      vertex -52.225 -41.05 12
    endloop
  endfacet
  facet normal -1 0 0
    outer loop
      vertex -52.225 -41.45 8
      vertex -52.225 -41.05 12
      vertex -52.225 -41.05 8
    endloop
  endfacet
  facet normal -0.994 0 -0.112
    outer loop
      vertex 56.1 -40.9 10
      vertex 55.997 -40.9 10.912
      vertex 55.997 -38.5 10.912
    endloop
  endfacet
  facet normal -0.994 0 -0.112
    outer loop
      vertex 56.1 -40.9 10
      vertex 55.997 -38.5 10.912
      vertex 56.1 -38.5 10
    endloop
  endfacet
  facet normal 0 1 0
    outer loop
      vertex 52 -40.9 10
      vertex 55.997 -40.9 10.912
      vertex 56.1 -40.9 10
    endloop
  endfacet
  facet normal 0 -1 0
    outer loop
      vertex 52 -38.5 10
      vertex 56.1 -38.5 10
      vertex 55.997 -38.5 10.912
    endloop
  endfacet
  facet normal -0.944 0 -0.33
    outer loop
      vertex 55.997 -40.9 10.912
      vertex 55.694 -40.9 11.779
      vertex 55.694 -38.5 11.779
    endloop
  endfacet
  facet normal -0.944 0 -0.33
    outer loop
      vertex 55.997 -40.9 10.912
      vertex 55.694 -38.5 11.779
      vertex 55.997 -38.5 10.912
    endloop
  endfacet
  facet normal 0 1 0
    outer loop
      vertex 52 -40.9 10
      vertex 55.694 -40.9 11.779
      vertex 55.997 -40.9 10.912
    endloop
  endfacet
  facet normal 0 -1 0
    outer loop
      vertex 52 -38.5 10
      vertex 55.997 -38.5 10.912
      vertex 55.694 -38.5 11.779
    endloop
  endfacet
  facet normal -0.847 0 -0.532
    outer loop
      vertex 55.694 -40.9 11.779
      vertex 55.206 -40.9 12.556
      vertex 55.206 -38.5 12.556
    endloop
  endfacet
  facet normal -0.847 0 -0.532
    outer loop
      vertex 55.694 -40.9 11.779
      vertex 55.206 -38.5 12.556
      vertex 55.694 -38.5 11.779
    endloop
  endfacet
  facet normal 0 1 0
    outer loop
      vertex 52 -40.9 10
      vertex 55.206 -40.9 12.556
      vertex 55.694 -40.9 11.779
    endloop
  endfacet
  facet normal 0 -1 0
    outer loop
      vertex 52 -38.5 10
      vertex 55.694 -38.5 11.779
      vertex 55.206 -38.5 12.556
    endloop
  endfacet
  facet normal -0.707 0 -0.707
    outer loop
      vertex 55.206 -40.9 12.556
      vertex 54.556 -40.9 13.206
      vertex 54.556 -38.5 13.206
    endloop
  endfacet
  facet normal -0.707 0 -0.707
    outer loop
      vertex 55.206 -40.9 12.556
      vertex 54.556 -38.5 13.206
      vertex 55.206 -38.5 12.556
    endloop
  endfacet
  facet normal 0 1 0
    outer loop
      vertex 52 -40.9 10
      vertex 54.556 -40.9 13.206
      vertex 55.206 -40.9 12.556
    endloop
  endfacet
  facet normal 0 -1 0
    outer loop
      vertex 52 -38.5 10
      vertex 55.206 -38.5 12.556
      vertex 54.556 -38.5 13.206
    endloop
  endfacet
  facet normal -0.532 0 -0.847
    outer loop
      vertex 54.556 -40.9 13.206
      vertex 53.779 -40.9 13.694
      vertex 53.779 -38.5 13.694
    endloop
  endfacet
  facet normal -0.532 0 -0.847
    outer loop
      vertex 54.556 -40.9 13.206
      vertex 53.779 -38.5 13.694
      vertex 54.556 -38.5 13.206
    endloop
  endfacet
  facet normal 0 1 0
    outer loop
      vertex 52 -40.9 10
      vertex 53.779 -40.9 13.694
      vertex 54.556 -40.9 13.206
    endloop
  endfacet
  facet normal 0 -1 0
    outer loop
      vertex 52 -38.5 10
      vertex 54.556 -38.5 13.206
      vertex 53.779 -38.5 13.694
    endloop
  endfacet
  facet normal -0.33 0 -0.944
    outer loop
      vertex 53.779 -40.9 13.694
      vertex 52.912 -40.9 13.997
      vertex 52.912 -38.5 13.997
    endloop
  endfacet
  facet normal -0.33 0 -0.944
    outer loop
      vertex 53.779 -40.9 13.694
      vertex 52.912 -38.5 13.997
      vertex 53.779 -38.5 13.694
    endloop
  endfacet
  facet normal 0 1 0
    outer loop
      vertex 52 -40.9 10
      vertex 52.912 -40.9 13.997
      vertex 53.779 -40.9 13.694
    endloop
  endfacet
  facet normal 0 -1 0
    outer loop
      vertex 52 -38.5 10
      vertex 53.779 -38.5 13.694
      vertex 52.912 -38.5 13.997
    endloop
  endfacet
  facet normal -0.112 0 -0.994
    outer loop
      vertex 52.912 -40.9 13.997
      vertex 52 -40.9 14.1
      vertex 52 -38.5 14.1
    endloop
  endfacet
  facet normal -0.112 0 -0.994
    outer loop
      vertex 52.912 -40.9 13.997
      vertex 52 -38.5 14.1
      vertex 52.912 -38.5 13.997
    endloop
  endfacet
  facet normal 0 1 0
    outer loop
      vertex 52 -40.9 10
      vertex 52 -40.9 14.1
      vertex 52.912 -40.9 13.997
    endloop
  endfacet
  facet normal 0 -1 0
    outer loop
      vertex 52 -38.5 10
      vertex 52.912 -38.5 13.997
      vertex 52 -38.5 14.1
    endloop
  endfacet
  facet normal 0.112 0 -0.994
    outer loop
      vertex 52 -40.9 14.1
      vertex 51.088 -40.9 13.997
      vertex 51.088 -38.5 13.997
    endloop
  endfacet
  facet normal 0.112 0 -0.994
    outer loop
      vertex 52 -40.9 14.1
      vertex 51.088 -38.5 13.997
      vertex 52 -38.5 14.1
    endloop
  endfacet
  facet normal 0 1 0
    outer loop
      vertex 52 -40.9 10
      vertex 51.088 -40.9 13.997
      vertex 52 -40.9 14.1
    endloop
  endfacet
  facet normal 0 -1 0
    outer loop
      vertex 52 -38.5 10
      vertex 52 -38.5 14.1
      vertex 51.088 -38.5 13.997
    endloop
  endfacet
  facet normal 0.33 0 -0.944
    outer loop
      vertex 51.088 -40.9 13.997
      vertex 50.221 -40.9 13.694
      vertex 50.221 -38.5 13.694
    endloop
  endfacet
  facet normal 0.33 0 -0.944
    outer loop
      vertex 51.088 -40.9 13.997
      vertex 50.221 -38.5 13.694
      vertex 51.088 -38.5 13.997
    endloop
  endfacet
  facet normal 0 1 0
    outer loop
      vertex 52 -40.9 10
      vertex 50.221 -40.9 13.694
      vertex 51.088 -40.9 13.997
    endloop
  endfacet
  facet normal 0 -1 0
    outer loop
      vertex 52 -38.5 10
      vertex 51.088 -38.5 13.997
      vertex 50.221 -38.5 13.694
    endloop
  endfacet
  facet normal 0.532 0 -0.847
    outer loop
      vertex 50.221 -40.9 13.694
      vertex 49.444 -40.9 13.206
      vertex 49.444 -38.5 13.206
    endloop
  endfacet
  facet normal 0.532 0 -0.847
    outer loop
      vertex 50.221 -40.9 13.694
      vertex 49.444 -38.5 13.206
      vertex 50.221 -38.5 13.694
    endloop
  endfacet
  facet normal 0 1 0
    outer loop
      vertex 52 -40.9 10
      vertex 49.444 -40.9 13.206
      vertex 50.221 -40.9 13.694
    endloop
  endfacet
  facet normal 0 -1 0
    outer loop
      vertex 52 -38.5 10
      vertex 50.221 -38.5 13.694
      vertex 49.444 -38.5 13.206
    endloop
  endfacet
  facet normal 0.707 0 -0.707
    outer loop
      vertex 49.444 -40.9 13.206
      vertex 48.794 -40.9 12.556
      vertex 48.794 -38.5 12.556
    endloop
  endfacet
  facet normal 0.707 0 -0.707
    outer loop
      vertex 49.444 -40.9 13.206
      vertex 48.794 -38.5 12.556
      vertex 49.444 -38.5 13.206
    endloop
  endfacet
  facet normal 0 1 0
    outer loop
      vertex 52 -40.9 10
      vertex 48.794 -40.9 12.556
      vertex 49.444 -40.9 13.206
    endloop
  endfacet
  facet normal 0 -1 0
    outer loop
      vertex 52 -38.5 10
      vertex 49.444 -38.5 13.206
      vertex 48.794 -38.5 12.556
    endloop
  endfacet
  facet normal 0.847 0 -0.532
    outer loop
      vertex 48.794 -40.9 12.556
      vertex 48.306 -40.9 11.779
      vertex 48.306 -38.5 11.779
    endloop
  endfacet
  facet normal 0.847 0 -0.532
    outer loop
      vertex 48.794 -40.9 12.556
      vertex 48.306 -38.5 11.779
      vertex 48.794 -38.5 12.556
    endloop
  endfacet
  facet normal 0 1 0
    outer loop
      vertex 52 -40.9 10
      vertex 48.306 -40.9 11.779
      vertex 48.794 -40.9 12.556
    endloop
  endfacet
  facet normal 0 -1 0
    outer loop
      vertex 52 -38.5 10
      vertex 48.794 -38.5 12.556
      vertex 48.306 -38.5 11.779
    endloop
  endfacet
  facet normal 0.944 0 -0.33
    outer loop
      vertex 48.306 -40.9 11.779
      vertex 48.003 -40.9 10.912
      vertex 48.003 -38.5 10.912
    endloop
  endfacet
  facet normal 0.944 0 -0.33
    outer loop
      vertex 48.306 -40.9 11.779
      vertex 48.003 -38.5 10.912
      vertex 48.306 -38.5 11.779
    endloop
  endfacet
  facet normal 0 1 0
    outer loop
      vertex 52 -40.9 10
      vertex 48.003 -40.9 10.912
      vertex 48.306 -40.9 11.779
    endloop
  endfacet
  facet normal 0 -1 0
    outer loop
      vertex 52 -38.5 10
      vertex 48.306 -38.5 11.779
      vertex 48.003 -38.5 10.912
    endloop
  endfacet
  facet normal 0.994 0 -0.112
    outer loop
      vertex 48.003 -40.9 10.912
      vertex 47.9 -40.9 10
      vertex 47.9 -38.5 10
    endloop
  endfacet
  facet normal 0.994 0 -0.112
    outer loop
      vertex 48.003 -40.9 10.912
      vertex 47.9 -38.5 10
      vertex 48.003 -38.5 10.912
    endloop
  endfacet
  facet normal 0 1 0
    outer loop
      vertex 52 -40.9 10
      vertex 47.9 -40.9 10
      vertex 48.003 -40.9 10.912
    endloop
  endfacet
  facet normal 0 -1 0
    outer loop
      vertex 52 -38.5 10
      vertex 48.003 -38.5 10.912
      vertex 47.9 -38.5 10
    endloop
  endfacet
  facet normal 0.994 0 0.112
    outer loop
      vertex 47.9 -40.9 10
      vertex 48.003 -40.9 9.088
      vertex 48.003 -38.5 9.088
    endloop
  endfacet
  facet normal 0.994 0 0.112
    outer loop
      vertex 47.9 -40.9 10
      vertex 48.003 -38.5 9.088
      vertex 47.9 -38.5 10
    endloop
  endfacet
  facet normal 0 1 0
    outer loop
      vertex 52 -40.9 10
      vertex 48.003 -40.9 9.088
      vertex 47.9 -40.9 10
    endloop
  endfacet
  facet normal 0 -1 0
    outer loop
      vertex 52 -38.5 10
      vertex 47.9 -38.5 10
      vertex 48.003 -38.5 9.088
    endloop
  endfacet
  facet normal 0.944 0 0.33
    outer loop
      vertex 48.003 -40.9 9.088
      vertex 48.306 -40.9 8.221
      vertex 48.306 -38.5 8.221
    endloop
  endfacet
  facet normal 0.944 0 0.33
    outer loop
      vertex 48.003 -40.9 9.088
      vertex 48.306 -38.5 8.221
      vertex 48.003 -38.5 9.088
    endloop
  endfacet
  facet normal 0 1 0
    outer loop
      vertex 52 -40.9 10
      vertex 48.306 -40.9 8.221
      vertex 48.003 -40.9 9.088
    endloop
  endfacet
  facet normal 0 -1 0
    outer loop
      vertex 52 -38.5 10
      vertex 48.003 -38.5 9.088
      vertex 48.306 -38.5 8.221
    endloop
  endfacet
  facet normal 0.847 0 0.532
    outer loop
      vertex 48.306 -40.9 8.221
      vertex 48.794 -40.9 7.444
      vertex 48.794 -38.5 7.444
    endloop
  endfacet
  facet normal 0.847 0 0.532
    outer loop
      vertex 48.306 -40.9 8.221
      vertex 48.794 -38.5 7.444
      vertex 48.306 -38.5 8.221
    endloop
  endfacet
  facet normal 0 1 0
    outer loop
      vertex 52 -40.9 10
      vertex 48.794 -40.9 7.444
      vertex 48.306 -40.9 8.221
    endloop
  endfacet
  facet normal 0 -1 0
    outer loop
      vertex 52 -38.5 10
      vertex 48.306 -38.5 8.221
      vertex 48.794 -38.5 7.444
    endloop
  endfacet
  facet normal 0.707 0 0.707
    outer loop
      vertex 48.794 -40.9 7.444
      vertex 49.444 -40.9 6.794
      vertex 49.444 -38.5 6.794
    endloop
  endfacet
  facet normal 0.707 0 0.707
    outer loop
      vertex 48.794 -40.9 7.444
      vertex 49.444 -38.5 6.794
      vertex 48.794 -38.5 7.444
    endloop
  endfacet
  facet normal 0 1 0
    outer loop
      vertex 52 -40.9 10
      vertex 49.444 -40.9 6.794
      vertex 48.794 -40.9 7.444
    endloop
  endfacet
  facet normal 0 -1 0
    outer loop
      vertex 52 -38.5 10
      vertex 48.794 -38.5 7.444
      vertex 49.444 -38.5 6.794
    endloop
  endfacet
  facet normal 0.532 0 0.847
    outer loop
      vertex 49.444 -40.9 6.794
      vertex 50.221 -40.9 6.306
      vertex 50.221 -38.5 6.306
    endloop
  endfacet
  facet normal 0.532 0 0.847
    outer loop
      vertex 49.444 -40.9 6.794
      vertex 50.221 -38.5 6.306
      vertex 49.444 -38.5 6.794
    endloop
  endfacet
  facet normal 0 1 0
    outer loop
      vertex 52 -40.9 10
      vertex 50.221 -40.9 6.306
      vertex 49.444 -40.9 6.794
    endloop
  endfacet
  facet normal 0 -1 0
    outer loop
      vertex 52 -38.5 10
      vertex 49.444 -38.5 6.794
      vertex 50.221 -38.5 6.306
    endloop
  endfacet
  facet normal 0.33 0 0.944
    outer loop
      vertex 50.221 -40.9 6.306
      vertex 51.088 -40.9 6.003
      vertex 51.088 -38.5 6.003
    endloop
  endfacet
  facet normal 0.33 0 0.944
    outer loop
      vertex 50.221 -40.9 6.306
      vertex 51.088 -38.5 6.003
      vertex 50.221 -38.5 6.306
    endloop
  endfacet
  facet normal 0 1 0
    outer loop
      vertex 52 -40.9 10
      vertex 51.088 -40.9 6.003
      vertex 50.221 -40.9 6.306
    endloop
  endfacet
  facet normal 0 -1 0
    outer loop
      vertex 52 -38.5 10
      vertex 50.221 -38.5 6.306
      vertex 51.088 -38.5 6.003
    endloop
  endfacet
  facet normal 0.112 0 0.994
    outer loop
      vertex 51.088 -40.9 6.003
      vertex 52 -40.9 5.9
      vertex 52 -38.5 5.9
    endloop
  endfacet
  facet normal 0.112 0 0.994
    outer loop
      vertex 51.088 -40.9 6.003
      vertex 52 -38.5 5.9
      vertex 51.088 -38.5 6.003
    endloop
  endfacet
  facet normal 0 1 0
    outer loop
      vertex 52 -40.9 10
      vertex 52 -40.9 5.9
      vertex 51.088 -40.9 6.003
    endloop
  endfacet
  facet normal 0 -1 0
    outer loop
      vertex 52 -38.5 10
      vertex 51.088 -38.5 6.003
      vertex 52 -38.5 5.9
    endloop
  endfacet
  facet normal -0.112 0 0.994
    outer loop
      vertex 52 -40.9 5.9
      vertex 52.912 -40.9 6.003
      vertex 52.912 -38.5 6.003
    endloop
  endfacet
  facet normal -0.112 0 0.994
    outer loop
      vertex 52 -40.9 5.9
      vertex 52.912 -38.5 6.003
      vertex 52 -38.5 5.9
    endloop
  endfacet
  facet normal 0 1 0
    outer loop
      vertex 52 -40.9 10
      vertex 52.912 -40.9 6.003
      vertex 52 -40.9 5.9
    endloop
  endfacet
  facet normal 0 -1 0
    outer loop
      vertex 52 -38.5 10
      vertex 52 -38.5 5.9
      vertex 52.912 -38.5 6.003
    endloop
  endfacet
  facet normal -0.33 0 0.944
    outer loop
      vertex 52.912 -40.9 6.003
      vertex 53.779 -40.9 6.306
      vertex 53.779 -38.5 6.306
    endloop
  endfacet
  facet normal -0.33 0 0.944
    outer loop
      vertex 52.912 -40.9 6.003
      vertex 53.779 -38.5 6.306
      vertex 52.912 -38.5 6.003
    endloop
  endfacet
  facet normal 0 1 0
    outer loop
      vertex 52 -40.9 10
      vertex 53.779 -40.9 6.306
      vertex 52.912 -40.9 6.003
    endloop
  endfacet
  facet normal 0 -1 0
    outer loop
      vertex 52 -38.5 10
      vertex 52.912 -38.5 6.003
      vertex 53.779 -38.5 6.306
    endloop
  endfacet
  facet normal -0.532 0 0.847
    outer loop
      vertex 53.779 -40.9 6.306
      vertex 54.556 -40.9 6.794
      vertex 54.556 -38.5 6.794
    endloop
  endfacet
  facet normal -0.532 0 0.847
    outer loop
      vertex 53.779 -40.9 6.306
      vertex 54.556 -38.5 6.794
      vertex 53.779 -38.5 6.306
    endloop
  endfacet
  facet normal 0 1 0
    outer loop
      vertex 52 -40.9 10
      vertex 54.556 -40.9 6.794
      vertex 53.779 -40.9 6.306
    endloop
  endfacet
  facet normal 0 -1 0
    outer loop
      vertex 52 -38.5 10
      vertex 53.779 -38.5 6.306
      vertex 54.556 -38.5 6.794
    endloop
  endfacet
  facet normal -0.707 0 0.707
    outer loop
      vertex 54.556 -40.9 6.794
      vertex 55.206 -40.9 7.444
      vertex 55.206 -38.5 7.444
    endloop
  endfacet
  facet normal -0.707 0 0.707
    outer loop
      vertex 54.556 -40.9 6.794
      vertex 55.206 -38.5 7.444
      vertex 54.556 -38.5 6.794
    endloop
  endfacet
  facet normal 0 1 0
    outer loop
      vertex 52 -40.9 10
      vertex 55.206 -40.9 7.444
      vertex 54.556 -40.9 6.794
    endloop
  endfacet
  facet normal 0 -1 0
    outer loop
      vertex 52 -38.5 10
      vertex 54.556 -38.5 6.794
      vertex 55.206 -38.5 7.444
    endloop
  endfacet
  facet normal -0.847 0 0.532
    outer loop
      vertex 55.206 -40.9 7.444
      vertex 55.694 -40.9 8.221
      vertex 55.694 -38.5 8.221
    endloop
  endfacet
  facet normal -0.847 0 0.532
    outer loop
      vertex 55.206 -40.9 7.444
      vertex 55.694 -38.5 8.221
      vertex 55.206 -38.5 7.444
    endloop
  endfacet
  facet normal 0 1 0
    outer loop
      vertex 52 -40.9 10
      vertex 55.694 -40.9 8.221
      vertex 55.206 -40.9 7.444
    endloop
  endfacet
  facet normal 0 -1 0
    outer loop
      vertex 52 -38.5 10
      vertex 55.206 -38.5 7.444
      vertex 55.694 -38.5 8.221
    endloop
  endfacet
  facet normal -0.944 0 0.33
    outer loop
      vertex 55.694 -40.9 8.221
      vertex 55.997 -40.9 9.088
      vertex 55.997 -38.5 9.088
    endloop
  endfacet
  facet normal -0.944 0 0.33
    outer loop
      vertex 55.694 -40.9 8.221
      vertex 55.997 -38.5 9.088
      vertex 55.694 -38.5 8.221
    endloop
  endfacet
  facet normal 0 1 0
    outer loop
      vertex 52 -40.9 10
      vertex 55.997 -40.9 9.088
      vertex 55.694 -40.9 8.221
    endloop
  endfacet
  facet normal 0 -1 0
    outer loop
      vertex 52 -38.5 10
      vertex 55.694 -38.5 8.221
      vertex 55.997 -38.5 9.088
    endloop
  endfacet
  facet normal -0.994 0 0.112
    outer loop
      vertex 55.997 -40.9 9.088
      vertex 56.1 -40.9 10
      vertex 56.1 -38.5 10
    endloop
  endfacet
  facet normal -0.994 0 0.112
    outer loop
      vertex 55.997 -40.9 9.088
      vertex 56.1 -38.5 10
      vertex 55.997 -38.5 9.088
    endloop
  endfacet
  facet normal 0 1 0
    outer loop
      vertex 52 -40.9 10
      vertex 56.1 -40.9 10
      vertex 55.997 -40.9 9.088
    endloop
  endfacet
  facet normal 0 -1 0
    outer loop
      vertex 52 -38.5 10
      vertex 55.997 -38.5 9.088
      vertex 56.1 -38.5 10
    endloop
  endfacet
  facet normal 0 1 0
    outer loop
      vertex 50 -41.05 10.225
      vertex 54 -41.05 10.225
      vertex 54 -41.05 9.775
    endloop
  endfacet
  facet normal 0 1 0
    outer loop
      vertex 50 -41.05 10.225
      vertex 54 -41.05 9.775
      vertex 50 -41.05 9.775
    endloop
  endfacet
  facet normal 0 -1 0
    outer loop
      vertex 54 -41.45 10.225
      vertex 50 -41.45 10.225
      vertex 50 -41.45 9.775
    endloop
  endfacet
  facet normal 0 -1 0
    outer loop
      vertex 54 -41.45 10.225
      vertex 50 -41.45 9.775
      vertex 54 -41.45 9.775
    endloop
  endfacet
  facet normal -1 0 0
    outer loop
      vertex 50 -41.45 10.225
      vertex 50 -41.05 10.225
      vertex 50 -41.05 9.775
    endloop
  endfacet
  facet normal -1 0 0
    outer loop
      vertex 50 -41.45 10.225
      vertex 50 -41.05 9.775
      vertex 50 -41.45 9.775
    endloop
  endfacet
  facet normal 1 0 0
    outer loop
      vertex 54 -41.05 10.225
      vertex 54 -41.45 10.225
      vertex 54 -41.45 9.775
    endloop
  endfacet
  facet normal 1 0 0
    outer loop
      vertex 54 -41.05 10.225
      vertex 54 -41.45 9.775
      vertex 54 -41.05 9.775
    endloop
  endfacet
  facet normal 0 0 -1
    outer loop
      vertex 50 -41.05 9.775
      vertex 54 -41.05 9.775
      vertex 54 -41.45 9.775
    endloop
  endfacet
  facet normal 0 0 -1
    outer loop
      vertex 50 -41.05 9.775
      vertex 54 -41.45 9.775
      vertex 50 -41.45 9.775
    endloop
  endfacet
  facet normal 0 0 1
    outer loop
      vertex 50 -41.45 10.225
      vertex 54 -41.45 10.225
      vertex 54 -41.05 10.225
    endloop
  endfacet
  facet normal 0 0 1
    outer loop
      vertex 50 -41.45 10.225
      vertex 54 -41.05 10.225
      vertex 50 -41.05 10.225
    endloop
  endfacet
  facet normal 0 1 0
    outer loop
      vertex 51.775 -41.05 8
      vertex 51.775 -41.05 12
      vertex 52.225 -41.05 12
    endloop
  endfacet
  facet normal 0 1 0
    outer loop
      vertex 51.775 -41.05 8
      vertex 52.225 -41.05 12
      vertex 52.225 -41.05 8
    endloop
  endfacet
  facet normal 0 -1 0
    outer loop
      vertex 51.775 -41.45 12
      vertex 51.775 -41.45 8
      vertex 52.225 -41.45 8
    endloop
  endfacet
  facet normal 0 -1 0
    outer loop
      vertex 51.775 -41.45 12
      vertex 52.225 -41.45 8
      vertex 52.225 -41.45 12
    endloop
  endfacet
  facet normal 0 0 -1
    outer loop
      vertex 51.775 -41.45 8
      vertex 51.775 -41.05 8
      vertex 52.225 -41.05 8
    endloop
  endfacet
  facet normal 0 0 -1
    outer loop
      vertex 51.775 -41.45 8
      vertex 52.225 -41.05 8
      vertex 52.225 -41.45 8
    endloop
  endfacet
  facet normal 0 0 1
    outer loop
      vertex 51.775 -41.05 12
      vertex 51.775 -41.45 12
      vertex 52.225 -41.45 12
    endloop
  endfacet
  facet normal 0 0 1
    outer loop
      vertex 51.775 -41.05 12
      vertex 52.225 -41.45 12
      vertex 52.225 -41.05 12
    endloop
  endfacet
  facet normal 1 0 0
    outer loop
      vertex 52.225 -41.05 8
      vertex 52.225 -41.05 12
      vertex 52.225 -41.45 12
    endloop
  endfacet
  facet normal 1 0 0
    outer loop
      vertex 52.225 -41.05 8
      vertex 52.225 -41.45 12
      vertex 52.225 -41.45 8
    endloop
  endfacet
  facet normal -1 0 0
    outer loop
      vertex 51.775 -41.45 8
      vertex 51.775 -41.45 12
      vertex 51.775 -41.05 12
    endloop
  endfacet
  facet normal -1 0 0
    outer loop
      vertex 51.775 -41.45 8
      vertex 51.775 -41.05 12
      vertex 51.775 -41.05 8
    endloop
  endfacet
  facet normal 0 -0.087 -0.996
    outer loop
      vertex 60 0 140
      vertex 60 2.084 139.818
      vertex 66 2.084 139.818
    endloop
  endfacet
  facet normal 0 -0.087 -0.996
    outer loop
      vertex 60 0 140
      vertex 66 2.084 139.818
      vertex 66 0 140
    endloop
  endfacet
  facet normal 1 0 0
    outer loop
      vertex 60 0 128
      vertex 60 2.084 139.818
      vertex 60 0 140
    endloop
  endfacet
  facet normal -1 0 0
    outer loop
      vertex 66 0 128
      vertex 66 0 140
      vertex 66 2.084 139.818
    endloop
  endfacet
  facet normal 0 -0.259 -0.966
    outer loop
      vertex 60 2.084 139.818
      vertex 60 4.104 139.276
      vertex 66 4.104 139.276
    endloop
  endfacet
  facet normal 0 -0.259 -0.966
    outer loop
      vertex 60 2.084 139.818
      vertex 66 4.104 139.276
      vertex 66 2.084 139.818
    endloop
  endfacet
  facet normal 1 0 0
    outer loop
      vertex 60 0 128
      vertex 60 4.104 139.276
      vertex 60 2.084 139.818
    endloop
  endfacet
  facet normal -1 0 0
    outer loop
      vertex 66 0 128
      vertex 66 2.084 139.818
      vertex 66 4.104 139.276
    endloop
  endfacet
  facet normal 0 -0.423 -0.906
    outer loop
      vertex 60 4.104 139.276
      vertex 60 6 138.392
      vertex 66 6 138.392
    endloop
  endfacet
  facet normal 0 -0.423 -0.906
    outer loop
      vertex 60 4.104 139.276
      vertex 66 6 138.392
      vertex 66 4.104 139.276
    endloop
  endfacet
  facet normal 1 0 0
    outer loop
      vertex 60 0 128
      vertex 60 6 138.392
      vertex 60 4.104 139.276
    endloop
  endfacet
  facet normal -1 0 0
    outer loop
      vertex 66 0 128
      vertex 66 4.104 139.276
      vertex 66 6 138.392
    endloop
  endfacet
  facet normal 0 -0.573 -0.819
    outer loop
      vertex 60 6 138.392
      vertex 60 7.713 137.193
      vertex 66 7.713 137.193
    endloop
  endfacet
  facet normal 0 -0.573 -0.819
    outer loop
      vertex 60 6 138.392
      vertex 66 7.713 137.193
      vertex 66 6 138.392
    endloop
  endfacet
  facet normal 1 0 0
    outer loop
      vertex 60 0 128
      vertex 60 7.713 137.193
      vertex 60 6 138.392
    endloop
  endfacet
  facet normal -1 0 0
    outer loop
      vertex 66 0 128
      vertex 66 6 138.392
      vertex 66 7.713 137.193
    endloop
  endfacet
  facet normal 0 -0.707 -0.707
    outer loop
      vertex 60 7.713 137.193
      vertex 60 9.193 135.713
      vertex 66 9.193 135.713
    endloop
  endfacet
  facet normal 0 -0.707 -0.707
    outer loop
      vertex 60 7.713 137.193
      vertex 66 9.193 135.713
      vertex 66 7.713 137.193
    endloop
  endfacet
  facet normal 1 0 0
    outer loop
      vertex 60 0 128
      vertex 60 9.193 135.713
      vertex 60 7.713 137.193
    endloop
  endfacet
  facet normal -1 0 0
    outer loop
      vertex 66 0 128
      vertex 66 7.713 137.193
      vertex 66 9.193 135.713
    endloop
  endfacet
  facet normal 0 -0.819 -0.573
    outer loop
      vertex 60 9.193 135.713
      vertex 60 10.392 134
      vertex 66 10.392 134
    endloop
  endfacet
  facet normal 0 -0.819 -0.573
    outer loop
      vertex 60 9.193 135.713
      vertex 66 10.392 134
      vertex 66 9.193 135.713
    endloop
  endfacet
  facet normal 1 0 0
    outer loop
      vertex 60 0 128
      vertex 60 10.392 134
      vertex 60 9.193 135.713
    endloop
  endfacet
  facet normal -1 0 0
    outer loop
      vertex 66 0 128
      vertex 66 9.193 135.713
      vertex 66 10.392 134
    endloop
  endfacet
  facet normal 0 -0.906 -0.423
    outer loop
      vertex 60 10.392 134
      vertex 60 11.276 132.104
      vertex 66 11.276 132.104
    endloop
  endfacet
  facet normal 0 -0.906 -0.423
    outer loop
      vertex 60 10.392 134
      vertex 66 11.276 132.104
      vertex 66 10.392 134
    endloop
  endfacet
  facet normal 1 0 0
    outer loop
      vertex 60 0 128
      vertex 60 11.276 132.104
      vertex 60 10.392 134
    endloop
  endfacet
  facet normal -1 0 0
    outer loop
      vertex 66 0 128
      vertex 66 10.392 134
      vertex 66 11.276 132.104
    endloop
  endfacet
  facet normal 0 -0.966 -0.259
    outer loop
      vertex 60 11.276 132.104
      vertex 60 11.818 130.084
      vertex 66 11.818 130.084
    endloop
  endfacet
  facet normal 0 -0.966 -0.259
    outer loop
      vertex 60 11.276 132.104
      vertex 66 11.818 130.084
      vertex 66 11.276 132.104
    endloop
  endfacet
  facet normal 1 0 0
    outer loop
      vertex 60 0 128
      vertex 60 11.818 130.084
      vertex 60 11.276 132.104
    endloop
  endfacet
  facet normal -1 0 0
    outer loop
      vertex 66 0 128
      vertex 66 11.276 132.104
      vertex 66 11.818 130.084
    endloop
  endfacet
  facet normal 0 -0.996 -0.087
    outer loop
      vertex 60 11.818 130.084
      vertex 60 12 128
      vertex 66 12 128
    endloop
  endfacet
  facet normal 0 -0.996 -0.087
    outer loop
      vertex 60 11.818 130.084
      vertex 66 12 128
      vertex 66 11.818 130.084
    endloop
  endfacet
  facet normal 1 0 0
    outer loop
      vertex 60 0 128
      vertex 60 12 128
      vertex 60 11.818 130.084
    endloop
  endfacet
  facet normal -1 0 0
    outer loop
      vertex 66 0 128
      vertex 66 11.818 130.084
      vertex 66 12 128
    endloop
  endfacet
  facet normal 0 -0.996 0.087
    outer loop
      vertex 60 12 128
      vertex 60 11.818 125.916
      vertex 66 11.818 125.916
    endloop
  endfacet
  facet normal 0 -0.996 0.087
    outer loop
      vertex 60 12 128
      vertex 66 11.818 125.916
      vertex 66 12 128
    endloop
  endfacet
  facet normal 1 0 0
    outer loop
      vertex 60 0 128
      vertex 60 11.818 125.916
      vertex 60 12 128
    endloop
  endfacet
  facet normal -1 0 0
    outer loop
      vertex 66 0 128
      vertex 66 12 128
      vertex 66 11.818 125.916
    endloop
  endfacet
  facet normal 0 -0.966 0.259
    outer loop
      vertex 60 11.818 125.916
      vertex 60 11.276 123.896
      vertex 66 11.276 123.896
    endloop
  endfacet
  facet normal 0 -0.966 0.259
    outer loop
      vertex 60 11.818 125.916
      vertex 66 11.276 123.896
      vertex 66 11.818 125.916
    endloop
  endfacet
  facet normal 1 0 0
    outer loop
      vertex 60 0 128
      vertex 60 11.276 123.896
      vertex 60 11.818 125.916
    endloop
  endfacet
  facet normal -1 0 0
    outer loop
      vertex 66 0 128
      vertex 66 11.818 125.916
      vertex 66 11.276 123.896
    endloop
  endfacet
  facet normal 0 -0.906 0.423
    outer loop
      vertex 60 11.276 123.896
      vertex 60 10.392 122
      vertex 66 10.392 122
    endloop
  endfacet
  facet normal 0 -0.906 0.423
    outer loop
      vertex 60 11.276 123.896
      vertex 66 10.392 122
      vertex 66 11.276 123.896
    endloop
  endfacet
  facet normal 1 0 0
    outer loop
      vertex 60 0 128
      vertex 60 10.392 122
      vertex 60 11.276 123.896
    endloop
  endfacet
  facet normal -1 0 0
    outer loop
      vertex 66 0 128
      vertex 66 11.276 123.896
      vertex 66 10.392 122
    endloop
  endfacet
  facet normal 0 -0.819 0.573
    outer loop
      vertex 60 10.392 122
      vertex 60 9.193 120.287
      vertex 66 9.193 120.287
    endloop
  endfacet
  facet normal 0 -0.819 0.573
    outer loop
      vertex 60 10.392 122
      vertex 66 9.193 120.287
      vertex 66 10.392 122
    endloop
  endfacet
  facet normal 1 0 0
    outer loop
      vertex 60 0 128
      vertex 60 9.193 120.287
      vertex 60 10.392 122
    endloop
  endfacet
  facet normal -1 0 0
    outer loop
      vertex 66 0 128
      vertex 66 10.392 122
      vertex 66 9.193 120.287
    endloop
  endfacet
  facet normal 0 -0.707 0.707
    outer loop
      vertex 60 9.193 120.287
      vertex 60 7.713 118.807
      vertex 66 7.713 118.807
    endloop
  endfacet
  facet normal 0 -0.707 0.707
    outer loop
      vertex 60 9.193 120.287
      vertex 66 7.713 118.807
      vertex 66 9.193 120.287
    endloop
  endfacet
  facet normal 1 0 0
    outer loop
      vertex 60 0 128
      vertex 60 7.713 118.807
      vertex 60 9.193 120.287
    endloop
  endfacet
  facet normal -1 0 0
    outer loop
      vertex 66 0 128
      vertex 66 9.193 120.287
      vertex 66 7.713 118.807
    endloop
  endfacet
  facet normal 0 -0.573 0.819
    outer loop
      vertex 60 7.713 118.807
      vertex 60 6 117.608
      vertex 66 6 117.608
    endloop
  endfacet
  facet normal 0 -0.573 0.819
    outer loop
      vertex 60 7.713 118.807
      vertex 66 6 117.608
      vertex 66 7.713 118.807
    endloop
  endfacet
  facet normal 1 0 0
    outer loop
      vertex 60 0 128
      vertex 60 6 117.608
      vertex 60 7.713 118.807
    endloop
  endfacet
  facet normal -1 0 0
    outer loop
      vertex 66 0 128
      vertex 66 7.713 118.807
      vertex 66 6 117.608
    endloop
  endfacet
  facet normal 0 -0.423 0.906
    outer loop
      vertex 60 6 117.608
      vertex 60 4.104 116.724
      vertex 66 4.104 116.724
    endloop
  endfacet
  facet normal 0 -0.423 0.906
    outer loop
      vertex 60 6 117.608
      vertex 66 4.104 116.724
      vertex 66 6 117.608
    endloop
  endfacet
  facet normal 1 0 0
    outer loop
      vertex 60 0 128
      vertex 60 4.104 116.724
      vertex 60 6 117.608
    endloop
  endfacet
  facet normal -1 0 0
    outer loop
      vertex 66 0 128
      vertex 66 6 117.608
      vertex 66 4.104 116.724
    endloop
  endfacet
  facet normal 0 -0.259 0.966
    outer loop
      vertex 60 4.104 116.724
      vertex 60 2.084 116.182
      vertex 66 2.084 116.182
    endloop
  endfacet
  facet normal 0 -0.259 0.966
    outer loop
      vertex 60 4.104 116.724
      vertex 66 2.084 116.182
      vertex 66 4.104 116.724
    endloop
  endfacet
  facet normal 1 0 0
    outer loop
      vertex 60 0 128
      vertex 60 2.084 116.182
      vertex 60 4.104 116.724
    endloop
  endfacet
  facet normal -1 0 0
    outer loop
      vertex 66 0 128
      vertex 66 4.104 116.724
      vertex 66 2.084 116.182
    endloop
  endfacet
  facet normal 0 -0.087 0.996
    outer loop
      vertex 60 2.084 116.182
      vertex 60 0 116
      vertex 66 0 116
    endloop
  endfacet
  facet normal 0 -0.087 0.996
    outer loop
      vertex 60 2.084 116.182
      vertex 66 0 116
      vertex 66 2.084 116.182
    endloop
  endfacet
  facet normal 1 0 0
    outer loop
      vertex 60 0 128
      vertex 60 0 116
      vertex 60 2.084 116.182
    endloop
  endfacet
  facet normal -1 0 0
    outer loop
      vertex 66 0 128
      vertex 66 2.084 116.182
      vertex 66 0 116
    endloop
  endfacet
  facet normal 0 0.087 0.996
    outer loop
      vertex 60 0 116
      vertex 60 -2.084 116.182
      vertex 66 -2.084 116.182
    endloop
  endfacet
  facet normal 0 0.087 0.996
    outer loop
      vertex 60 0 116
      vertex 66 -2.084 116.182
      vertex 66 0 116
    endloop
  endfacet
  facet normal 1 0 0
    outer loop
      vertex 60 0 128
      vertex 60 -2.084 116.182
      vertex 60 0 116
    endloop
  endfacet
  facet normal -1 0 0
    outer loop
      vertex 66 0 128
      vertex 66 0 116
      vertex 66 -2.084 116.182
    endloop
  endfacet
  facet normal 0 0.259 0.966
    outer loop
      vertex 60 -2.084 116.182
      vertex 60 -4.104 116.724
      vertex 66 -4.104 116.724
    endloop
  endfacet
  facet normal 0 0.259 0.966
    outer loop
      vertex 60 -2.084 116.182
      vertex 66 -4.104 116.724
      vertex 66 -2.084 116.182
    endloop
  endfacet
  facet normal 1 0 0
    outer loop
      vertex 60 0 128
      vertex 60 -4.104 116.724
      vertex 60 -2.084 116.182
    endloop
  endfacet
  facet normal -1 0 0
    outer loop
      vertex 66 0 128
      vertex 66 -2.084 116.182
      vertex 66 -4.104 116.724
    endloop
  endfacet
  facet normal 0 0.423 0.906
    outer loop
      vertex 60 -4.104 116.724
      vertex 60 -6 117.608
      vertex 66 -6 117.608
    endloop
  endfacet
  facet normal 0 0.423 0.906
    outer loop
      vertex 60 -4.104 116.724
      vertex 66 -6 117.608
      vertex 66 -4.104 116.724
    endloop
  endfacet
  facet normal 1 0 0
    outer loop
      vertex 60 0 128
      vertex 60 -6 117.608
      vertex 60 -4.104 116.724
    endloop
  endfacet
  facet normal -1 0 0
    outer loop
      vertex 66 0 128
      vertex 66 -4.104 116.724
      vertex 66 -6 117.608
    endloop
  endfacet
  facet normal 0 0.573 0.819
    outer loop
      vertex 60 -6 117.608
      vertex 60 -7.713 118.807
      vertex 66 -7.713 118.807
    endloop
  endfacet
  facet normal 0 0.573 0.819
    outer loop
      vertex 60 -6 117.608
      vertex 66 -7.713 118.807
      vertex 66 -6 117.608
    endloop
  endfacet
  facet normal 1 0 0
    outer loop
      vertex 60 0 128
      vertex 60 -7.713 118.807
      vertex 60 -6 117.608
    endloop
  endfacet
  facet normal -1 0 0
    outer loop
      vertex 66 0 128
      vertex 66 -6 117.608
      vertex 66 -7.713 118.807
    endloop
  endfacet
  facet normal 0 0.707 0.707
    outer loop
      vertex 60 -7.713 118.807
      vertex 60 -9.193 120.287
      vertex 66 -9.193 120.287
    endloop
  endfacet
  facet normal 0 0.707 0.707
    outer loop
      vertex 60 -7.713 118.807
      vertex 66 -9.193 120.287
      vertex 66 -7.713 118.807
    endloop
  endfacet
  facet normal 1 0 0
    outer loop
      vertex 60 0 128
      vertex 60 -9.193 120.287
      vertex 60 -7.713 118.807
    endloop
  endfacet
  facet normal -1 0 0
    outer loop
      vertex 66 0 128
      vertex 66 -7.713 118.807
      vertex 66 -9.193 120.287
    endloop
  endfacet
  facet normal 0 0.819 0.573
    outer loop
      vertex 60 -9.193 120.287
      vertex 60 -10.392 122
      vertex 66 -10.392 122
    endloop
  endfacet
  facet normal 0 0.819 0.573
    outer loop
      vertex 60 -9.193 120.287
      vertex 66 -10.392 122
      vertex 66 -9.193 120.287
    endloop
  endfacet
  facet normal 1 0 0
    outer loop
      vertex 60 0 128
      vertex 60 -10.392 122
      vertex 60 -9.193 120.287
    endloop
  endfacet
  facet normal -1 0 0
    outer loop
      vertex 66 0 128
      vertex 66 -9.193 120.287
      vertex 66 -10.392 122
    endloop
  endfacet
  facet normal 0 0.906 0.423
    outer loop
      vertex 60 -10.392 122
      vertex 60 -11.276 123.896
      vertex 66 -11.276 123.896
    endloop
  endfacet
  facet normal 0 0.906 0.423
    outer loop
      vertex 60 -10.392 122
      vertex 66 -11.276 123.896
      vertex 66 -10.392 122
    endloop
  endfacet
  facet normal 1 0 0
    outer loop
      vertex 60 0 128
      vertex 60 -11.276 123.896
      vertex 60 -10.392 122
    endloop
  endfacet
  facet normal -1 0 0
    outer loop
      vertex 66 0 128
      vertex 66 -10.392 122
      vertex 66 -11.276 123.896
    endloop
  endfacet
  facet normal 0 0.966 0.259
    outer loop
      vertex 60 -11.276 123.896
      vertex 60 -11.818 125.916
      vertex 66 -11.818 125.916
    endloop
  endfacet
  facet normal 0 0.966 0.259
    outer loop
      vertex 60 -11.276 123.896
      vertex 66 -11.818 125.916
      vertex 66 -11.276 123.896
    endloop
  endfacet
  facet normal 1 0 0
    outer loop
      vertex 60 0 128
      vertex 60 -11.818 125.916
      vertex 60 -11.276 123.896
    endloop
  endfacet
  facet normal -1 0 0
    outer loop
      vertex 66 0 128
      vertex 66 -11.276 123.896
      vertex 66 -11.818 125.916
    endloop
  endfacet
  facet normal 0 0.996 0.087
    outer loop
      vertex 60 -11.818 125.916
      vertex 60 -12 128
      vertex 66 -12 128
    endloop
  endfacet
  facet normal 0 0.996 0.087
    outer loop
      vertex 60 -11.818 125.916
      vertex 66 -12 128
      vertex 66 -11.818 125.916
    endloop
  endfacet
  facet normal 1 0 0
    outer loop
      vertex 60 0 128
      vertex 60 -12 128
      vertex 60 -11.818 125.916
    endloop
  endfacet
  facet normal -1 0 0
    outer loop
      vertex 66 0 128
      vertex 66 -11.818 125.916
      vertex 66 -12 128
    endloop
  endfacet
  facet normal 0 0.996 -0.087
    outer loop
      vertex 60 -12 128
      vertex 60 -11.818 130.084
      vertex 66 -11.818 130.084
    endloop
  endfacet
  facet normal 0 0.996 -0.087
    outer loop
      vertex 60 -12 128
      vertex 66 -11.818 130.084
      vertex 66 -12 128
    endloop
  endfacet
  facet normal 1 0 0
    outer loop
      vertex 60 0 128
      vertex 60 -11.818 130.084
      vertex 60 -12 128
    endloop
  endfacet
  facet normal -1 0 0
    outer loop
      vertex 66 0 128
      vertex 66 -12 128
      vertex 66 -11.818 130.084
    endloop
  endfacet
  facet normal 0 0.966 -0.259
    outer loop
      vertex 60 -11.818 130.084
      vertex 60 -11.276 132.104
      vertex 66 -11.276 132.104
    endloop
  endfacet
  facet normal 0 0.966 -0.259
    outer loop
      vertex 60 -11.818 130.084
      vertex 66 -11.276 132.104
      vertex 66 -11.818 130.084
    endloop
  endfacet
  facet normal 1 0 0
    outer loop
      vertex 60 0 128
      vertex 60 -11.276 132.104
      vertex 60 -11.818 130.084
    endloop
  endfacet
  facet normal -1 0 0
    outer loop
      vertex 66 0 128
      vertex 66 -11.818 130.084
      vertex 66 -11.276 132.104
    endloop
  endfacet
  facet normal 0 0.906 -0.423
    outer loop
      vertex 60 -11.276 132.104
      vertex 60 -10.392 134
      vertex 66 -10.392 134
    endloop
  endfacet
  facet normal 0 0.906 -0.423
    outer loop
      vertex 60 -11.276 132.104
      vertex 66 -10.392 134
      vertex 66 -11.276 132.104
    endloop
  endfacet
  facet normal 1 0 0
    outer loop
      vertex 60 0 128
      vertex 60 -10.392 134
      vertex 60 -11.276 132.104
    endloop
  endfacet
  facet normal -1 0 0
    outer loop
      vertex 66 0 128
      vertex 66 -11.276 132.104
      vertex 66 -10.392 134
    endloop
  endfacet
  facet normal 0 0.819 -0.573
    outer loop
      vertex 60 -10.392 134
      vertex 60 -9.193 135.713
      vertex 66 -9.193 135.713
    endloop
  endfacet
  facet normal 0 0.819 -0.573
    outer loop
      vertex 60 -10.392 134
      vertex 66 -9.193 135.713
      vertex 66 -10.392 134
    endloop
  endfacet
  facet normal 1 0 0
    outer loop
      vertex 60 0 128
      vertex 60 -9.193 135.713
      vertex 60 -10.392 134
    endloop
  endfacet
  facet normal -1 0 0
    outer loop
      vertex 66 0 128
      vertex 66 -10.392 134
      vertex 66 -9.193 135.713
    endloop
  endfacet
  facet normal 0 0.707 -0.707
    outer loop
      vertex 60 -9.193 135.713
      vertex 60 -7.713 137.193
      vertex 66 -7.713 137.193
    endloop
  endfacet
  facet normal 0 0.707 -0.707
    outer loop
      vertex 60 -9.193 135.713
      vertex 66 -7.713 137.193
      vertex 66 -9.193 135.713
    endloop
  endfacet
  facet normal 1 0 0
    outer loop
      vertex 60 0 128
      vertex 60 -7.713 137.193
      vertex 60 -9.193 135.713
    endloop
  endfacet
  facet normal -1 0 0
    outer loop
      vertex 66 0 128
      vertex 66 -9.193 135.713
      vertex 66 -7.713 137.193
    endloop
  endfacet
  facet normal 0 0.573 -0.819
    outer loop
      vertex 60 -7.713 137.193
      vertex 60 -6 138.392
      vertex 66 -6 138.392
    endloop
  endfacet
  facet normal 0 0.573 -0.819
    outer loop
      vertex 60 -7.713 137.193
      vertex 66 -6 138.392
      vertex 66 -7.713 137.193
    endloop
  endfacet
  facet normal 1 0 0
    outer loop
      vertex 60 0 128
      vertex 60 -6 138.392
      vertex 60 -7.713 137.193
    endloop
  endfacet
  facet normal -1 0 0
    outer loop
      vertex 66 0 128
      vertex 66 -7.713 137.193
      vertex 66 -6 138.392
    endloop
  endfacet
  facet normal 0 0.423 -0.906
    outer loop
      vertex 60 -6 138.392
      vertex 60 -4.104 139.276
      vertex 66 -4.104 139.276
    endloop
  endfacet
  facet normal 0 0.423 -0.906
    outer loop
      vertex 60 -6 138.392
      vertex 66 -4.104 139.276
      vertex 66 -6 138.392
    endloop
  endfacet
  facet normal 1 0 0
    outer loop
      vertex 60 0 128
      vertex 60 -4.104 139.276
      vertex 60 -6 138.392
    endloop
  endfacet
  facet normal -1 0 0
    outer loop
      vertex 66 0 128
      vertex 66 -6 138.392
      vertex 66 -4.104 139.276
    endloop
  endfacet
  facet normal 0 0.259 -0.966
    outer loop
      vertex 60 -4.104 139.276
      vertex 60 -2.084 139.818
      vertex 66 -2.084 139.818
    endloop
  endfacet
  facet normal 0 0.259 -0.966
    outer loop
      vertex 60 -4.104 139.276
      vertex 66 -2.084 139.818
      vertex 66 -4.104 139.276
    endloop
  endfacet
  facet normal 1 0 0
    outer loop
      vertex 60 0 128
      vertex 60 -2.084 139.818
      vertex 60 -4.104 139.276
    endloop
  endfacet
  facet normal -1 0 0
    outer loop
      vertex 66 0 128
      vertex 66 -4.104 139.276
      vertex 66 -2.084 139.818
    endloop
  endfacet
  facet normal 0 0.087 -0.996
    outer loop
      vertex 60 -2.084 139.818
      vertex 60 0 140
      vertex 66 0 140
    endloop
  endfacet
  facet normal 0 0.087 -0.996
    outer loop
      vertex 60 -2.084 139.818
      vertex 66 0 140
      vertex 66 -2.084 139.818
    endloop
  endfacet
  facet normal 1 0 0
    outer loop
      vertex 60 0 128
      vertex 60 0 140
      vertex 60 -2.084 139.818
    endloop
  endfacet
  facet normal -1 0 0
    outer loop
      vertex 66 0 128
      vertex 66 -2.084 139.818
      vertex 66 0 140
    endloop
  endfacet
  facet normal 0 -0.087 -0.996
    outer loop
      vertex 65.8 0 137.2
      vertex 65.8 1.598 137.06
      vertex 66.6 1.598 137.06
    endloop
  endfacet
  facet normal 0 -0.087 -0.996
    outer loop
      vertex 65.8 0 137.2
      vertex 66.6 1.598 137.06
      vertex 66.6 0 137.2
    endloop
  endfacet
  facet normal 1 0 0
    outer loop
      vertex 65.8 0 128
      vertex 65.8 1.598 137.06
      vertex 65.8 0 137.2
    endloop
  endfacet
  facet normal -1 0 0
    outer loop
      vertex 66.6 0 128
      vertex 66.6 0 137.2
      vertex 66.6 1.598 137.06
    endloop
  endfacet
  facet normal 0 -0.259 -0.966
    outer loop
      vertex 65.8 1.598 137.06
      vertex 65.8 3.147 136.645
      vertex 66.6 3.147 136.645
    endloop
  endfacet
  facet normal 0 -0.259 -0.966
    outer loop
      vertex 65.8 1.598 137.06
      vertex 66.6 3.147 136.645
      vertex 66.6 1.598 137.06
    endloop
  endfacet
  facet normal 1 0 0
    outer loop
      vertex 65.8 0 128
      vertex 65.8 3.147 136.645
      vertex 65.8 1.598 137.06
    endloop
  endfacet
  facet normal -1 0 0
    outer loop
      vertex 66.6 0 128
      vertex 66.6 1.598 137.06
      vertex 66.6 3.147 136.645
    endloop
  endfacet
  facet normal 0 -0.423 -0.906
    outer loop
      vertex 65.8 3.147 136.645
      vertex 65.8 4.6 135.967
      vertex 66.6 4.6 135.967
    endloop
  endfacet
  facet normal 0 -0.423 -0.906
    outer loop
      vertex 65.8 3.147 136.645
      vertex 66.6 4.6 135.967
      vertex 66.6 3.147 136.645
    endloop
  endfacet
  facet normal 1 0 0
    outer loop
      vertex 65.8 0 128
      vertex 65.8 4.6 135.967
      vertex 65.8 3.147 136.645
    endloop
  endfacet
  facet normal -1 0 0
    outer loop
      vertex 66.6 0 128
      vertex 66.6 3.147 136.645
      vertex 66.6 4.6 135.967
    endloop
  endfacet
  facet normal 0 -0.573 -0.819
    outer loop
      vertex 65.8 4.6 135.967
      vertex 65.8 5.914 135.048
      vertex 66.6 5.914 135.048
    endloop
  endfacet
  facet normal 0 -0.573 -0.819
    outer loop
      vertex 65.8 4.6 135.967
      vertex 66.6 5.914 135.048
      vertex 66.6 4.6 135.967
    endloop
  endfacet
  facet normal 1 0 0
    outer loop
      vertex 65.8 0 128
      vertex 65.8 5.914 135.048
      vertex 65.8 4.6 135.967
    endloop
  endfacet
  facet normal -1 0 0
    outer loop
      vertex 66.6 0 128
      vertex 66.6 4.6 135.967
      vertex 66.6 5.914 135.048
    endloop
  endfacet
  facet normal 0 -0.707 -0.707
    outer loop
      vertex 65.8 5.914 135.048
      vertex 65.8 7.048 133.914
      vertex 66.6 7.048 133.914
    endloop
  endfacet
  facet normal 0 -0.707 -0.707
    outer loop
      vertex 65.8 5.914 135.048
      vertex 66.6 7.048 133.914
      vertex 66.6 5.914 135.048
    endloop
  endfacet
  facet normal 1 0 0
    outer loop
      vertex 65.8 0 128
      vertex 65.8 7.048 133.914
      vertex 65.8 5.914 135.048
    endloop
  endfacet
  facet normal -1 0 0
    outer loop
      vertex 66.6 0 128
      vertex 66.6 5.914 135.048
      vertex 66.6 7.048 133.914
    endloop
  endfacet
  facet normal 0 -0.819 -0.573
    outer loop
      vertex 65.8 7.048 133.914
      vertex 65.8 7.967 132.6
      vertex 66.6 7.967 132.6
    endloop
  endfacet
  facet normal 0 -0.819 -0.573
    outer loop
      vertex 65.8 7.048 133.914
      vertex 66.6 7.967 132.6
      vertex 66.6 7.048 133.914
    endloop
  endfacet
  facet normal 1 0 0
    outer loop
      vertex 65.8 0 128
      vertex 65.8 7.967 132.6
      vertex 65.8 7.048 133.914
    endloop
  endfacet
  facet normal -1 0 0
    outer loop
      vertex 66.6 0 128
      vertex 66.6 7.048 133.914
      vertex 66.6 7.967 132.6
    endloop
  endfacet
  facet normal 0 -0.906 -0.423
    outer loop
      vertex 65.8 7.967 132.6
      vertex 65.8 8.645 131.147
      vertex 66.6 8.645 131.147
    endloop
  endfacet
  facet normal 0 -0.906 -0.423
    outer loop
      vertex 65.8 7.967 132.6
      vertex 66.6 8.645 131.147
      vertex 66.6 7.967 132.6
    endloop
  endfacet
  facet normal 1 0 0
    outer loop
      vertex 65.8 0 128
      vertex 65.8 8.645 131.147
      vertex 65.8 7.967 132.6
    endloop
  endfacet
  facet normal -1 0 0
    outer loop
      vertex 66.6 0 128
      vertex 66.6 7.967 132.6
      vertex 66.6 8.645 131.147
    endloop
  endfacet
  facet normal 0 -0.966 -0.259
    outer loop
      vertex 65.8 8.645 131.147
      vertex 65.8 9.06 129.598
      vertex 66.6 9.06 129.598
    endloop
  endfacet
  facet normal 0 -0.966 -0.259
    outer loop
      vertex 65.8 8.645 131.147
      vertex 66.6 9.06 129.598
      vertex 66.6 8.645 131.147
    endloop
  endfacet
  facet normal 1 0 0
    outer loop
      vertex 65.8 0 128
      vertex 65.8 9.06 129.598
      vertex 65.8 8.645 131.147
    endloop
  endfacet
  facet normal -1 0 0
    outer loop
      vertex 66.6 0 128
      vertex 66.6 8.645 131.147
      vertex 66.6 9.06 129.598
    endloop
  endfacet
  facet normal 0 -0.996 -0.087
    outer loop
      vertex 65.8 9.06 129.598
      vertex 65.8 9.2 128
      vertex 66.6 9.2 128
    endloop
  endfacet
  facet normal 0 -0.996 -0.087
    outer loop
      vertex 65.8 9.06 129.598
      vertex 66.6 9.2 128
      vertex 66.6 9.06 129.598
    endloop
  endfacet
  facet normal 1 0 0
    outer loop
      vertex 65.8 0 128
      vertex 65.8 9.2 128
      vertex 65.8 9.06 129.598
    endloop
  endfacet
  facet normal -1 0 0
    outer loop
      vertex 66.6 0 128
      vertex 66.6 9.06 129.598
      vertex 66.6 9.2 128
    endloop
  endfacet
  facet normal 0 -0.996 0.087
    outer loop
      vertex 65.8 9.2 128
      vertex 65.8 9.06 126.402
      vertex 66.6 9.06 126.402
    endloop
  endfacet
  facet normal 0 -0.996 0.087
    outer loop
      vertex 65.8 9.2 128
      vertex 66.6 9.06 126.402
      vertex 66.6 9.2 128
    endloop
  endfacet
  facet normal 1 0 0
    outer loop
      vertex 65.8 0 128
      vertex 65.8 9.06 126.402
      vertex 65.8 9.2 128
    endloop
  endfacet
  facet normal -1 0 0
    outer loop
      vertex 66.6 0 128
      vertex 66.6 9.2 128
      vertex 66.6 9.06 126.402
    endloop
  endfacet
  facet normal 0 -0.966 0.259
    outer loop
      vertex 65.8 9.06 126.402
      vertex 65.8 8.645 124.853
      vertex 66.6 8.645 124.853
    endloop
  endfacet
  facet normal 0 -0.966 0.259
    outer loop
      vertex 65.8 9.06 126.402
      vertex 66.6 8.645 124.853
      vertex 66.6 9.06 126.402
    endloop
  endfacet
  facet normal 1 0 0
    outer loop
      vertex 65.8 0 128
      vertex 65.8 8.645 124.853
      vertex 65.8 9.06 126.402
    endloop
  endfacet
  facet normal -1 0 0
    outer loop
      vertex 66.6 0 128
      vertex 66.6 9.06 126.402
      vertex 66.6 8.645 124.853
    endloop
  endfacet
  facet normal 0 -0.906 0.423
    outer loop
      vertex 65.8 8.645 124.853
      vertex 65.8 7.967 123.4
      vertex 66.6 7.967 123.4
    endloop
  endfacet
  facet normal 0 -0.906 0.423
    outer loop
      vertex 65.8 8.645 124.853
      vertex 66.6 7.967 123.4
      vertex 66.6 8.645 124.853
    endloop
  endfacet
  facet normal 1 0 0
    outer loop
      vertex 65.8 0 128
      vertex 65.8 7.967 123.4
      vertex 65.8 8.645 124.853
    endloop
  endfacet
  facet normal -1 0 0
    outer loop
      vertex 66.6 0 128
      vertex 66.6 8.645 124.853
      vertex 66.6 7.967 123.4
    endloop
  endfacet
  facet normal 0 -0.819 0.573
    outer loop
      vertex 65.8 7.967 123.4
      vertex 65.8 7.048 122.086
      vertex 66.6 7.048 122.086
    endloop
  endfacet
  facet normal 0 -0.819 0.573
    outer loop
      vertex 65.8 7.967 123.4
      vertex 66.6 7.048 122.086
      vertex 66.6 7.967 123.4
    endloop
  endfacet
  facet normal 1 0 0
    outer loop
      vertex 65.8 0 128
      vertex 65.8 7.048 122.086
      vertex 65.8 7.967 123.4
    endloop
  endfacet
  facet normal -1 0 0
    outer loop
      vertex 66.6 0 128
      vertex 66.6 7.967 123.4
      vertex 66.6 7.048 122.086
    endloop
  endfacet
  facet normal 0 -0.707 0.707
    outer loop
      vertex 65.8 7.048 122.086
      vertex 65.8 5.914 120.952
      vertex 66.6 5.914 120.952
    endloop
  endfacet
  facet normal 0 -0.707 0.707
    outer loop
      vertex 65.8 7.048 122.086
      vertex 66.6 5.914 120.952
      vertex 66.6 7.048 122.086
    endloop
  endfacet
  facet normal 1 0 0
    outer loop
      vertex 65.8 0 128
      vertex 65.8 5.914 120.952
      vertex 65.8 7.048 122.086
    endloop
  endfacet
  facet normal -1 0 0
    outer loop
      vertex 66.6 0 128
      vertex 66.6 7.048 122.086
      vertex 66.6 5.914 120.952
    endloop
  endfacet
  facet normal 0 -0.573 0.819
    outer loop
      vertex 65.8 5.914 120.952
      vertex 65.8 4.6 120.033
      vertex 66.6 4.6 120.033
    endloop
  endfacet
  facet normal 0 -0.573 0.819
    outer loop
      vertex 65.8 5.914 120.952
      vertex 66.6 4.6 120.033
      vertex 66.6 5.914 120.952
    endloop
  endfacet
  facet normal 1 0 0
    outer loop
      vertex 65.8 0 128
      vertex 65.8 4.6 120.033
      vertex 65.8 5.914 120.952
    endloop
  endfacet
  facet normal -1 0 0
    outer loop
      vertex 66.6 0 128
      vertex 66.6 5.914 120.952
      vertex 66.6 4.6 120.033
    endloop
  endfacet
  facet normal 0 -0.423 0.906
    outer loop
      vertex 65.8 4.6 120.033
      vertex 65.8 3.147 119.355
      vertex 66.6 3.147 119.355
    endloop
  endfacet
  facet normal 0 -0.423 0.906
    outer loop
      vertex 65.8 4.6 120.033
      vertex 66.6 3.147 119.355
      vertex 66.6 4.6 120.033
    endloop
  endfacet
  facet normal 1 0 0
    outer loop
      vertex 65.8 0 128
      vertex 65.8 3.147 119.355
      vertex 65.8 4.6 120.033
    endloop
  endfacet
  facet normal -1 0 0
    outer loop
      vertex 66.6 0 128
      vertex 66.6 4.6 120.033
      vertex 66.6 3.147 119.355
    endloop
  endfacet
  facet normal 0 -0.259 0.966
    outer loop
      vertex 65.8 3.147 119.355
      vertex 65.8 1.598 118.94
      vertex 66.6 1.598 118.94
    endloop
  endfacet
  facet normal 0 -0.259 0.966
    outer loop
      vertex 65.8 3.147 119.355
      vertex 66.6 1.598 118.94
      vertex 66.6 3.147 119.355
    endloop
  endfacet
  facet normal 1 0 0
    outer loop
      vertex 65.8 0 128
      vertex 65.8 1.598 118.94
      vertex 65.8 3.147 119.355
    endloop
  endfacet
  facet normal -1 0 0
    outer loop
      vertex 66.6 0 128
      vertex 66.6 3.147 119.355
      vertex 66.6 1.598 118.94
    endloop
  endfacet
  facet normal 0 -0.087 0.996
    outer loop
      vertex 65.8 1.598 118.94
      vertex 65.8 0 118.8
      vertex 66.6 0 118.8
    endloop
  endfacet
  facet normal 0 -0.087 0.996
    outer loop
      vertex 65.8 1.598 118.94
      vertex 66.6 0 118.8
      vertex 66.6 1.598 118.94
    endloop
  endfacet
  facet normal 1 0 0
    outer loop
      vertex 65.8 0 128
      vertex 65.8 0 118.8
      vertex 65.8 1.598 118.94
    endloop
  endfacet
  facet normal -1 0 0
    outer loop
      vertex 66.6 0 128
      vertex 66.6 1.598 118.94
      vertex 66.6 0 118.8
    endloop
  endfacet
  facet normal 0 0.087 0.996
    outer loop
      vertex 65.8 0 118.8
      vertex 65.8 -1.598 118.94
      vertex 66.6 -1.598 118.94
    endloop
  endfacet
  facet normal 0 0.087 0.996
    outer loop
      vertex 65.8 0 118.8
      vertex 66.6 -1.598 118.94
      vertex 66.6 0 118.8
    endloop
  endfacet
  facet normal 1 0 0
    outer loop
      vertex 65.8 0 128
      vertex 65.8 -1.598 118.94
      vertex 65.8 0 118.8
    endloop
  endfacet
  facet normal -1 0 0
    outer loop
      vertex 66.6 0 128
      vertex 66.6 0 118.8
      vertex 66.6 -1.598 118.94
    endloop
  endfacet
  facet normal 0 0.259 0.966
    outer loop
      vertex 65.8 -1.598 118.94
      vertex 65.8 -3.147 119.355
      vertex 66.6 -3.147 119.355
    endloop
  endfacet
  facet normal 0 0.259 0.966
    outer loop
      vertex 65.8 -1.598 118.94
      vertex 66.6 -3.147 119.355
      vertex 66.6 -1.598 118.94
    endloop
  endfacet
  facet normal 1 0 0
    outer loop
      vertex 65.8 0 128
      vertex 65.8 -3.147 119.355
      vertex 65.8 -1.598 118.94
    endloop
  endfacet
  facet normal -1 0 0
    outer loop
      vertex 66.6 0 128
      vertex 66.6 -1.598 118.94
      vertex 66.6 -3.147 119.355
    endloop
  endfacet
  facet normal 0 0.423 0.906
    outer loop
      vertex 65.8 -3.147 119.355
      vertex 65.8 -4.6 120.033
      vertex 66.6 -4.6 120.033
    endloop
  endfacet
  facet normal 0 0.423 0.906
    outer loop
      vertex 65.8 -3.147 119.355
      vertex 66.6 -4.6 120.033
      vertex 66.6 -3.147 119.355
    endloop
  endfacet
  facet normal 1 0 0
    outer loop
      vertex 65.8 0 128
      vertex 65.8 -4.6 120.033
      vertex 65.8 -3.147 119.355
    endloop
  endfacet
  facet normal -1 0 0
    outer loop
      vertex 66.6 0 128
      vertex 66.6 -3.147 119.355
      vertex 66.6 -4.6 120.033
    endloop
  endfacet
  facet normal 0 0.573 0.819
    outer loop
      vertex 65.8 -4.6 120.033
      vertex 65.8 -5.914 120.952
      vertex 66.6 -5.914 120.952
    endloop
  endfacet
  facet normal 0 0.573 0.819
    outer loop
      vertex 65.8 -4.6 120.033
      vertex 66.6 -5.914 120.952
      vertex 66.6 -4.6 120.033
    endloop
  endfacet
  facet normal 1 0 0
    outer loop
      vertex 65.8 0 128
      vertex 65.8 -5.914 120.952
      vertex 65.8 -4.6 120.033
    endloop
  endfacet
  facet normal -1 0 0
    outer loop
      vertex 66.6 0 128
      vertex 66.6 -4.6 120.033
      vertex 66.6 -5.914 120.952
    endloop
  endfacet
  facet normal 0 0.707 0.707
    outer loop
      vertex 65.8 -5.914 120.952
      vertex 65.8 -7.048 122.086
      vertex 66.6 -7.048 122.086
    endloop
  endfacet
  facet normal 0 0.707 0.707
    outer loop
      vertex 65.8 -5.914 120.952
      vertex 66.6 -7.048 122.086
      vertex 66.6 -5.914 120.952
    endloop
  endfacet
  facet normal 1 0 0
    outer loop
      vertex 65.8 0 128
      vertex 65.8 -7.048 122.086
      vertex 65.8 -5.914 120.952
    endloop
  endfacet
  facet normal -1 0 0
    outer loop
      vertex 66.6 0 128
      vertex 66.6 -5.914 120.952
      vertex 66.6 -7.048 122.086
    endloop
  endfacet
  facet normal 0 0.819 0.573
    outer loop
      vertex 65.8 -7.048 122.086
      vertex 65.8 -7.967 123.4
      vertex 66.6 -7.967 123.4
    endloop
  endfacet
  facet normal 0 0.819 0.573
    outer loop
      vertex 65.8 -7.048 122.086
      vertex 66.6 -7.967 123.4
      vertex 66.6 -7.048 122.086
    endloop
  endfacet
  facet normal 1 0 0
    outer loop
      vertex 65.8 0 128
      vertex 65.8 -7.967 123.4
      vertex 65.8 -7.048 122.086
    endloop
  endfacet
  facet normal -1 0 0
    outer loop
      vertex 66.6 0 128
      vertex 66.6 -7.048 122.086
      vertex 66.6 -7.967 123.4
    endloop
  endfacet
  facet normal 0 0.906 0.423
    outer loop
      vertex 65.8 -7.967 123.4
      vertex 65.8 -8.645 124.853
      vertex 66.6 -8.645 124.853
    endloop
  endfacet
  facet normal 0 0.906 0.423
    outer loop
      vertex 65.8 -7.967 123.4
      vertex 66.6 -8.645 124.853
      vertex 66.6 -7.967 123.4
    endloop
  endfacet
  facet normal 1 0 0
    outer loop
      vertex 65.8 0 128
      vertex 65.8 -8.645 124.853
      vertex 65.8 -7.967 123.4
    endloop
  endfacet
  facet normal -1 0 0
    outer loop
      vertex 66.6 0 128
      vertex 66.6 -7.967 123.4
      vertex 66.6 -8.645 124.853
    endloop
  endfacet
  facet normal 0 0.966 0.259
    outer loop
      vertex 65.8 -8.645 124.853
      vertex 65.8 -9.06 126.402
      vertex 66.6 -9.06 126.402
    endloop
  endfacet
  facet normal 0 0.966 0.259
    outer loop
      vertex 65.8 -8.645 124.853
      vertex 66.6 -9.06 126.402
      vertex 66.6 -8.645 124.853
    endloop
  endfacet
  facet normal 1 0 0
    outer loop
      vertex 65.8 0 128
      vertex 65.8 -9.06 126.402
      vertex 65.8 -8.645 124.853
    endloop
  endfacet
  facet normal -1 0 0
    outer loop
      vertex 66.6 0 128
      vertex 66.6 -8.645 124.853
      vertex 66.6 -9.06 126.402
    endloop
  endfacet
  facet normal 0 0.996 0.087
    outer loop
      vertex 65.8 -9.06 126.402
      vertex 65.8 -9.2 128
      vertex 66.6 -9.2 128
    endloop
  endfacet
  facet normal 0 0.996 0.087
    outer loop
      vertex 65.8 -9.06 126.402
      vertex 66.6 -9.2 128
      vertex 66.6 -9.06 126.402
    endloop
  endfacet
  facet normal 1 0 0
    outer loop
      vertex 65.8 0 128
      vertex 65.8 -9.2 128
      vertex 65.8 -9.06 126.402
    endloop
  endfacet
  facet normal -1 0 0
    outer loop
      vertex 66.6 0 128
      vertex 66.6 -9.06 126.402
      vertex 66.6 -9.2 128
    endloop
  endfacet
  facet normal 0 0.996 -0.087
    outer loop
      vertex 65.8 -9.2 128
      vertex 65.8 -9.06 129.598
      vertex 66.6 -9.06 129.598
    endloop
  endfacet
  facet normal 0 0.996 -0.087
    outer loop
      vertex 65.8 -9.2 128
      vertex 66.6 -9.06 129.598
      vertex 66.6 -9.2 128
    endloop
  endfacet
  facet normal 1 0 0
    outer loop
      vertex 65.8 0 128
      vertex 65.8 -9.06 129.598
      vertex 65.8 -9.2 128
    endloop
  endfacet
  facet normal -1 0 0
    outer loop
      vertex 66.6 0 128
      vertex 66.6 -9.2 128
      vertex 66.6 -9.06 129.598
    endloop
  endfacet
  facet normal 0 0.966 -0.259
    outer loop
      vertex 65.8 -9.06 129.598
      vertex 65.8 -8.645 131.147
      vertex 66.6 -8.645 131.147
    endloop
  endfacet
  facet normal 0 0.966 -0.259
    outer loop
      vertex 65.8 -9.06 129.598
      vertex 66.6 -8.645 131.147
      vertex 66.6 -9.06 129.598
    endloop
  endfacet
  facet normal 1 0 0
    outer loop
      vertex 65.8 0 128
      vertex 65.8 -8.645 131.147
      vertex 65.8 -9.06 129.598
    endloop
  endfacet
  facet normal -1 0 0
    outer loop
      vertex 66.6 0 128
      vertex 66.6 -9.06 129.598
      vertex 66.6 -8.645 131.147
    endloop
  endfacet
  facet normal 0 0.906 -0.423
    outer loop
      vertex 65.8 -8.645 131.147
      vertex 65.8 -7.967 132.6
      vertex 66.6 -7.967 132.6
    endloop
  endfacet
  facet normal 0 0.906 -0.423
    outer loop
      vertex 65.8 -8.645 131.147
      vertex 66.6 -7.967 132.6
      vertex 66.6 -8.645 131.147
    endloop
  endfacet
  facet normal 1 0 0
    outer loop
      vertex 65.8 0 128
      vertex 65.8 -7.967 132.6
      vertex 65.8 -8.645 131.147
    endloop
  endfacet
  facet normal -1 0 0
    outer loop
      vertex 66.6 0 128
      vertex 66.6 -8.645 131.147
      vertex 66.6 -7.967 132.6
    endloop
  endfacet
  facet normal 0 0.819 -0.573
    outer loop
      vertex 65.8 -7.967 132.6
      vertex 65.8 -7.048 133.914
      vertex 66.6 -7.048 133.914
    endloop
  endfacet
  facet normal 0 0.819 -0.573
    outer loop
      vertex 65.8 -7.967 132.6
      vertex 66.6 -7.048 133.914
      vertex 66.6 -7.967 132.6
    endloop
  endfacet
  facet normal 1 0 0
    outer loop
      vertex 65.8 0 128
      vertex 65.8 -7.048 133.914
      vertex 65.8 -7.967 132.6
    endloop
  endfacet
  facet normal -1 0 0
    outer loop
      vertex 66.6 0 128
      vertex 66.6 -7.967 132.6
      vertex 66.6 -7.048 133.914
    endloop
  endfacet
  facet normal 0 0.707 -0.707
    outer loop
      vertex 65.8 -7.048 133.914
      vertex 65.8 -5.914 135.048
      vertex 66.6 -5.914 135.048
    endloop
  endfacet
  facet normal 0 0.707 -0.707
    outer loop
      vertex 65.8 -7.048 133.914
      vertex 66.6 -5.914 135.048
      vertex 66.6 -7.048 133.914
    endloop
  endfacet
  facet normal 1 0 0
    outer loop
      vertex 65.8 0 128
      vertex 65.8 -5.914 135.048
      vertex 65.8 -7.048 133.914
    endloop
  endfacet
  facet normal -1 0 0
    outer loop
      vertex 66.6 0 128
      vertex 66.6 -7.048 133.914
      vertex 66.6 -5.914 135.048
    endloop
  endfacet
  facet normal 0 0.573 -0.819
    outer loop
      vertex 65.8 -5.914 135.048
      vertex 65.8 -4.6 135.967
      vertex 66.6 -4.6 135.967
    endloop
  endfacet
  facet normal 0 0.573 -0.819
    outer loop
      vertex 65.8 -5.914 135.048
      vertex 66.6 -4.6 135.967
      vertex 66.6 -5.914 135.048
    endloop
  endfacet
  facet normal 1 0 0
    outer loop
      vertex 65.8 0 128
      vertex 65.8 -4.6 135.967
      vertex 65.8 -5.914 135.048
    endloop
  endfacet
  facet normal -1 0 0
    outer loop
      vertex 66.6 0 128
      vertex 66.6 -5.914 135.048
      vertex 66.6 -4.6 135.967
    endloop
  endfacet
  facet normal 0 0.423 -0.906
    outer loop
      vertex 65.8 -4.6 135.967
      vertex 65.8 -3.147 136.645
      vertex 66.6 -3.147 136.645
    endloop
  endfacet
  facet normal 0 0.423 -0.906
    outer loop
      vertex 65.8 -4.6 135.967
      vertex 66.6 -3.147 136.645
      vertex 66.6 -4.6 135.967
    endloop
  endfacet
  facet normal 1 0 0
    outer loop
      vertex 65.8 0 128
      vertex 65.8 -3.147 136.645
      vertex 65.8 -4.6 135.967
    endloop
  endfacet
  facet normal -1 0 0
    outer loop
      vertex 66.6 0 128
      vertex 66.6 -4.6 135.967
      vertex 66.6 -3.147 136.645
    endloop
  endfacet
  facet normal 0 0.259 -0.966
    outer loop
      vertex 65.8 -3.147 136.645
      vertex 65.8 -1.598 137.06
      vertex 66.6 -1.598 137.06
    endloop
  endfacet
  facet normal 0 0.259 -0.966
    outer loop
      vertex 65.8 -3.147 136.645
      vertex 66.6 -1.598 137.06
      vertex 66.6 -3.147 136.645
    endloop
  endfacet
  facet normal 1 0 0
    outer loop
      vertex 65.8 0 128
      vertex 65.8 -1.598 137.06
      vertex 65.8 -3.147 136.645
    endloop
  endfacet
  facet normal -1 0 0
    outer loop
      vertex 66.6 0 128
      vertex 66.6 -3.147 136.645
      vertex 66.6 -1.598 137.06
    endloop
  endfacet
  facet normal 0 0.087 -0.996
    outer loop
      vertex 65.8 -1.598 137.06
      vertex 65.8 0 137.2
      vertex 66.6 0 137.2
    endloop
  endfacet
  facet normal 0 0.087 -0.996
    outer loop
      vertex 65.8 -1.598 137.06
      vertex 66.6 0 137.2
      vertex 66.6 -1.598 137.06
    endloop
  endfacet
  facet normal 1 0 0
    outer loop
      vertex 65.8 0 128
      vertex 65.8 0 137.2
      vertex 65.8 -1.598 137.06
    endloop
  endfacet
  facet normal -1 0 0
    outer loop
      vertex 66.6 0 128
      vertex 66.6 -1.598 137.06
      vertex 66.6 0 137.2
    endloop
  endfacet
  facet normal 0 -0.223 -0.975
    outer loop
      vertex 66.3 0 129.1
      vertex 66.3 0.477 128.991
      vertex 67.2 0.477 128.991
    endloop
  endfacet
  facet normal 0 -0.223 -0.975
    outer loop
      vertex 66.3 0 129.1
      vertex 67.2 0.477 128.991
      vertex 67.2 0 129.1
    endloop
  endfacet
  facet normal 1 0 0
    outer loop
      vertex 66.3 0 128
      vertex 66.3 0.477 128.991
      vertex 66.3 0 129.1
    endloop
  endfacet
  facet normal -1 0 0
    outer loop
      vertex 67.2 0 128
      vertex 67.2 0 129.1
      vertex 67.2 0.477 128.991
    endloop
  endfacet
  facet normal 0 -0.623 -0.782
    outer loop
      vertex 66.3 0.477 128.991
      vertex 66.3 0.86 128.686
      vertex 67.2 0.86 128.686
    endloop
  endfacet
  facet normal 0 -0.623 -0.782
    outer loop
      vertex 66.3 0.477 128.991
      vertex 67.2 0.86 128.686
      vertex 67.2 0.477 128.991
    endloop
  endfacet
  facet normal 1 0 0
    outer loop
      vertex 66.3 0 128
      vertex 66.3 0.86 128.686
      vertex 66.3 0.477 128.991
    endloop
  endfacet
  facet normal -1 0 0
    outer loop
      vertex 67.2 0 128
      vertex 67.2 0.477 128.991
      vertex 67.2 0.86 128.686
    endloop
  endfacet
  facet normal 0 -0.901 -0.433
    outer loop
      vertex 66.3 0.86 128.686
      vertex 66.3 1.072 128.245
      vertex 67.2 1.072 128.245
    endloop
  endfacet
  facet normal 0 -0.901 -0.433
    outer loop
      vertex 66.3 0.86 128.686
      vertex 67.2 1.072 128.245
      vertex 67.2 0.86 128.686
    endloop
  endfacet
  facet normal 1 0 0
    outer loop
      vertex 66.3 0 128
      vertex 66.3 1.072 128.245
      vertex 66.3 0.86 128.686
    endloop
  endfacet
  facet normal -1 0 0
    outer loop
      vertex 67.2 0 128
      vertex 67.2 0.86 128.686
      vertex 67.2 1.072 128.245
    endloop
  endfacet
  facet normal 0 -1 0
    outer loop
      vertex 66.3 1.072 128.245
      vertex 66.3 1.072 127.755
      vertex 67.2 1.072 127.755
    endloop
  endfacet
  facet normal 0 -1 0
    outer loop
      vertex 66.3 1.072 128.245
      vertex 67.2 1.072 127.755
      vertex 67.2 1.072 128.245
    endloop
  endfacet
  facet normal 1 0 0
    outer loop
      vertex 66.3 0 128
      vertex 66.3 1.072 127.755
      vertex 66.3 1.072 128.245
    endloop
  endfacet
  facet normal -1 0 0
    outer loop
      vertex 67.2 0 128
      vertex 67.2 1.072 128.245
      vertex 67.2 1.072 127.755
    endloop
  endfacet
  facet normal 0 -0.901 0.433
    outer loop
      vertex 66.3 1.072 127.755
      vertex 66.3 0.86 127.314
      vertex 67.2 0.86 127.314
    endloop
  endfacet
  facet normal 0 -0.901 0.433
    outer loop
      vertex 66.3 1.072 127.755
      vertex 67.2 0.86 127.314
      vertex 67.2 1.072 127.755
    endloop
  endfacet
  facet normal 1 0 0
    outer loop
      vertex 66.3 0 128
      vertex 66.3 0.86 127.314
      vertex 66.3 1.072 127.755
    endloop
  endfacet
  facet normal -1 0 0
    outer loop
      vertex 67.2 0 128
      vertex 67.2 1.072 127.755
      vertex 67.2 0.86 127.314
    endloop
  endfacet
  facet normal 0 -0.623 0.782
    outer loop
      vertex 66.3 0.86 127.314
      vertex 66.3 0.477 127.009
      vertex 67.2 0.477 127.009
    endloop
  endfacet
  facet normal 0 -0.623 0.782
    outer loop
      vertex 66.3 0.86 127.314
      vertex 67.2 0.477 127.009
      vertex 67.2 0.86 127.314
    endloop
  endfacet
  facet normal 1 0 0
    outer loop
      vertex 66.3 0 128
      vertex 66.3 0.477 127.009
      vertex 66.3 0.86 127.314
    endloop
  endfacet
  facet normal -1 0 0
    outer loop
      vertex 67.2 0 128
      vertex 67.2 0.86 127.314
      vertex 67.2 0.477 127.009
    endloop
  endfacet
  facet normal 0 -0.223 0.975
    outer loop
      vertex 66.3 0.477 127.009
      vertex 66.3 0 126.9
      vertex 67.2 0 126.9
    endloop
  endfacet
  facet normal 0 -0.223 0.975
    outer loop
      vertex 66.3 0.477 127.009
      vertex 67.2 0 126.9
      vertex 67.2 0.477 127.009
    endloop
  endfacet
  facet normal 1 0 0
    outer loop
      vertex 66.3 0 128
      vertex 66.3 0 126.9
      vertex 66.3 0.477 127.009
    endloop
  endfacet
  facet normal -1 0 0
    outer loop
      vertex 67.2 0 128
      vertex 67.2 0.477 127.009
      vertex 67.2 0 126.9
    endloop
  endfacet
  facet normal 0 0.223 0.975
    outer loop
      vertex 66.3 0 126.9
      vertex 66.3 -0.477 127.009
      vertex 67.2 -0.477 127.009
    endloop
  endfacet
  facet normal 0 0.223 0.975
    outer loop
      vertex 66.3 0 126.9
      vertex 67.2 -0.477 127.009
      vertex 67.2 0 126.9
    endloop
  endfacet
  facet normal 1 0 0
    outer loop
      vertex 66.3 0 128
      vertex 66.3 -0.477 127.009
      vertex 66.3 0 126.9
    endloop
  endfacet
  facet normal -1 0 0
    outer loop
      vertex 67.2 0 128
      vertex 67.2 0 126.9
      vertex 67.2 -0.477 127.009
    endloop
  endfacet
  facet normal 0 0.623 0.782
    outer loop
      vertex 66.3 -0.477 127.009
      vertex 66.3 -0.86 127.314
      vertex 67.2 -0.86 127.314
    endloop
  endfacet
  facet normal 0 0.623 0.782
    outer loop
      vertex 66.3 -0.477 127.009
      vertex 67.2 -0.86 127.314
      vertex 67.2 -0.477 127.009
    endloop
  endfacet
  facet normal 1 0 0
    outer loop
      vertex 66.3 0 128
      vertex 66.3 -0.86 127.314
      vertex 66.3 -0.477 127.009
    endloop
  endfacet
  facet normal -1 0 0
    outer loop
      vertex 67.2 0 128
      vertex 67.2 -0.477 127.009
      vertex 67.2 -0.86 127.314
    endloop
  endfacet
  facet normal 0 0.901 0.433
    outer loop
      vertex 66.3 -0.86 127.314
      vertex 66.3 -1.072 127.755
      vertex 67.2 -1.072 127.755
    endloop
  endfacet
  facet normal 0 0.901 0.433
    outer loop
      vertex 66.3 -0.86 127.314
      vertex 67.2 -1.072 127.755
      vertex 67.2 -0.86 127.314
    endloop
  endfacet
  facet normal 1 0 0
    outer loop
      vertex 66.3 0 128
      vertex 66.3 -1.072 127.755
      vertex 66.3 -0.86 127.314
    endloop
  endfacet
  facet normal -1 0 0
    outer loop
      vertex 67.2 0 128
      vertex 67.2 -0.86 127.314
      vertex 67.2 -1.072 127.755
    endloop
  endfacet
  facet normal 0 1 0
    outer loop
      vertex 66.3 -1.072 127.755
      vertex 66.3 -1.072 128.245
      vertex 67.2 -1.072 128.245
    endloop
  endfacet
  facet normal 0 1 0
    outer loop
      vertex 66.3 -1.072 127.755
      vertex 67.2 -1.072 128.245
      vertex 67.2 -1.072 127.755
    endloop
  endfacet
  facet normal 1 0 0
    outer loop
      vertex 66.3 0 128
      vertex 66.3 -1.072 128.245
      vertex 66.3 -1.072 127.755
    endloop
  endfacet
  facet normal -1 0 0
    outer loop
      vertex 67.2 0 128
      vertex 67.2 -1.072 127.755
      vertex 67.2 -1.072 128.245
    endloop
  endfacet
  facet normal 0 0.901 -0.433
    outer loop
      vertex 66.3 -1.072 128.245
      vertex 66.3 -0.86 128.686
      vertex 67.2 -0.86 128.686
    endloop
  endfacet
  facet normal 0 0.901 -0.433
    outer loop
      vertex 66.3 -1.072 128.245
      vertex 67.2 -0.86 128.686
      vertex 67.2 -1.072 128.245
    endloop
  endfacet
  facet normal 1 0 0
    outer loop
      vertex 66.3 0 128
      vertex 66.3 -0.86 128.686
      vertex 66.3 -1.072 128.245
    endloop
  endfacet
  facet normal -1 0 0
    outer loop
      vertex 67.2 0 128
      vertex 67.2 -1.072 128.245
      vertex 67.2 -0.86 128.686
    endloop
  endfacet
  facet normal 0 0.623 -0.782
    outer loop
      vertex 66.3 -0.86 128.686
      vertex 66.3 -0.477 128.991
      vertex 67.2 -0.477 128.991
    endloop
  endfacet
  facet normal 0 0.623 -0.782
    outer loop
      vertex 66.3 -0.86 128.686
      vertex 67.2 -0.477 128.991
      vertex 67.2 -0.86 128.686
    endloop
  endfacet
  facet normal 1 0 0
    outer loop
      vertex 66.3 0 128
      vertex 66.3 -0.477 128.991
      vertex 66.3 -0.86 128.686
    endloop
  endfacet
  facet normal -1 0 0
    outer loop
      vertex 67.2 0 128
      vertex 67.2 -0.86 128.686
      vertex 67.2 -0.477 128.991
    endloop
  endfacet
  facet normal 0 0.223 -0.975
    outer loop
      vertex 66.3 -0.477 128.991
      vertex 66.3 0 129.1
      vertex 67.2 0 129.1
    endloop
  endfacet
  facet normal 0 0.223 -0.975
    outer loop
      vertex 66.3 -0.477 128.991
      vertex 67.2 0 129.1
      vertex 67.2 -0.477 128.991
    endloop
  endfacet
  facet normal 1 0 0
    outer loop
      vertex 66.3 0 128
      vertex 66.3 0 129.1
      vertex 66.3 -0.477 128.991
    endloop
  endfacet
  facet normal -1 0 0
    outer loop
      vertex 67.2 0 128
      vertex 67.2 -0.477 128.991
      vertex 67.2 0 129.1
    endloop
  endfacet
  facet normal 0 -0.223 -0.975
    outer loop
      vertex 66.3 0 125.1
      vertex 66.3 0.477 124.991
      vertex 67.2 0.477 124.991
    endloop
  endfacet
  facet normal 0 -0.223 -0.975
    outer loop
      vertex 66.3 0 125.1
      vertex 67.2 0.477 124.991
      vertex 67.2 0 125.1
    endloop
  endfacet
  facet normal 1 0 0
    outer loop
      vertex 66.3 0 124
      vertex 66.3 0.477 124.991
      vertex 66.3 0 125.1
    endloop
  endfacet
  facet normal -1 0 0
    outer loop
      vertex 67.2 0 124
      vertex 67.2 0 125.1
      vertex 67.2 0.477 124.991
    endloop
  endfacet
  facet normal 0 -0.623 -0.782
    outer loop
      vertex 66.3 0.477 124.991
      vertex 66.3 0.86 124.686
      vertex 67.2 0.86 124.686
    endloop
  endfacet
  facet normal 0 -0.623 -0.782
    outer loop
      vertex 66.3 0.477 124.991
      vertex 67.2 0.86 124.686
      vertex 67.2 0.477 124.991
    endloop
  endfacet
  facet normal 1 0 0
    outer loop
      vertex 66.3 0 124
      vertex 66.3 0.86 124.686
      vertex 66.3 0.477 124.991
    endloop
  endfacet
  facet normal -1 0 0
    outer loop
      vertex 67.2 0 124
      vertex 67.2 0.477 124.991
      vertex 67.2 0.86 124.686
    endloop
  endfacet
  facet normal 0 -0.901 -0.433
    outer loop
      vertex 66.3 0.86 124.686
      vertex 66.3 1.072 124.245
      vertex 67.2 1.072 124.245
    endloop
  endfacet
  facet normal 0 -0.901 -0.433
    outer loop
      vertex 66.3 0.86 124.686
      vertex 67.2 1.072 124.245
      vertex 67.2 0.86 124.686
    endloop
  endfacet
  facet normal 1 0 0
    outer loop
      vertex 66.3 0 124
      vertex 66.3 1.072 124.245
      vertex 66.3 0.86 124.686
    endloop
  endfacet
  facet normal -1 0 0
    outer loop
      vertex 67.2 0 124
      vertex 67.2 0.86 124.686
      vertex 67.2 1.072 124.245
    endloop
  endfacet
  facet normal 0 -1 0
    outer loop
      vertex 66.3 1.072 124.245
      vertex 66.3 1.072 123.755
      vertex 67.2 1.072 123.755
    endloop
  endfacet
  facet normal 0 -1 0
    outer loop
      vertex 66.3 1.072 124.245
      vertex 67.2 1.072 123.755
      vertex 67.2 1.072 124.245
    endloop
  endfacet
  facet normal 1 0 0
    outer loop
      vertex 66.3 0 124
      vertex 66.3 1.072 123.755
      vertex 66.3 1.072 124.245
    endloop
  endfacet
  facet normal -1 0 0
    outer loop
      vertex 67.2 0 124
      vertex 67.2 1.072 124.245
      vertex 67.2 1.072 123.755
    endloop
  endfacet
  facet normal 0 -0.901 0.433
    outer loop
      vertex 66.3 1.072 123.755
      vertex 66.3 0.86 123.314
      vertex 67.2 0.86 123.314
    endloop
  endfacet
  facet normal 0 -0.901 0.433
    outer loop
      vertex 66.3 1.072 123.755
      vertex 67.2 0.86 123.314
      vertex 67.2 1.072 123.755
    endloop
  endfacet
  facet normal 1 0 0
    outer loop
      vertex 66.3 0 124
      vertex 66.3 0.86 123.314
      vertex 66.3 1.072 123.755
    endloop
  endfacet
  facet normal -1 0 0
    outer loop
      vertex 67.2 0 124
      vertex 67.2 1.072 123.755
      vertex 67.2 0.86 123.314
    endloop
  endfacet
  facet normal 0 -0.623 0.782
    outer loop
      vertex 66.3 0.86 123.314
      vertex 66.3 0.477 123.009
      vertex 67.2 0.477 123.009
    endloop
  endfacet
  facet normal 0 -0.623 0.782
    outer loop
      vertex 66.3 0.86 123.314
      vertex 67.2 0.477 123.009
      vertex 67.2 0.86 123.314
    endloop
  endfacet
  facet normal 1 0 0
    outer loop
      vertex 66.3 0 124
      vertex 66.3 0.477 123.009
      vertex 66.3 0.86 123.314
    endloop
  endfacet
  facet normal -1 0 0
    outer loop
      vertex 67.2 0 124
      vertex 67.2 0.86 123.314
      vertex 67.2 0.477 123.009
    endloop
  endfacet
  facet normal 0 -0.223 0.975
    outer loop
      vertex 66.3 0.477 123.009
      vertex 66.3 0 122.9
      vertex 67.2 0 122.9
    endloop
  endfacet
  facet normal 0 -0.223 0.975
    outer loop
      vertex 66.3 0.477 123.009
      vertex 67.2 0 122.9
      vertex 67.2 0.477 123.009
    endloop
  endfacet
  facet normal 1 0 0
    outer loop
      vertex 66.3 0 124
      vertex 66.3 0 122.9
      vertex 66.3 0.477 123.009
    endloop
  endfacet
  facet normal -1 0 0
    outer loop
      vertex 67.2 0 124
      vertex 67.2 0.477 123.009
      vertex 67.2 0 122.9
    endloop
  endfacet
  facet normal 0 0.223 0.975
    outer loop
      vertex 66.3 0 122.9
      vertex 66.3 -0.477 123.009
      vertex 67.2 -0.477 123.009
    endloop
  endfacet
  facet normal 0 0.223 0.975
    outer loop
      vertex 66.3 0 122.9
      vertex 67.2 -0.477 123.009
      vertex 67.2 0 122.9
    endloop
  endfacet
  facet normal 1 0 0
    outer loop
      vertex 66.3 0 124
      vertex 66.3 -0.477 123.009
      vertex 66.3 0 122.9
    endloop
  endfacet
  facet normal -1 0 0
    outer loop
      vertex 67.2 0 124
      vertex 67.2 0 122.9
      vertex 67.2 -0.477 123.009
    endloop
  endfacet
  facet normal 0 0.623 0.782
    outer loop
      vertex 66.3 -0.477 123.009
      vertex 66.3 -0.86 123.314
      vertex 67.2 -0.86 123.314
    endloop
  endfacet
  facet normal 0 0.623 0.782
    outer loop
      vertex 66.3 -0.477 123.009
      vertex 67.2 -0.86 123.314
      vertex 67.2 -0.477 123.009
    endloop
  endfacet
  facet normal 1 0 0
    outer loop
      vertex 66.3 0 124
      vertex 66.3 -0.86 123.314
      vertex 66.3 -0.477 123.009
    endloop
  endfacet
  facet normal -1 0 0
    outer loop
      vertex 67.2 0 124
      vertex 67.2 -0.477 123.009
      vertex 67.2 -0.86 123.314
    endloop
  endfacet
  facet normal 0 0.901 0.433
    outer loop
      vertex 66.3 -0.86 123.314
      vertex 66.3 -1.072 123.755
      vertex 67.2 -1.072 123.755
    endloop
  endfacet
  facet normal 0 0.901 0.433
    outer loop
      vertex 66.3 -0.86 123.314
      vertex 67.2 -1.072 123.755
      vertex 67.2 -0.86 123.314
    endloop
  endfacet
  facet normal 1 0 0
    outer loop
      vertex 66.3 0 124
      vertex 66.3 -1.072 123.755
      vertex 66.3 -0.86 123.314
    endloop
  endfacet
  facet normal -1 0 0
    outer loop
      vertex 67.2 0 124
      vertex 67.2 -0.86 123.314
      vertex 67.2 -1.072 123.755
    endloop
  endfacet
  facet normal 0 1 0
    outer loop
      vertex 66.3 -1.072 123.755
      vertex 66.3 -1.072 124.245
      vertex 67.2 -1.072 124.245
    endloop
  endfacet
  facet normal 0 1 0
    outer loop
      vertex 66.3 -1.072 123.755
      vertex 67.2 -1.072 124.245
      vertex 67.2 -1.072 123.755
    endloop
  endfacet
  facet normal 1 0 0
    outer loop
      vertex 66.3 0 124
      vertex 66.3 -1.072 124.245
      vertex 66.3 -1.072 123.755
    endloop
  endfacet
  facet normal -1 0 0
    outer loop
      vertex 67.2 0 124
      vertex 67.2 -1.072 123.755
      vertex 67.2 -1.072 124.245
    endloop
  endfacet
  facet normal 0 0.901 -0.433
    outer loop
      vertex 66.3 -1.072 124.245
      vertex 66.3 -0.86 124.686
      vertex 67.2 -0.86 124.686
    endloop
  endfacet
  facet normal 0 0.901 -0.433
    outer loop
      vertex 66.3 -1.072 124.245
      vertex 67.2 -0.86 124.686
      vertex 67.2 -1.072 124.245
    endloop
  endfacet
  facet normal 1 0 0
    outer loop
      vertex 66.3 0 124
      vertex 66.3 -0.86 124.686
      vertex 66.3 -1.072 124.245
    endloop
  endfacet
  facet normal -1 0 0
    outer loop
      vertex 67.2 0 124
      vertex 67.2 -1.072 124.245
      vertex 67.2 -0.86 124.686
    endloop
  endfacet
  facet normal 0 0.623 -0.782
    outer loop
      vertex 66.3 -0.86 124.686
      vertex 66.3 -0.477 124.991
      vertex 67.2 -0.477 124.991
    endloop
  endfacet
  facet normal 0 0.623 -0.782
    outer loop
      vertex 66.3 -0.86 124.686
      vertex 67.2 -0.477 124.991
      vertex 67.2 -0.86 124.686
    endloop
  endfacet
  facet normal 1 0 0
    outer loop
      vertex 66.3 0 124
      vertex 66.3 -0.477 124.991
      vertex 66.3 -0.86 124.686
    endloop
  endfacet
  facet normal -1 0 0
    outer loop
      vertex 67.2 0 124
      vertex 67.2 -0.86 124.686
      vertex 67.2 -0.477 124.991
    endloop
  endfacet
  facet normal 0 0.223 -0.975
    outer loop
      vertex 66.3 -0.477 124.991
      vertex 66.3 0 125.1
      vertex 67.2 0 125.1
    endloop
  endfacet
  facet normal 0 0.223 -0.975
    outer loop
      vertex 66.3 -0.477 124.991
      vertex 67.2 0 125.1
      vertex 67.2 -0.477 124.991
    endloop
  endfacet
  facet normal 1 0 0
    outer loop
      vertex 66.3 0 124
      vertex 66.3 0 125.1
      vertex 66.3 -0.477 124.991
    endloop
  endfacet
  facet normal -1 0 0
    outer loop
      vertex 67.2 0 124
      vertex 67.2 -0.477 124.991
      vertex 67.2 0 125.1
    endloop
  endfacet
  facet normal 0 -0.223 -0.975
    outer loop
      vertex 66.3 0 133.1
      vertex 66.3 0.477 132.991
      vertex 67.2 0.477 132.991
    endloop
  endfacet
  facet normal 0 -0.223 -0.975
    outer loop
      vertex 66.3 0 133.1
      vertex 67.2 0.477 132.991
      vertex 67.2 0 133.1
    endloop
  endfacet
  facet normal 1 0 0
    outer loop
      vertex 66.3 0 132
      vertex 66.3 0.477 132.991
      vertex 66.3 0 133.1
    endloop
  endfacet
  facet normal -1 0 0
    outer loop
      vertex 67.2 0 132
      vertex 67.2 0 133.1
      vertex 67.2 0.477 132.991
    endloop
  endfacet
  facet normal 0 -0.623 -0.782
    outer loop
      vertex 66.3 0.477 132.991
      vertex 66.3 0.86 132.686
      vertex 67.2 0.86 132.686
    endloop
  endfacet
  facet normal 0 -0.623 -0.782
    outer loop
      vertex 66.3 0.477 132.991
      vertex 67.2 0.86 132.686
      vertex 67.2 0.477 132.991
    endloop
  endfacet
  facet normal 1 0 0
    outer loop
      vertex 66.3 0 132
      vertex 66.3 0.86 132.686
      vertex 66.3 0.477 132.991
    endloop
  endfacet
  facet normal -1 0 0
    outer loop
      vertex 67.2 0 132
      vertex 67.2 0.477 132.991
      vertex 67.2 0.86 132.686
    endloop
  endfacet
  facet normal 0 -0.901 -0.433
    outer loop
      vertex 66.3 0.86 132.686
      vertex 66.3 1.072 132.245
      vertex 67.2 1.072 132.245
    endloop
  endfacet
  facet normal 0 -0.901 -0.433
    outer loop
      vertex 66.3 0.86 132.686
      vertex 67.2 1.072 132.245
      vertex 67.2 0.86 132.686
    endloop
  endfacet
  facet normal 1 0 0
    outer loop
      vertex 66.3 0 132
      vertex 66.3 1.072 132.245
      vertex 66.3 0.86 132.686
    endloop
  endfacet
  facet normal -1 0 0
    outer loop
      vertex 67.2 0 132
      vertex 67.2 0.86 132.686
      vertex 67.2 1.072 132.245
    endloop
  endfacet
  facet normal 0 -1 0
    outer loop
      vertex 66.3 1.072 132.245
      vertex 66.3 1.072 131.755
      vertex 67.2 1.072 131.755
    endloop
  endfacet
  facet normal 0 -1 0
    outer loop
      vertex 66.3 1.072 132.245
      vertex 67.2 1.072 131.755
      vertex 67.2 1.072 132.245
    endloop
  endfacet
  facet normal 1 0 0
    outer loop
      vertex 66.3 0 132
      vertex 66.3 1.072 131.755
      vertex 66.3 1.072 132.245
    endloop
  endfacet
  facet normal -1 0 0
    outer loop
      vertex 67.2 0 132
      vertex 67.2 1.072 132.245
      vertex 67.2 1.072 131.755
    endloop
  endfacet
  facet normal 0 -0.901 0.433
    outer loop
      vertex 66.3 1.072 131.755
      vertex 66.3 0.86 131.314
      vertex 67.2 0.86 131.314
    endloop
  endfacet
  facet normal 0 -0.901 0.433
    outer loop
      vertex 66.3 1.072 131.755
      vertex 67.2 0.86 131.314
      vertex 67.2 1.072 131.755
    endloop
  endfacet
  facet normal 1 0 0
    outer loop
      vertex 66.3 0 132
      vertex 66.3 0.86 131.314
      vertex 66.3 1.072 131.755
    endloop
  endfacet
  facet normal -1 0 0
    outer loop
      vertex 67.2 0 132
      vertex 67.2 1.072 131.755
      vertex 67.2 0.86 131.314
    endloop
  endfacet
  facet normal 0 -0.623 0.782
    outer loop
      vertex 66.3 0.86 131.314
      vertex 66.3 0.477 131.009
      vertex 67.2 0.477 131.009
    endloop
  endfacet
  facet normal 0 -0.623 0.782
    outer loop
      vertex 66.3 0.86 131.314
      vertex 67.2 0.477 131.009
      vertex 67.2 0.86 131.314
    endloop
  endfacet
  facet normal 1 0 0
    outer loop
      vertex 66.3 0 132
      vertex 66.3 0.477 131.009
      vertex 66.3 0.86 131.314
    endloop
  endfacet
  facet normal -1 0 0
    outer loop
      vertex 67.2 0 132
      vertex 67.2 0.86 131.314
      vertex 67.2 0.477 131.009
    endloop
  endfacet
  facet normal 0 -0.223 0.975
    outer loop
      vertex 66.3 0.477 131.009
      vertex 66.3 0 130.9
      vertex 67.2 0 130.9
    endloop
  endfacet
  facet normal 0 -0.223 0.975
    outer loop
      vertex 66.3 0.477 131.009
      vertex 67.2 0 130.9
      vertex 67.2 0.477 131.009
    endloop
  endfacet
  facet normal 1 0 0
    outer loop
      vertex 66.3 0 132
      vertex 66.3 0 130.9
      vertex 66.3 0.477 131.009
    endloop
  endfacet
  facet normal -1 0 0
    outer loop
      vertex 67.2 0 132
      vertex 67.2 0.477 131.009
      vertex 67.2 0 130.9
    endloop
  endfacet
  facet normal 0 0.223 0.975
    outer loop
      vertex 66.3 0 130.9
      vertex 66.3 -0.477 131.009
      vertex 67.2 -0.477 131.009
    endloop
  endfacet
  facet normal 0 0.223 0.975
    outer loop
      vertex 66.3 0 130.9
      vertex 67.2 -0.477 131.009
      vertex 67.2 0 130.9
    endloop
  endfacet
  facet normal 1 0 0
    outer loop
      vertex 66.3 0 132
      vertex 66.3 -0.477 131.009
      vertex 66.3 0 130.9
    endloop
  endfacet
  facet normal -1 0 0
    outer loop
      vertex 67.2 0 132
      vertex 67.2 0 130.9
      vertex 67.2 -0.477 131.009
    endloop
  endfacet
  facet normal 0 0.623 0.782
    outer loop
      vertex 66.3 -0.477 131.009
      vertex 66.3 -0.86 131.314
      vertex 67.2 -0.86 131.314
    endloop
  endfacet
  facet normal 0 0.623 0.782
    outer loop
      vertex 66.3 -0.477 131.009
      vertex 67.2 -0.86 131.314
      vertex 67.2 -0.477 131.009
    endloop
  endfacet
  facet normal 1 0 0
    outer loop
      vertex 66.3 0 132
      vertex 66.3 -0.86 131.314
      vertex 66.3 -0.477 131.009
    endloop
  endfacet
  facet normal -1 0 0
    outer loop
      vertex 67.2 0 132
      vertex 67.2 -0.477 131.009
      vertex 67.2 -0.86 131.314
    endloop
  endfacet
  facet normal 0 0.901 0.433
    outer loop
      vertex 66.3 -0.86 131.314
      vertex 66.3 -1.072 131.755
      vertex 67.2 -1.072 131.755
    endloop
  endfacet
  facet normal 0 0.901 0.433
    outer loop
      vertex 66.3 -0.86 131.314
      vertex 67.2 -1.072 131.755
      vertex 67.2 -0.86 131.314
    endloop
  endfacet
  facet normal 1 0 0
    outer loop
      vertex 66.3 0 132
      vertex 66.3 -1.072 131.755
      vertex 66.3 -0.86 131.314
    endloop
  endfacet
  facet normal -1 0 0
    outer loop
      vertex 67.2 0 132
      vertex 67.2 -0.86 131.314
      vertex 67.2 -1.072 131.755
    endloop
  endfacet
  facet normal 0 1 0
    outer loop
      vertex 66.3 -1.072 131.755
      vertex 66.3 -1.072 132.245
      vertex 67.2 -1.072 132.245
    endloop
  endfacet
  facet normal 0 1 0
    outer loop
      vertex 66.3 -1.072 131.755
      vertex 67.2 -1.072 132.245
      vertex 67.2 -1.072 131.755
    endloop
  endfacet
  facet normal 1 0 0
    outer loop
      vertex 66.3 0 132
      vertex 66.3 -1.072 132.245
      vertex 66.3 -1.072 131.755
    endloop
  endfacet
  facet normal -1 0 0
    outer loop
      vertex 67.2 0 132
      vertex 67.2 -1.072 131.755
      vertex 67.2 -1.072 132.245
    endloop
  endfacet
  facet normal 0 0.901 -0.433
    outer loop
      vertex 66.3 -1.072 132.245
      vertex 66.3 -0.86 132.686
      vertex 67.2 -0.86 132.686
    endloop
  endfacet
  facet normal 0 0.901 -0.433
    outer loop
      vertex 66.3 -1.072 132.245
      vertex 67.2 -0.86 132.686
      vertex 67.2 -1.072 132.245
    endloop
  endfacet
  facet normal 1 0 0
    outer loop
      vertex 66.3 0 132
      vertex 66.3 -0.86 132.686
      vertex 66.3 -1.072 132.245
    endloop
  endfacet
  facet normal -1 0 0
    outer loop
      vertex 67.2 0 132
      vertex 67.2 -1.072 132.245
      vertex 67.2 -0.86 132.686
    endloop
  endfacet
  facet normal 0 0.623 -0.782
    outer loop
      vertex 66.3 -0.86 132.686
      vertex 66.3 -0.477 132.991
      vertex 67.2 -0.477 132.991
    endloop
  endfacet
  facet normal 0 0.623 -0.782
    outer loop
      vertex 66.3 -0.86 132.686
      vertex 67.2 -0.477 132.991
      vertex 67.2 -0.86 132.686
    endloop
  endfacet
  facet normal 1 0 0
    outer loop
      vertex 66.3 0 132
      vertex 66.3 -0.477 132.991
      vertex 66.3 -0.86 132.686
    endloop
  endfacet
  facet normal -1 0 0
    outer loop
      vertex 67.2 0 132
      vertex 67.2 -0.86 132.686
      vertex 67.2 -0.477 132.991
    endloop
  endfacet
  facet normal 0 0.223 -0.975
    outer loop
      vertex 66.3 -0.477 132.991
      vertex 66.3 0 133.1
      vertex 67.2 0 133.1
    endloop
  endfacet
  facet normal 0 0.223 -0.975
    outer loop
      vertex 66.3 -0.477 132.991
      vertex 67.2 0 133.1
      vertex 67.2 -0.477 132.991
    endloop
  endfacet
  facet normal 1 0 0
    outer loop
      vertex 66.3 0 132
      vertex 66.3 0 133.1
      vertex 66.3 -0.477 132.991
    endloop
  endfacet
  facet normal -1 0 0
    outer loop
      vertex 67.2 0 132
      vertex 67.2 -0.477 132.991
      vertex 67.2 0 133.1
    endloop
  endfacet
  facet normal 0 -0.223 -0.975
    outer loop
      vertex 66.3 -4 129.1
      vertex 66.3 -3.523 128.991
      vertex 67.2 -3.523 128.991
    endloop
  endfacet
  facet normal 0 -0.223 -0.975
    outer loop
      vertex 66.3 -4 129.1
      vertex 67.2 -3.523 128.991
      vertex 67.2 -4 129.1
    endloop
  endfacet
  facet normal 1 0 0
    outer loop
      vertex 66.3 -4 128
      vertex 66.3 -3.523 128.991
      vertex 66.3 -4 129.1
    endloop
  endfacet
  facet normal -1 0 0
    outer loop
      vertex 67.2 -4 128
      vertex 67.2 -4 129.1
      vertex 67.2 -3.523 128.991
    endloop
  endfacet
  facet normal 0 -0.623 -0.782
    outer loop
      vertex 66.3 -3.523 128.991
      vertex 66.3 -3.14 128.686
      vertex 67.2 -3.14 128.686
    endloop
  endfacet
  facet normal 0 -0.623 -0.782
    outer loop
      vertex 66.3 -3.523 128.991
      vertex 67.2 -3.14 128.686
      vertex 67.2 -3.523 128.991
    endloop
  endfacet
  facet normal 1 0 0
    outer loop
      vertex 66.3 -4 128
      vertex 66.3 -3.14 128.686
      vertex 66.3 -3.523 128.991
    endloop
  endfacet
  facet normal -1 0 0
    outer loop
      vertex 67.2 -4 128
      vertex 67.2 -3.523 128.991
      vertex 67.2 -3.14 128.686
    endloop
  endfacet
  facet normal 0 -0.901 -0.433
    outer loop
      vertex 66.3 -3.14 128.686
      vertex 66.3 -2.928 128.245
      vertex 67.2 -2.928 128.245
    endloop
  endfacet
  facet normal 0 -0.901 -0.433
    outer loop
      vertex 66.3 -3.14 128.686
      vertex 67.2 -2.928 128.245
      vertex 67.2 -3.14 128.686
    endloop
  endfacet
  facet normal 1 0 0
    outer loop
      vertex 66.3 -4 128
      vertex 66.3 -2.928 128.245
      vertex 66.3 -3.14 128.686
    endloop
  endfacet
  facet normal -1 0 0
    outer loop
      vertex 67.2 -4 128
      vertex 67.2 -3.14 128.686
      vertex 67.2 -2.928 128.245
    endloop
  endfacet
  facet normal 0 -1 0
    outer loop
      vertex 66.3 -2.928 128.245
      vertex 66.3 -2.928 127.755
      vertex 67.2 -2.928 127.755
    endloop
  endfacet
  facet normal 0 -1 0
    outer loop
      vertex 66.3 -2.928 128.245
      vertex 67.2 -2.928 127.755
      vertex 67.2 -2.928 128.245
    endloop
  endfacet
  facet normal 1 0 0
    outer loop
      vertex 66.3 -4 128
      vertex 66.3 -2.928 127.755
      vertex 66.3 -2.928 128.245
    endloop
  endfacet
  facet normal -1 0 0
    outer loop
      vertex 67.2 -4 128
      vertex 67.2 -2.928 128.245
      vertex 67.2 -2.928 127.755
    endloop
  endfacet
  facet normal 0 -0.901 0.433
    outer loop
      vertex 66.3 -2.928 127.755
      vertex 66.3 -3.14 127.314
      vertex 67.2 -3.14 127.314
    endloop
  endfacet
  facet normal 0 -0.901 0.433
    outer loop
      vertex 66.3 -2.928 127.755
      vertex 67.2 -3.14 127.314
      vertex 67.2 -2.928 127.755
    endloop
  endfacet
  facet normal 1 0 0
    outer loop
      vertex 66.3 -4 128
      vertex 66.3 -3.14 127.314
      vertex 66.3 -2.928 127.755
    endloop
  endfacet
  facet normal -1 0 0
    outer loop
      vertex 67.2 -4 128
      vertex 67.2 -2.928 127.755
      vertex 67.2 -3.14 127.314
    endloop
  endfacet
  facet normal 0 -0.623 0.782
    outer loop
      vertex 66.3 -3.14 127.314
      vertex 66.3 -3.523 127.009
      vertex 67.2 -3.523 127.009
    endloop
  endfacet
  facet normal 0 -0.623 0.782
    outer loop
      vertex 66.3 -3.14 127.314
      vertex 67.2 -3.523 127.009
      vertex 67.2 -3.14 127.314
    endloop
  endfacet
  facet normal 1 0 0
    outer loop
      vertex 66.3 -4 128
      vertex 66.3 -3.523 127.009
      vertex 66.3 -3.14 127.314
    endloop
  endfacet
  facet normal -1 0 0
    outer loop
      vertex 67.2 -4 128
      vertex 67.2 -3.14 127.314
      vertex 67.2 -3.523 127.009
    endloop
  endfacet
  facet normal 0 -0.223 0.975
    outer loop
      vertex 66.3 -3.523 127.009
      vertex 66.3 -4 126.9
      vertex 67.2 -4 126.9
    endloop
  endfacet
  facet normal 0 -0.223 0.975
    outer loop
      vertex 66.3 -3.523 127.009
      vertex 67.2 -4 126.9
      vertex 67.2 -3.523 127.009
    endloop
  endfacet
  facet normal 1 0 0
    outer loop
      vertex 66.3 -4 128
      vertex 66.3 -4 126.9
      vertex 66.3 -3.523 127.009
    endloop
  endfacet
  facet normal -1 0 0
    outer loop
      vertex 67.2 -4 128
      vertex 67.2 -3.523 127.009
      vertex 67.2 -4 126.9
    endloop
  endfacet
  facet normal 0 0.223 0.975
    outer loop
      vertex 66.3 -4 126.9
      vertex 66.3 -4.477 127.009
      vertex 67.2 -4.477 127.009
    endloop
  endfacet
  facet normal 0 0.223 0.975
    outer loop
      vertex 66.3 -4 126.9
      vertex 67.2 -4.477 127.009
      vertex 67.2 -4 126.9
    endloop
  endfacet
  facet normal 1 0 0
    outer loop
      vertex 66.3 -4 128
      vertex 66.3 -4.477 127.009
      vertex 66.3 -4 126.9
    endloop
  endfacet
  facet normal -1 0 0
    outer loop
      vertex 67.2 -4 128
      vertex 67.2 -4 126.9
      vertex 67.2 -4.477 127.009
    endloop
  endfacet
  facet normal 0 0.623 0.782
    outer loop
      vertex 66.3 -4.477 127.009
      vertex 66.3 -4.86 127.314
      vertex 67.2 -4.86 127.314
    endloop
  endfacet
  facet normal 0 0.623 0.782
    outer loop
      vertex 66.3 -4.477 127.009
      vertex 67.2 -4.86 127.314
      vertex 67.2 -4.477 127.009
    endloop
  endfacet
  facet normal 1 0 0
    outer loop
      vertex 66.3 -4 128
      vertex 66.3 -4.86 127.314
      vertex 66.3 -4.477 127.009
    endloop
  endfacet
  facet normal -1 0 0
    outer loop
      vertex 67.2 -4 128
      vertex 67.2 -4.477 127.009
      vertex 67.2 -4.86 127.314
    endloop
  endfacet
  facet normal 0 0.901 0.433
    outer loop
      vertex 66.3 -4.86 127.314
      vertex 66.3 -5.072 127.755
      vertex 67.2 -5.072 127.755
    endloop
  endfacet
  facet normal 0 0.901 0.433
    outer loop
      vertex 66.3 -4.86 127.314
      vertex 67.2 -5.072 127.755
      vertex 67.2 -4.86 127.314
    endloop
  endfacet
  facet normal 1 0 0
    outer loop
      vertex 66.3 -4 128
      vertex 66.3 -5.072 127.755
      vertex 66.3 -4.86 127.314
    endloop
  endfacet
  facet normal -1 0 0
    outer loop
      vertex 67.2 -4 128
      vertex 67.2 -4.86 127.314
      vertex 67.2 -5.072 127.755
    endloop
  endfacet
  facet normal 0 1 0
    outer loop
      vertex 66.3 -5.072 127.755
      vertex 66.3 -5.072 128.245
      vertex 67.2 -5.072 128.245
    endloop
  endfacet
  facet normal 0 1 0
    outer loop
      vertex 66.3 -5.072 127.755
      vertex 67.2 -5.072 128.245
      vertex 67.2 -5.072 127.755
    endloop
  endfacet
  facet normal 1 0 0
    outer loop
      vertex 66.3 -4 128
      vertex 66.3 -5.072 128.245
      vertex 66.3 -5.072 127.755
    endloop
  endfacet
  facet normal -1 0 0
    outer loop
      vertex 67.2 -4 128
      vertex 67.2 -5.072 127.755
      vertex 67.2 -5.072 128.245
    endloop
  endfacet
  facet normal 0 0.901 -0.433
    outer loop
      vertex 66.3 -5.072 128.245
      vertex 66.3 -4.86 128.686
      vertex 67.2 -4.86 128.686
    endloop
  endfacet
  facet normal 0 0.901 -0.433
    outer loop
      vertex 66.3 -5.072 128.245
      vertex 67.2 -4.86 128.686
      vertex 67.2 -5.072 128.245
    endloop
  endfacet
  facet normal 1 0 0
    outer loop
      vertex 66.3 -4 128
      vertex 66.3 -4.86 128.686
      vertex 66.3 -5.072 128.245
    endloop
  endfacet
  facet normal -1 0 0
    outer loop
      vertex 67.2 -4 128
      vertex 67.2 -5.072 128.245
      vertex 67.2 -4.86 128.686
    endloop
  endfacet
  facet normal 0 0.623 -0.782
    outer loop
      vertex 66.3 -4.86 128.686
      vertex 66.3 -4.477 128.991
      vertex 67.2 -4.477 128.991
    endloop
  endfacet
  facet normal 0 0.623 -0.782
    outer loop
      vertex 66.3 -4.86 128.686
      vertex 67.2 -4.477 128.991
      vertex 67.2 -4.86 128.686
    endloop
  endfacet
  facet normal 1 0 0
    outer loop
      vertex 66.3 -4 128
      vertex 66.3 -4.477 128.991
      vertex 66.3 -4.86 128.686
    endloop
  endfacet
  facet normal -1 0 0
    outer loop
      vertex 67.2 -4 128
      vertex 67.2 -4.86 128.686
      vertex 67.2 -4.477 128.991
    endloop
  endfacet
  facet normal 0 0.223 -0.975
    outer loop
      vertex 66.3 -4.477 128.991
      vertex 66.3 -4 129.1
      vertex 67.2 -4 129.1
    endloop
  endfacet
  facet normal 0 0.223 -0.975
    outer loop
      vertex 66.3 -4.477 128.991
      vertex 67.2 -4 129.1
      vertex 67.2 -4.477 128.991
    endloop
  endfacet
  facet normal 1 0 0
    outer loop
      vertex 66.3 -4 128
      vertex 66.3 -4 129.1
      vertex 66.3 -4.477 128.991
    endloop
  endfacet
  facet normal -1 0 0
    outer loop
      vertex 67.2 -4 128
      vertex 67.2 -4.477 128.991
      vertex 67.2 -4 129.1
    endloop
  endfacet
  facet normal 0 -0.223 -0.975
    outer loop
      vertex 66.3 4 129.1
      vertex 66.3 4.477 128.991
      vertex 67.2 4.477 128.991
    endloop
  endfacet
  facet normal 0 -0.223 -0.975
    outer loop
      vertex 66.3 4 129.1
      vertex 67.2 4.477 128.991
      vertex 67.2 4 129.1
    endloop
  endfacet
  facet normal 1 0 0
    outer loop
      vertex 66.3 4 128
      vertex 66.3 4.477 128.991
      vertex 66.3 4 129.1
    endloop
  endfacet
  facet normal -1 0 0
    outer loop
      vertex 67.2 4 128
      vertex 67.2 4 129.1
      vertex 67.2 4.477 128.991
    endloop
  endfacet
  facet normal 0 -0.623 -0.782
    outer loop
      vertex 66.3 4.477 128.991
      vertex 66.3 4.86 128.686
      vertex 67.2 4.86 128.686
    endloop
  endfacet
  facet normal 0 -0.623 -0.782
    outer loop
      vertex 66.3 4.477 128.991
      vertex 67.2 4.86 128.686
      vertex 67.2 4.477 128.991
    endloop
  endfacet
  facet normal 1 0 0
    outer loop
      vertex 66.3 4 128
      vertex 66.3 4.86 128.686
      vertex 66.3 4.477 128.991
    endloop
  endfacet
  facet normal -1 0 0
    outer loop
      vertex 67.2 4 128
      vertex 67.2 4.477 128.991
      vertex 67.2 4.86 128.686
    endloop
  endfacet
  facet normal 0 -0.901 -0.433
    outer loop
      vertex 66.3 4.86 128.686
      vertex 66.3 5.072 128.245
      vertex 67.2 5.072 128.245
    endloop
  endfacet
  facet normal 0 -0.901 -0.433
    outer loop
      vertex 66.3 4.86 128.686
      vertex 67.2 5.072 128.245
      vertex 67.2 4.86 128.686
    endloop
  endfacet
  facet normal 1 0 0
    outer loop
      vertex 66.3 4 128
      vertex 66.3 5.072 128.245
      vertex 66.3 4.86 128.686
    endloop
  endfacet
  facet normal -1 0 0
    outer loop
      vertex 67.2 4 128
      vertex 67.2 4.86 128.686
      vertex 67.2 5.072 128.245
    endloop
  endfacet
  facet normal 0 -1 0
    outer loop
      vertex 66.3 5.072 128.245
      vertex 66.3 5.072 127.755
      vertex 67.2 5.072 127.755
    endloop
  endfacet
  facet normal 0 -1 0
    outer loop
      vertex 66.3 5.072 128.245
      vertex 67.2 5.072 127.755
      vertex 67.2 5.072 128.245
    endloop
  endfacet
  facet normal 1 0 0
    outer loop
      vertex 66.3 4 128
      vertex 66.3 5.072 127.755
      vertex 66.3 5.072 128.245
    endloop
  endfacet
  facet normal -1 0 0
    outer loop
      vertex 67.2 4 128
      vertex 67.2 5.072 128.245
      vertex 67.2 5.072 127.755
    endloop
  endfacet
  facet normal 0 -0.901 0.433
    outer loop
      vertex 66.3 5.072 127.755
      vertex 66.3 4.86 127.314
      vertex 67.2 4.86 127.314
    endloop
  endfacet
  facet normal 0 -0.901 0.433
    outer loop
      vertex 66.3 5.072 127.755
      vertex 67.2 4.86 127.314
      vertex 67.2 5.072 127.755
    endloop
  endfacet
  facet normal 1 0 0
    outer loop
      vertex 66.3 4 128
      vertex 66.3 4.86 127.314
      vertex 66.3 5.072 127.755
    endloop
  endfacet
  facet normal -1 0 0
    outer loop
      vertex 67.2 4 128
      vertex 67.2 5.072 127.755
      vertex 67.2 4.86 127.314
    endloop
  endfacet
  facet normal 0 -0.623 0.782
    outer loop
      vertex 66.3 4.86 127.314
      vertex 66.3 4.477 127.009
      vertex 67.2 4.477 127.009
    endloop
  endfacet
  facet normal 0 -0.623 0.782
    outer loop
      vertex 66.3 4.86 127.314
      vertex 67.2 4.477 127.009
      vertex 67.2 4.86 127.314
    endloop
  endfacet
  facet normal 1 0 0
    outer loop
      vertex 66.3 4 128
      vertex 66.3 4.477 127.009
      vertex 66.3 4.86 127.314
    endloop
  endfacet
  facet normal -1 0 0
    outer loop
      vertex 67.2 4 128
      vertex 67.2 4.86 127.314
      vertex 67.2 4.477 127.009
    endloop
  endfacet
  facet normal 0 -0.223 0.975
    outer loop
      vertex 66.3 4.477 127.009
      vertex 66.3 4 126.9
      vertex 67.2 4 126.9
    endloop
  endfacet
  facet normal 0 -0.223 0.975
    outer loop
      vertex 66.3 4.477 127.009
      vertex 67.2 4 126.9
      vertex 67.2 4.477 127.009
    endloop
  endfacet
  facet normal 1 0 0
    outer loop
      vertex 66.3 4 128
      vertex 66.3 4 126.9
      vertex 66.3 4.477 127.009
    endloop
  endfacet
  facet normal -1 0 0
    outer loop
      vertex 67.2 4 128
      vertex 67.2 4.477 127.009
      vertex 67.2 4 126.9
    endloop
  endfacet
  facet normal 0 0.223 0.975
    outer loop
      vertex 66.3 4 126.9
      vertex 66.3 3.523 127.009
      vertex 67.2 3.523 127.009
    endloop
  endfacet
  facet normal 0 0.223 0.975
    outer loop
      vertex 66.3 4 126.9
      vertex 67.2 3.523 127.009
      vertex 67.2 4 126.9
    endloop
  endfacet
  facet normal 1 0 0
    outer loop
      vertex 66.3 4 128
      vertex 66.3 3.523 127.009
      vertex 66.3 4 126.9
    endloop
  endfacet
  facet normal -1 0 0
    outer loop
      vertex 67.2 4 128
      vertex 67.2 4 126.9
      vertex 67.2 3.523 127.009
    endloop
  endfacet
  facet normal 0 0.623 0.782
    outer loop
      vertex 66.3 3.523 127.009
      vertex 66.3 3.14 127.314
      vertex 67.2 3.14 127.314
    endloop
  endfacet
  facet normal 0 0.623 0.782
    outer loop
      vertex 66.3 3.523 127.009
      vertex 67.2 3.14 127.314
      vertex 67.2 3.523 127.009
    endloop
  endfacet
  facet normal 1 0 0
    outer loop
      vertex 66.3 4 128
      vertex 66.3 3.14 127.314
      vertex 66.3 3.523 127.009
    endloop
  endfacet
  facet normal -1 0 0
    outer loop
      vertex 67.2 4 128
      vertex 67.2 3.523 127.009
      vertex 67.2 3.14 127.314
    endloop
  endfacet
  facet normal 0 0.901 0.433
    outer loop
      vertex 66.3 3.14 127.314
      vertex 66.3 2.928 127.755
      vertex 67.2 2.928 127.755
    endloop
  endfacet
  facet normal 0 0.901 0.433
    outer loop
      vertex 66.3 3.14 127.314
      vertex 67.2 2.928 127.755
      vertex 67.2 3.14 127.314
    endloop
  endfacet
  facet normal 1 0 0
    outer loop
      vertex 66.3 4 128
      vertex 66.3 2.928 127.755
      vertex 66.3 3.14 127.314
    endloop
  endfacet
  facet normal -1 0 0
    outer loop
      vertex 67.2 4 128
      vertex 67.2 3.14 127.314
      vertex 67.2 2.928 127.755
    endloop
  endfacet
  facet normal 0 1 0
    outer loop
      vertex 66.3 2.928 127.755
      vertex 66.3 2.928 128.245
      vertex 67.2 2.928 128.245
    endloop
  endfacet
  facet normal 0 1 0
    outer loop
      vertex 66.3 2.928 127.755
      vertex 67.2 2.928 128.245
      vertex 67.2 2.928 127.755
    endloop
  endfacet
  facet normal 1 0 0
    outer loop
      vertex 66.3 4 128
      vertex 66.3 2.928 128.245
      vertex 66.3 2.928 127.755
    endloop
  endfacet
  facet normal -1 0 0
    outer loop
      vertex 67.2 4 128
      vertex 67.2 2.928 127.755
      vertex 67.2 2.928 128.245
    endloop
  endfacet
  facet normal 0 0.901 -0.433
    outer loop
      vertex 66.3 2.928 128.245
      vertex 66.3 3.14 128.686
      vertex 67.2 3.14 128.686
    endloop
  endfacet
  facet normal 0 0.901 -0.433
    outer loop
      vertex 66.3 2.928 128.245
      vertex 67.2 3.14 128.686
      vertex 67.2 2.928 128.245
    endloop
  endfacet
  facet normal 1 0 0
    outer loop
      vertex 66.3 4 128
      vertex 66.3 3.14 128.686
      vertex 66.3 2.928 128.245
    endloop
  endfacet
  facet normal -1 0 0
    outer loop
      vertex 67.2 4 128
      vertex 67.2 2.928 128.245
      vertex 67.2 3.14 128.686
    endloop
  endfacet
  facet normal 0 0.623 -0.782
    outer loop
      vertex 66.3 3.14 128.686
      vertex 66.3 3.523 128.991
      vertex 67.2 3.523 128.991
    endloop
  endfacet
  facet normal 0 0.623 -0.782
    outer loop
      vertex 66.3 3.14 128.686
      vertex 67.2 3.523 128.991
      vertex 67.2 3.14 128.686
    endloop
  endfacet
  facet normal 1 0 0
    outer loop
      vertex 66.3 4 128
      vertex 66.3 3.523 128.991
      vertex 66.3 3.14 128.686
    endloop
  endfacet
  facet normal -1 0 0
    outer loop
      vertex 67.2 4 128
      vertex 67.2 3.14 128.686
      vertex 67.2 3.523 128.991
    endloop
  endfacet
  facet normal 0 0.223 -0.975
    outer loop
      vertex 66.3 3.523 128.991
      vertex 66.3 4 129.1
      vertex 67.2 4 129.1
    endloop
  endfacet
  facet normal 0 0.223 -0.975
    outer loop
      vertex 66.3 3.523 128.991
      vertex 67.2 4 129.1
      vertex 67.2 3.523 128.991
    endloop
  endfacet
  facet normal 1 0 0
    outer loop
      vertex 66.3 4 128
      vertex 66.3 4 129.1
      vertex 66.3 3.523 128.991
    endloop
  endfacet
  facet normal -1 0 0
    outer loop
      vertex 67.2 4 128
      vertex 67.2 3.523 128.991
      vertex 67.2 4 129.1
    endloop
  endfacet
  facet normal 0 -0.223 -0.975
    outer loop
      vertex 66.3 -3 126.1
      vertex 66.3 -2.523 125.991
      vertex 67.2 -2.523 125.991
    endloop
  endfacet
  facet normal 0 -0.223 -0.975
    outer loop
      vertex 66.3 -3 126.1
      vertex 67.2 -2.523 125.991
      vertex 67.2 -3 126.1
    endloop
  endfacet
  facet normal 1 0 0
    outer loop
      vertex 66.3 -3 125
      vertex 66.3 -2.523 125.991
      vertex 66.3 -3 126.1
    endloop
  endfacet
  facet normal -1 0 0
    outer loop
      vertex 67.2 -3 125
      vertex 67.2 -3 126.1
      vertex 67.2 -2.523 125.991
    endloop
  endfacet
  facet normal 0 -0.623 -0.782
    outer loop
      vertex 66.3 -2.523 125.991
      vertex 66.3 -2.14 125.686
      vertex 67.2 -2.14 125.686
    endloop
  endfacet
  facet normal 0 -0.623 -0.782
    outer loop
      vertex 66.3 -2.523 125.991
      vertex 67.2 -2.14 125.686
      vertex 67.2 -2.523 125.991
    endloop
  endfacet
  facet normal 1 0 0
    outer loop
      vertex 66.3 -3 125
      vertex 66.3 -2.14 125.686
      vertex 66.3 -2.523 125.991
    endloop
  endfacet
  facet normal -1 0 0
    outer loop
      vertex 67.2 -3 125
      vertex 67.2 -2.523 125.991
      vertex 67.2 -2.14 125.686
    endloop
  endfacet
  facet normal 0 -0.901 -0.433
    outer loop
      vertex 66.3 -2.14 125.686
      vertex 66.3 -1.928 125.245
      vertex 67.2 -1.928 125.245
    endloop
  endfacet
  facet normal 0 -0.901 -0.433
    outer loop
      vertex 66.3 -2.14 125.686
      vertex 67.2 -1.928 125.245
      vertex 67.2 -2.14 125.686
    endloop
  endfacet
  facet normal 1 0 0
    outer loop
      vertex 66.3 -3 125
      vertex 66.3 -1.928 125.245
      vertex 66.3 -2.14 125.686
    endloop
  endfacet
  facet normal -1 0 0
    outer loop
      vertex 67.2 -3 125
      vertex 67.2 -2.14 125.686
      vertex 67.2 -1.928 125.245
    endloop
  endfacet
  facet normal 0 -1 0
    outer loop
      vertex 66.3 -1.928 125.245
      vertex 66.3 -1.928 124.755
      vertex 67.2 -1.928 124.755
    endloop
  endfacet
  facet normal 0 -1 0
    outer loop
      vertex 66.3 -1.928 125.245
      vertex 67.2 -1.928 124.755
      vertex 67.2 -1.928 125.245
    endloop
  endfacet
  facet normal 1 0 0
    outer loop
      vertex 66.3 -3 125
      vertex 66.3 -1.928 124.755
      vertex 66.3 -1.928 125.245
    endloop
  endfacet
  facet normal -1 0 0
    outer loop
      vertex 67.2 -3 125
      vertex 67.2 -1.928 125.245
      vertex 67.2 -1.928 124.755
    endloop
  endfacet
  facet normal 0 -0.901 0.433
    outer loop
      vertex 66.3 -1.928 124.755
      vertex 66.3 -2.14 124.314
      vertex 67.2 -2.14 124.314
    endloop
  endfacet
  facet normal 0 -0.901 0.433
    outer loop
      vertex 66.3 -1.928 124.755
      vertex 67.2 -2.14 124.314
      vertex 67.2 -1.928 124.755
    endloop
  endfacet
  facet normal 1 0 0
    outer loop
      vertex 66.3 -3 125
      vertex 66.3 -2.14 124.314
      vertex 66.3 -1.928 124.755
    endloop
  endfacet
  facet normal -1 0 0
    outer loop
      vertex 67.2 -3 125
      vertex 67.2 -1.928 124.755
      vertex 67.2 -2.14 124.314
    endloop
  endfacet
  facet normal 0 -0.623 0.782
    outer loop
      vertex 66.3 -2.14 124.314
      vertex 66.3 -2.523 124.009
      vertex 67.2 -2.523 124.009
    endloop
  endfacet
  facet normal 0 -0.623 0.782
    outer loop
      vertex 66.3 -2.14 124.314
      vertex 67.2 -2.523 124.009
      vertex 67.2 -2.14 124.314
    endloop
  endfacet
  facet normal 1 0 0
    outer loop
      vertex 66.3 -3 125
      vertex 66.3 -2.523 124.009
      vertex 66.3 -2.14 124.314
    endloop
  endfacet
  facet normal -1 0 0
    outer loop
      vertex 67.2 -3 125
      vertex 67.2 -2.14 124.314
      vertex 67.2 -2.523 124.009
    endloop
  endfacet
  facet normal 0 -0.223 0.975
    outer loop
      vertex 66.3 -2.523 124.009
      vertex 66.3 -3 123.9
      vertex 67.2 -3 123.9
    endloop
  endfacet
  facet normal 0 -0.223 0.975
    outer loop
      vertex 66.3 -2.523 124.009
      vertex 67.2 -3 123.9
      vertex 67.2 -2.523 124.009
    endloop
  endfacet
  facet normal 1 0 0
    outer loop
      vertex 66.3 -3 125
      vertex 66.3 -3 123.9
      vertex 66.3 -2.523 124.009
    endloop
  endfacet
  facet normal -1 0 0
    outer loop
      vertex 67.2 -3 125
      vertex 67.2 -2.523 124.009
      vertex 67.2 -3 123.9
    endloop
  endfacet
  facet normal 0 0.223 0.975
    outer loop
      vertex 66.3 -3 123.9
      vertex 66.3 -3.477 124.009
      vertex 67.2 -3.477 124.009
    endloop
  endfacet
  facet normal 0 0.223 0.975
    outer loop
      vertex 66.3 -3 123.9
      vertex 67.2 -3.477 124.009
      vertex 67.2 -3 123.9
    endloop
  endfacet
  facet normal 1 0 0
    outer loop
      vertex 66.3 -3 125
      vertex 66.3 -3.477 124.009
      vertex 66.3 -3 123.9
    endloop
  endfacet
  facet normal -1 0 0
    outer loop
      vertex 67.2 -3 125
      vertex 67.2 -3 123.9
      vertex 67.2 -3.477 124.009
    endloop
  endfacet
  facet normal 0 0.623 0.782
    outer loop
      vertex 66.3 -3.477 124.009
      vertex 66.3 -3.86 124.314
      vertex 67.2 -3.86 124.314
    endloop
  endfacet
  facet normal 0 0.623 0.782
    outer loop
      vertex 66.3 -3.477 124.009
      vertex 67.2 -3.86 124.314
      vertex 67.2 -3.477 124.009
    endloop
  endfacet
  facet normal 1 0 0
    outer loop
      vertex 66.3 -3 125
      vertex 66.3 -3.86 124.314
      vertex 66.3 -3.477 124.009
    endloop
  endfacet
  facet normal -1 0 0
    outer loop
      vertex 67.2 -3 125
      vertex 67.2 -3.477 124.009
      vertex 67.2 -3.86 124.314
    endloop
  endfacet
  facet normal 0 0.901 0.433
    outer loop
      vertex 66.3 -3.86 124.314
      vertex 66.3 -4.072 124.755
      vertex 67.2 -4.072 124.755
    endloop
  endfacet
  facet normal 0 0.901 0.433
    outer loop
      vertex 66.3 -3.86 124.314
      vertex 67.2 -4.072 124.755
      vertex 67.2 -3.86 124.314
    endloop
  endfacet
  facet normal 1 0 0
    outer loop
      vertex 66.3 -3 125
      vertex 66.3 -4.072 124.755
      vertex 66.3 -3.86 124.314
    endloop
  endfacet
  facet normal -1 0 0
    outer loop
      vertex 67.2 -3 125
      vertex 67.2 -3.86 124.314
      vertex 67.2 -4.072 124.755
    endloop
  endfacet
  facet normal 0 1 0
    outer loop
      vertex 66.3 -4.072 124.755
      vertex 66.3 -4.072 125.245
      vertex 67.2 -4.072 125.245
    endloop
  endfacet
  facet normal 0 1 0
    outer loop
      vertex 66.3 -4.072 124.755
      vertex 67.2 -4.072 125.245
      vertex 67.2 -4.072 124.755
    endloop
  endfacet
  facet normal 1 0 0
    outer loop
      vertex 66.3 -3 125
      vertex 66.3 -4.072 125.245
      vertex 66.3 -4.072 124.755
    endloop
  endfacet
  facet normal -1 0 0
    outer loop
      vertex 67.2 -3 125
      vertex 67.2 -4.072 124.755
      vertex 67.2 -4.072 125.245
    endloop
  endfacet
  facet normal 0 0.901 -0.433
    outer loop
      vertex 66.3 -4.072 125.245
      vertex 66.3 -3.86 125.686
      vertex 67.2 -3.86 125.686
    endloop
  endfacet
  facet normal 0 0.901 -0.433
    outer loop
      vertex 66.3 -4.072 125.245
      vertex 67.2 -3.86 125.686
      vertex 67.2 -4.072 125.245
    endloop
  endfacet
  facet normal 1 0 0
    outer loop
      vertex 66.3 -3 125
      vertex 66.3 -3.86 125.686
      vertex 66.3 -4.072 125.245
    endloop
  endfacet
  facet normal -1 0 0
    outer loop
      vertex 67.2 -3 125
      vertex 67.2 -4.072 125.245
      vertex 67.2 -3.86 125.686
    endloop
  endfacet
  facet normal 0 0.623 -0.782
    outer loop
      vertex 66.3 -3.86 125.686
      vertex 66.3 -3.477 125.991
      vertex 67.2 -3.477 125.991
    endloop
  endfacet
  facet normal 0 0.623 -0.782
    outer loop
      vertex 66.3 -3.86 125.686
      vertex 67.2 -3.477 125.991
      vertex 67.2 -3.86 125.686
    endloop
  endfacet
  facet normal 1 0 0
    outer loop
      vertex 66.3 -3 125
      vertex 66.3 -3.477 125.991
      vertex 66.3 -3.86 125.686
    endloop
  endfacet
  facet normal -1 0 0
    outer loop
      vertex 67.2 -3 125
      vertex 67.2 -3.86 125.686
      vertex 67.2 -3.477 125.991
    endloop
  endfacet
  facet normal 0 0.223 -0.975
    outer loop
      vertex 66.3 -3.477 125.991
      vertex 66.3 -3 126.1
      vertex 67.2 -3 126.1
    endloop
  endfacet
  facet normal 0 0.223 -0.975
    outer loop
      vertex 66.3 -3.477 125.991
      vertex 67.2 -3 126.1
      vertex 67.2 -3.477 125.991
    endloop
  endfacet
  facet normal 1 0 0
    outer loop
      vertex 66.3 -3 125
      vertex 66.3 -3 126.1
      vertex 66.3 -3.477 125.991
    endloop
  endfacet
  facet normal -1 0 0
    outer loop
      vertex 67.2 -3 125
      vertex 67.2 -3.477 125.991
      vertex 67.2 -3 126.1
    endloop
  endfacet
  facet normal 0 -0.223 -0.975
    outer loop
      vertex 66.3 -3 132.1
      vertex 66.3 -2.523 131.991
      vertex 67.2 -2.523 131.991
    endloop
  endfacet
  facet normal 0 -0.223 -0.975
    outer loop
      vertex 66.3 -3 132.1
      vertex 67.2 -2.523 131.991
      vertex 67.2 -3 132.1
    endloop
  endfacet
  facet normal 1 0 0
    outer loop
      vertex 66.3 -3 131
      vertex 66.3 -2.523 131.991
      vertex 66.3 -3 132.1
    endloop
  endfacet
  facet normal -1 0 0
    outer loop
      vertex 67.2 -3 131
      vertex 67.2 -3 132.1
      vertex 67.2 -2.523 131.991
    endloop
  endfacet
  facet normal 0 -0.623 -0.782
    outer loop
      vertex 66.3 -2.523 131.991
      vertex 66.3 -2.14 131.686
      vertex 67.2 -2.14 131.686
    endloop
  endfacet
  facet normal 0 -0.623 -0.782
    outer loop
      vertex 66.3 -2.523 131.991
      vertex 67.2 -2.14 131.686
      vertex 67.2 -2.523 131.991
    endloop
  endfacet
  facet normal 1 0 0
    outer loop
      vertex 66.3 -3 131
      vertex 66.3 -2.14 131.686
      vertex 66.3 -2.523 131.991
    endloop
  endfacet
  facet normal -1 0 0
    outer loop
      vertex 67.2 -3 131
      vertex 67.2 -2.523 131.991
      vertex 67.2 -2.14 131.686
    endloop
  endfacet
  facet normal 0 -0.901 -0.433
    outer loop
      vertex 66.3 -2.14 131.686
      vertex 66.3 -1.928 131.245
      vertex 67.2 -1.928 131.245
    endloop
  endfacet
  facet normal 0 -0.901 -0.433
    outer loop
      vertex 66.3 -2.14 131.686
      vertex 67.2 -1.928 131.245
      vertex 67.2 -2.14 131.686
    endloop
  endfacet
  facet normal 1 0 0
    outer loop
      vertex 66.3 -3 131
      vertex 66.3 -1.928 131.245
      vertex 66.3 -2.14 131.686
    endloop
  endfacet
  facet normal -1 0 0
    outer loop
      vertex 67.2 -3 131
      vertex 67.2 -2.14 131.686
      vertex 67.2 -1.928 131.245
    endloop
  endfacet
  facet normal 0 -1 0
    outer loop
      vertex 66.3 -1.928 131.245
      vertex 66.3 -1.928 130.755
      vertex 67.2 -1.928 130.755
    endloop
  endfacet
  facet normal 0 -1 0
    outer loop
      vertex 66.3 -1.928 131.245
      vertex 67.2 -1.928 130.755
      vertex 67.2 -1.928 131.245
    endloop
  endfacet
  facet normal 1 0 0
    outer loop
      vertex 66.3 -3 131
      vertex 66.3 -1.928 130.755
      vertex 66.3 -1.928 131.245
    endloop
  endfacet
  facet normal -1 0 0
    outer loop
      vertex 67.2 -3 131
      vertex 67.2 -1.928 131.245
      vertex 67.2 -1.928 130.755
    endloop
  endfacet
  facet normal 0 -0.901 0.433
    outer loop
      vertex 66.3 -1.928 130.755
      vertex 66.3 -2.14 130.314
      vertex 67.2 -2.14 130.314
    endloop
  endfacet
  facet normal 0 -0.901 0.433
    outer loop
      vertex 66.3 -1.928 130.755
      vertex 67.2 -2.14 130.314
      vertex 67.2 -1.928 130.755
    endloop
  endfacet
  facet normal 1 0 0
    outer loop
      vertex 66.3 -3 131
      vertex 66.3 -2.14 130.314
      vertex 66.3 -1.928 130.755
    endloop
  endfacet
  facet normal -1 0 0
    outer loop
      vertex 67.2 -3 131
      vertex 67.2 -1.928 130.755
      vertex 67.2 -2.14 130.314
    endloop
  endfacet
  facet normal 0 -0.623 0.782
    outer loop
      vertex 66.3 -2.14 130.314
      vertex 66.3 -2.523 130.009
      vertex 67.2 -2.523 130.009
    endloop
  endfacet
  facet normal 0 -0.623 0.782
    outer loop
      vertex 66.3 -2.14 130.314
      vertex 67.2 -2.523 130.009
      vertex 67.2 -2.14 130.314
    endloop
  endfacet
  facet normal 1 0 0
    outer loop
      vertex 66.3 -3 131
      vertex 66.3 -2.523 130.009
      vertex 66.3 -2.14 130.314
    endloop
  endfacet
  facet normal -1 0 0
    outer loop
      vertex 67.2 -3 131
      vertex 67.2 -2.14 130.314
      vertex 67.2 -2.523 130.009
    endloop
  endfacet
  facet normal 0 -0.223 0.975
    outer loop
      vertex 66.3 -2.523 130.009
      vertex 66.3 -3 129.9
      vertex 67.2 -3 129.9
    endloop
  endfacet
  facet normal 0 -0.223 0.975
    outer loop
      vertex 66.3 -2.523 130.009
      vertex 67.2 -3 129.9
      vertex 67.2 -2.523 130.009
    endloop
  endfacet
  facet normal 1 0 0
    outer loop
      vertex 66.3 -3 131
      vertex 66.3 -3 129.9
      vertex 66.3 -2.523 130.009
    endloop
  endfacet
  facet normal -1 0 0
    outer loop
      vertex 67.2 -3 131
      vertex 67.2 -2.523 130.009
      vertex 67.2 -3 129.9
    endloop
  endfacet
  facet normal 0 0.223 0.975
    outer loop
      vertex 66.3 -3 129.9
      vertex 66.3 -3.477 130.009
      vertex 67.2 -3.477 130.009
    endloop
  endfacet
  facet normal 0 0.223 0.975
    outer loop
      vertex 66.3 -3 129.9
      vertex 67.2 -3.477 130.009
      vertex 67.2 -3 129.9
    endloop
  endfacet
  facet normal 1 0 0
    outer loop
      vertex 66.3 -3 131
      vertex 66.3 -3.477 130.009
      vertex 66.3 -3 129.9
    endloop
  endfacet
  facet normal -1 0 0
    outer loop
      vertex 67.2 -3 131
      vertex 67.2 -3 129.9
      vertex 67.2 -3.477 130.009
    endloop
  endfacet
  facet normal 0 0.623 0.782
    outer loop
      vertex 66.3 -3.477 130.009
      vertex 66.3 -3.86 130.314
      vertex 67.2 -3.86 130.314
    endloop
  endfacet
  facet normal 0 0.623 0.782
    outer loop
      vertex 66.3 -3.477 130.009
      vertex 67.2 -3.86 130.314
      vertex 67.2 -3.477 130.009
    endloop
  endfacet
  facet normal 1 0 0
    outer loop
      vertex 66.3 -3 131
      vertex 66.3 -3.86 130.314
      vertex 66.3 -3.477 130.009
    endloop
  endfacet
  facet normal -1 0 0
    outer loop
      vertex 67.2 -3 131
      vertex 67.2 -3.477 130.009
      vertex 67.2 -3.86 130.314
    endloop
  endfacet
  facet normal 0 0.901 0.433
    outer loop
      vertex 66.3 -3.86 130.314
      vertex 66.3 -4.072 130.755
      vertex 67.2 -4.072 130.755
    endloop
  endfacet
  facet normal 0 0.901 0.433
    outer loop
      vertex 66.3 -3.86 130.314
      vertex 67.2 -4.072 130.755
      vertex 67.2 -3.86 130.314
    endloop
  endfacet
  facet normal 1 0 0
    outer loop
      vertex 66.3 -3 131
      vertex 66.3 -4.072 130.755
      vertex 66.3 -3.86 130.314
    endloop
  endfacet
  facet normal -1 0 0
    outer loop
      vertex 67.2 -3 131
      vertex 67.2 -3.86 130.314
      vertex 67.2 -4.072 130.755
    endloop
  endfacet
  facet normal 0 1 0
    outer loop
      vertex 66.3 -4.072 130.755
      vertex 66.3 -4.072 131.245
      vertex 67.2 -4.072 131.245
    endloop
  endfacet
  facet normal 0 1 0
    outer loop
      vertex 66.3 -4.072 130.755
      vertex 67.2 -4.072 131.245
      vertex 67.2 -4.072 130.755
    endloop
  endfacet
  facet normal 1 0 0
    outer loop
      vertex 66.3 -3 131
      vertex 66.3 -4.072 131.245
      vertex 66.3 -4.072 130.755
    endloop
  endfacet
  facet normal -1 0 0
    outer loop
      vertex 67.2 -3 131
      vertex 67.2 -4.072 130.755
      vertex 67.2 -4.072 131.245
    endloop
  endfacet
  facet normal 0 0.901 -0.433
    outer loop
      vertex 66.3 -4.072 131.245
      vertex 66.3 -3.86 131.686
      vertex 67.2 -3.86 131.686
    endloop
  endfacet
  facet normal 0 0.901 -0.433
    outer loop
      vertex 66.3 -4.072 131.245
      vertex 67.2 -3.86 131.686
      vertex 67.2 -4.072 131.245
    endloop
  endfacet
  facet normal 1 0 0
    outer loop
      vertex 66.3 -3 131
      vertex 66.3 -3.86 131.686
      vertex 66.3 -4.072 131.245
    endloop
  endfacet
  facet normal -1 0 0
    outer loop
      vertex 67.2 -3 131
      vertex 67.2 -4.072 131.245
      vertex 67.2 -3.86 131.686
    endloop
  endfacet
  facet normal 0 0.623 -0.782
    outer loop
      vertex 66.3 -3.86 131.686
      vertex 66.3 -3.477 131.991
      vertex 67.2 -3.477 131.991
    endloop
  endfacet
  facet normal 0 0.623 -0.782
    outer loop
      vertex 66.3 -3.86 131.686
      vertex 67.2 -3.477 131.991
      vertex 67.2 -3.86 131.686
    endloop
  endfacet
  facet normal 1 0 0
    outer loop
      vertex 66.3 -3 131
      vertex 66.3 -3.477 131.991
      vertex 66.3 -3.86 131.686
    endloop
  endfacet
  facet normal -1 0 0
    outer loop
      vertex 67.2 -3 131
      vertex 67.2 -3.86 131.686
      vertex 67.2 -3.477 131.991
    endloop
  endfacet
  facet normal 0 0.223 -0.975
    outer loop
      vertex 66.3 -3.477 131.991
      vertex 66.3 -3 132.1
      vertex 67.2 -3 132.1
    endloop
  endfacet
  facet normal 0 0.223 -0.975
    outer loop
      vertex 66.3 -3.477 131.991
      vertex 67.2 -3 132.1
      vertex 67.2 -3.477 131.991
    endloop
  endfacet
  facet normal 1 0 0
    outer loop
      vertex 66.3 -3 131
      vertex 66.3 -3 132.1
      vertex 66.3 -3.477 131.991
    endloop
  endfacet
  facet normal -1 0 0
    outer loop
      vertex 67.2 -3 131
      vertex 67.2 -3.477 131.991
      vertex 67.2 -3 132.1
    endloop
  endfacet
  facet normal 0 -0.223 -0.975
    outer loop
      vertex 66.3 3 126.1
      vertex 66.3 3.477 125.991
      vertex 67.2 3.477 125.991
    endloop
  endfacet
  facet normal 0 -0.223 -0.975
    outer loop
      vertex 66.3 3 126.1
      vertex 67.2 3.477 125.991
      vertex 67.2 3 126.1
    endloop
  endfacet
  facet normal 1 0 0
    outer loop
      vertex 66.3 3 125
      vertex 66.3 3.477 125.991
      vertex 66.3 3 126.1
    endloop
  endfacet
  facet normal -1 0 0
    outer loop
      vertex 67.2 3 125
      vertex 67.2 3 126.1
      vertex 67.2 3.477 125.991
    endloop
  endfacet
  facet normal 0 -0.623 -0.782
    outer loop
      vertex 66.3 3.477 125.991
      vertex 66.3 3.86 125.686
      vertex 67.2 3.86 125.686
    endloop
  endfacet
  facet normal 0 -0.623 -0.782
    outer loop
      vertex 66.3 3.477 125.991
      vertex 67.2 3.86 125.686
      vertex 67.2 3.477 125.991
    endloop
  endfacet
  facet normal 1 0 0
    outer loop
      vertex 66.3 3 125
      vertex 66.3 3.86 125.686
      vertex 66.3 3.477 125.991
    endloop
  endfacet
  facet normal -1 0 0
    outer loop
      vertex 67.2 3 125
      vertex 67.2 3.477 125.991
      vertex 67.2 3.86 125.686
    endloop
  endfacet
  facet normal 0 -0.901 -0.433
    outer loop
      vertex 66.3 3.86 125.686
      vertex 66.3 4.072 125.245
      vertex 67.2 4.072 125.245
    endloop
  endfacet
  facet normal 0 -0.901 -0.433
    outer loop
      vertex 66.3 3.86 125.686
      vertex 67.2 4.072 125.245
      vertex 67.2 3.86 125.686
    endloop
  endfacet
  facet normal 1 0 0
    outer loop
      vertex 66.3 3 125
      vertex 66.3 4.072 125.245
      vertex 66.3 3.86 125.686
    endloop
  endfacet
  facet normal -1 0 0
    outer loop
      vertex 67.2 3 125
      vertex 67.2 3.86 125.686
      vertex 67.2 4.072 125.245
    endloop
  endfacet
  facet normal 0 -1 0
    outer loop
      vertex 66.3 4.072 125.245
      vertex 66.3 4.072 124.755
      vertex 67.2 4.072 124.755
    endloop
  endfacet
  facet normal 0 -1 0
    outer loop
      vertex 66.3 4.072 125.245
      vertex 67.2 4.072 124.755
      vertex 67.2 4.072 125.245
    endloop
  endfacet
  facet normal 1 0 0
    outer loop
      vertex 66.3 3 125
      vertex 66.3 4.072 124.755
      vertex 66.3 4.072 125.245
    endloop
  endfacet
  facet normal -1 0 0
    outer loop
      vertex 67.2 3 125
      vertex 67.2 4.072 125.245
      vertex 67.2 4.072 124.755
    endloop
  endfacet
  facet normal 0 -0.901 0.433
    outer loop
      vertex 66.3 4.072 124.755
      vertex 66.3 3.86 124.314
      vertex 67.2 3.86 124.314
    endloop
  endfacet
  facet normal 0 -0.901 0.433
    outer loop
      vertex 66.3 4.072 124.755
      vertex 67.2 3.86 124.314
      vertex 67.2 4.072 124.755
    endloop
  endfacet
  facet normal 1 0 0
    outer loop
      vertex 66.3 3 125
      vertex 66.3 3.86 124.314
      vertex 66.3 4.072 124.755
    endloop
  endfacet
  facet normal -1 0 0
    outer loop
      vertex 67.2 3 125
      vertex 67.2 4.072 124.755
      vertex 67.2 3.86 124.314
    endloop
  endfacet
  facet normal 0 -0.623 0.782
    outer loop
      vertex 66.3 3.86 124.314
      vertex 66.3 3.477 124.009
      vertex 67.2 3.477 124.009
    endloop
  endfacet
  facet normal 0 -0.623 0.782
    outer loop
      vertex 66.3 3.86 124.314
      vertex 67.2 3.477 124.009
      vertex 67.2 3.86 124.314
    endloop
  endfacet
  facet normal 1 0 0
    outer loop
      vertex 66.3 3 125
      vertex 66.3 3.477 124.009
      vertex 66.3 3.86 124.314
    endloop
  endfacet
  facet normal -1 0 0
    outer loop
      vertex 67.2 3 125
      vertex 67.2 3.86 124.314
      vertex 67.2 3.477 124.009
    endloop
  endfacet
  facet normal 0 -0.223 0.975
    outer loop
      vertex 66.3 3.477 124.009
      vertex 66.3 3 123.9
      vertex 67.2 3 123.9
    endloop
  endfacet
  facet normal 0 -0.223 0.975
    outer loop
      vertex 66.3 3.477 124.009
      vertex 67.2 3 123.9
      vertex 67.2 3.477 124.009
    endloop
  endfacet
  facet normal 1 0 0
    outer loop
      vertex 66.3 3 125
      vertex 66.3 3 123.9
      vertex 66.3 3.477 124.009
    endloop
  endfacet
  facet normal -1 0 0
    outer loop
      vertex 67.2 3 125
      vertex 67.2 3.477 124.009
      vertex 67.2 3 123.9
    endloop
  endfacet
  facet normal 0 0.223 0.975
    outer loop
      vertex 66.3 3 123.9
      vertex 66.3 2.523 124.009
      vertex 67.2 2.523 124.009
    endloop
  endfacet
  facet normal 0 0.223 0.975
    outer loop
      vertex 66.3 3 123.9
      vertex 67.2 2.523 124.009
      vertex 67.2 3 123.9
    endloop
  endfacet
  facet normal 1 0 0
    outer loop
      vertex 66.3 3 125
      vertex 66.3 2.523 124.009
      vertex 66.3 3 123.9
    endloop
  endfacet
  facet normal -1 0 0
    outer loop
      vertex 67.2 3 125
      vertex 67.2 3 123.9
      vertex 67.2 2.523 124.009
    endloop
  endfacet
  facet normal 0 0.623 0.782
    outer loop
      vertex 66.3 2.523 124.009
      vertex 66.3 2.14 124.314
      vertex 67.2 2.14 124.314
    endloop
  endfacet
  facet normal 0 0.623 0.782
    outer loop
      vertex 66.3 2.523 124.009
      vertex 67.2 2.14 124.314
      vertex 67.2 2.523 124.009
    endloop
  endfacet
  facet normal 1 0 0
    outer loop
      vertex 66.3 3 125
      vertex 66.3 2.14 124.314
      vertex 66.3 2.523 124.009
    endloop
  endfacet
  facet normal -1 0 0
    outer loop
      vertex 67.2 3 125
      vertex 67.2 2.523 124.009
      vertex 67.2 2.14 124.314
    endloop
  endfacet
  facet normal 0 0.901 0.433
    outer loop
      vertex 66.3 2.14 124.314
      vertex 66.3 1.928 124.755
      vertex 67.2 1.928 124.755
    endloop
  endfacet
  facet normal 0 0.901 0.433
    outer loop
      vertex 66.3 2.14 124.314
      vertex 67.2 1.928 124.755
      vertex 67.2 2.14 124.314
    endloop
  endfacet
  facet normal 1 0 0
    outer loop
      vertex 66.3 3 125
      vertex 66.3 1.928 124.755
      vertex 66.3 2.14 124.314
    endloop
  endfacet
  facet normal -1 0 0
    outer loop
      vertex 67.2 3 125
      vertex 67.2 2.14 124.314
      vertex 67.2 1.928 124.755
    endloop
  endfacet
  facet normal 0 1 0
    outer loop
      vertex 66.3 1.928 124.755
      vertex 66.3 1.928 125.245
      vertex 67.2 1.928 125.245
    endloop
  endfacet
  facet normal 0 1 0
    outer loop
      vertex 66.3 1.928 124.755
      vertex 67.2 1.928 125.245
      vertex 67.2 1.928 124.755
    endloop
  endfacet
  facet normal 1 0 0
    outer loop
      vertex 66.3 3 125
      vertex 66.3 1.928 125.245
      vertex 66.3 1.928 124.755
    endloop
  endfacet
  facet normal -1 0 0
    outer loop
      vertex 67.2 3 125
      vertex 67.2 1.928 124.755
      vertex 67.2 1.928 125.245
    endloop
  endfacet
  facet normal 0 0.901 -0.433
    outer loop
      vertex 66.3 1.928 125.245
      vertex 66.3 2.14 125.686
      vertex 67.2 2.14 125.686
    endloop
  endfacet
  facet normal 0 0.901 -0.433
    outer loop
      vertex 66.3 1.928 125.245
      vertex 67.2 2.14 125.686
      vertex 67.2 1.928 125.245
    endloop
  endfacet
  facet normal 1 0 0
    outer loop
      vertex 66.3 3 125
      vertex 66.3 2.14 125.686
      vertex 66.3 1.928 125.245
    endloop
  endfacet
  facet normal -1 0 0
    outer loop
      vertex 67.2 3 125
      vertex 67.2 1.928 125.245
      vertex 67.2 2.14 125.686
    endloop
  endfacet
  facet normal 0 0.623 -0.782
    outer loop
      vertex 66.3 2.14 125.686
      vertex 66.3 2.523 125.991
      vertex 67.2 2.523 125.991
    endloop
  endfacet
  facet normal 0 0.623 -0.782
    outer loop
      vertex 66.3 2.14 125.686
      vertex 67.2 2.523 125.991
      vertex 67.2 2.14 125.686
    endloop
  endfacet
  facet normal 1 0 0
    outer loop
      vertex 66.3 3 125
      vertex 66.3 2.523 125.991
      vertex 66.3 2.14 125.686
    endloop
  endfacet
  facet normal -1 0 0
    outer loop
      vertex 67.2 3 125
      vertex 67.2 2.14 125.686
      vertex 67.2 2.523 125.991
    endloop
  endfacet
  facet normal 0 0.223 -0.975
    outer loop
      vertex 66.3 2.523 125.991
      vertex 66.3 3 126.1
      vertex 67.2 3 126.1
    endloop
  endfacet
  facet normal 0 0.223 -0.975
    outer loop
      vertex 66.3 2.523 125.991
      vertex 67.2 3 126.1
      vertex 67.2 2.523 125.991
    endloop
  endfacet
  facet normal 1 0 0
    outer loop
      vertex 66.3 3 125
      vertex 66.3 3 126.1
      vertex 66.3 2.523 125.991
    endloop
  endfacet
  facet normal -1 0 0
    outer loop
      vertex 67.2 3 125
      vertex 67.2 2.523 125.991
      vertex 67.2 3 126.1
    endloop
  endfacet
  facet normal 0 -0.223 -0.975
    outer loop
      vertex 66.3 3 132.1
      vertex 66.3 3.477 131.991
      vertex 67.2 3.477 131.991
    endloop
  endfacet
  facet normal 0 -0.223 -0.975
    outer loop
      vertex 66.3 3 132.1
      vertex 67.2 3.477 131.991
      vertex 67.2 3 132.1
    endloop
  endfacet
  facet normal 1 0 0
    outer loop
      vertex 66.3 3 131
      vertex 66.3 3.477 131.991
      vertex 66.3 3 132.1
    endloop
  endfacet
  facet normal -1 0 0
    outer loop
      vertex 67.2 3 131
      vertex 67.2 3 132.1
      vertex 67.2 3.477 131.991
    endloop
  endfacet
  facet normal 0 -0.623 -0.782
    outer loop
      vertex 66.3 3.477 131.991
      vertex 66.3 3.86 131.686
      vertex 67.2 3.86 131.686
    endloop
  endfacet
  facet normal 0 -0.623 -0.782
    outer loop
      vertex 66.3 3.477 131.991
      vertex 67.2 3.86 131.686
      vertex 67.2 3.477 131.991
    endloop
  endfacet
  facet normal 1 0 0
    outer loop
      vertex 66.3 3 131
      vertex 66.3 3.86 131.686
      vertex 66.3 3.477 131.991
    endloop
  endfacet
  facet normal -1 0 0
    outer loop
      vertex 67.2 3 131
      vertex 67.2 3.477 131.991
      vertex 67.2 3.86 131.686
    endloop
  endfacet
  facet normal 0 -0.901 -0.433
    outer loop
      vertex 66.3 3.86 131.686
      vertex 66.3 4.072 131.245
      vertex 67.2 4.072 131.245
    endloop
  endfacet
  facet normal 0 -0.901 -0.433
    outer loop
      vertex 66.3 3.86 131.686
      vertex 67.2 4.072 131.245
      vertex 67.2 3.86 131.686
    endloop
  endfacet
  facet normal 1 0 0
    outer loop
      vertex 66.3 3 131
      vertex 66.3 4.072 131.245
      vertex 66.3 3.86 131.686
    endloop
  endfacet
  facet normal -1 0 0
    outer loop
      vertex 67.2 3 131
      vertex 67.2 3.86 131.686
      vertex 67.2 4.072 131.245
    endloop
  endfacet
  facet normal 0 -1 0
    outer loop
      vertex 66.3 4.072 131.245
      vertex 66.3 4.072 130.755
      vertex 67.2 4.072 130.755
    endloop
  endfacet
  facet normal 0 -1 0
    outer loop
      vertex 66.3 4.072 131.245
      vertex 67.2 4.072 130.755
      vertex 67.2 4.072 131.245
    endloop
  endfacet
  facet normal 1 0 0
    outer loop
      vertex 66.3 3 131
      vertex 66.3 4.072 130.755
      vertex 66.3 4.072 131.245
    endloop
  endfacet
  facet normal -1 0 0
    outer loop
      vertex 67.2 3 131
      vertex 67.2 4.072 131.245
      vertex 67.2 4.072 130.755
    endloop
  endfacet
  facet normal 0 -0.901 0.433
    outer loop
      vertex 66.3 4.072 130.755
      vertex 66.3 3.86 130.314
      vertex 67.2 3.86 130.314
    endloop
  endfacet
  facet normal 0 -0.901 0.433
    outer loop
      vertex 66.3 4.072 130.755
      vertex 67.2 3.86 130.314
      vertex 67.2 4.072 130.755
    endloop
  endfacet
  facet normal 1 0 0
    outer loop
      vertex 66.3 3 131
      vertex 66.3 3.86 130.314
      vertex 66.3 4.072 130.755
    endloop
  endfacet
  facet normal -1 0 0
    outer loop
      vertex 67.2 3 131
      vertex 67.2 4.072 130.755
      vertex 67.2 3.86 130.314
    endloop
  endfacet
  facet normal 0 -0.623 0.782
    outer loop
      vertex 66.3 3.86 130.314
      vertex 66.3 3.477 130.009
      vertex 67.2 3.477 130.009
    endloop
  endfacet
  facet normal 0 -0.623 0.782
    outer loop
      vertex 66.3 3.86 130.314
      vertex 67.2 3.477 130.009
      vertex 67.2 3.86 130.314
    endloop
  endfacet
  facet normal 1 0 0
    outer loop
      vertex 66.3 3 131
      vertex 66.3 3.477 130.009
      vertex 66.3 3.86 130.314
    endloop
  endfacet
  facet normal -1 0 0
    outer loop
      vertex 67.2 3 131
      vertex 67.2 3.86 130.314
      vertex 67.2 3.477 130.009
    endloop
  endfacet
  facet normal 0 -0.223 0.975
    outer loop
      vertex 66.3 3.477 130.009
      vertex 66.3 3 129.9
      vertex 67.2 3 129.9
    endloop
  endfacet
  facet normal 0 -0.223 0.975
    outer loop
      vertex 66.3 3.477 130.009
      vertex 67.2 3 129.9
      vertex 67.2 3.477 130.009
    endloop
  endfacet
  facet normal 1 0 0
    outer loop
      vertex 66.3 3 131
      vertex 66.3 3 129.9
      vertex 66.3 3.477 130.009
    endloop
  endfacet
  facet normal -1 0 0
    outer loop
      vertex 67.2 3 131
      vertex 67.2 3.477 130.009
      vertex 67.2 3 129.9
    endloop
  endfacet
  facet normal 0 0.223 0.975
    outer loop
      vertex 66.3 3 129.9
      vertex 66.3 2.523 130.009
      vertex 67.2 2.523 130.009
    endloop
  endfacet
  facet normal 0 0.223 0.975
    outer loop
      vertex 66.3 3 129.9
      vertex 67.2 2.523 130.009
      vertex 67.2 3 129.9
    endloop
  endfacet
  facet normal 1 0 0
    outer loop
      vertex 66.3 3 131
      vertex 66.3 2.523 130.009
      vertex 66.3 3 129.9
    endloop
  endfacet
  facet normal -1 0 0
    outer loop
      vertex 67.2 3 131
      vertex 67.2 3 129.9
      vertex 67.2 2.523 130.009
    endloop
  endfacet
  facet normal 0 0.623 0.782
    outer loop
      vertex 66.3 2.523 130.009
      vertex 66.3 2.14 130.314
      vertex 67.2 2.14 130.314
    endloop
  endfacet
  facet normal 0 0.623 0.782
    outer loop
      vertex 66.3 2.523 130.009
      vertex 67.2 2.14 130.314
      vertex 67.2 2.523 130.009
    endloop
  endfacet
  facet normal 1 0 0
    outer loop
      vertex 66.3 3 131
      vertex 66.3 2.14 130.314
      vertex 66.3 2.523 130.009
    endloop
  endfacet
  facet normal -1 0 0
    outer loop
      vertex 67.2 3 131
      vertex 67.2 2.523 130.009
      vertex 67.2 2.14 130.314
    endloop
  endfacet
  facet normal 0 0.901 0.433
    outer loop
      vertex 66.3 2.14 130.314
      vertex 66.3 1.928 130.755
      vertex 67.2 1.928 130.755
    endloop
  endfacet
  facet normal 0 0.901 0.433
    outer loop
      vertex 66.3 2.14 130.314
      vertex 67.2 1.928 130.755
      vertex 67.2 2.14 130.314
    endloop
  endfacet
  facet normal 1 0 0
    outer loop
      vertex 66.3 3 131
      vertex 66.3 1.928 130.755
      vertex 66.3 2.14 130.314
    endloop
  endfacet
  facet normal -1 0 0
    outer loop
      vertex 67.2 3 131
      vertex 67.2 2.14 130.314
      vertex 67.2 1.928 130.755
    endloop
  endfacet
  facet normal 0 1 0
    outer loop
      vertex 66.3 1.928 130.755
      vertex 66.3 1.928 131.245
      vertex 67.2 1.928 131.245
    endloop
  endfacet
  facet normal 0 1 0
    outer loop
      vertex 66.3 1.928 130.755
      vertex 67.2 1.928 131.245
      vertex 67.2 1.928 130.755
    endloop
  endfacet
  facet normal 1 0 0
    outer loop
      vertex 66.3 3 131
      vertex 66.3 1.928 131.245
      vertex 66.3 1.928 130.755
    endloop
  endfacet
  facet normal -1 0 0
    outer loop
      vertex 67.2 3 131
      vertex 67.2 1.928 130.755
      vertex 67.2 1.928 131.245
    endloop
  endfacet
  facet normal 0 0.901 -0.433
    outer loop
      vertex 66.3 1.928 131.245
      vertex 66.3 2.14 131.686
      vertex 67.2 2.14 131.686
    endloop
  endfacet
  facet normal 0 0.901 -0.433
    outer loop
      vertex 66.3 1.928 131.245
      vertex 67.2 2.14 131.686
      vertex 67.2 1.928 131.245
    endloop
  endfacet
  facet normal 1 0 0
    outer loop
      vertex 66.3 3 131
      vertex 66.3 2.14 131.686
      vertex 66.3 1.928 131.245
    endloop
  endfacet
  facet normal -1 0 0
    outer loop
      vertex 67.2 3 131
      vertex 67.2 1.928 131.245
      vertex 67.2 2.14 131.686
    endloop
  endfacet
  facet normal 0 0.623 -0.782
    outer loop
      vertex 66.3 2.14 131.686
      vertex 66.3 2.523 131.991
      vertex 67.2 2.523 131.991
    endloop
  endfacet
  facet normal 0 0.623 -0.782
    outer loop
      vertex 66.3 2.14 131.686
      vertex 67.2 2.523 131.991
      vertex 67.2 2.14 131.686
    endloop
  endfacet
  facet normal 1 0 0
    outer loop
      vertex 66.3 3 131
      vertex 66.3 2.523 131.991
      vertex 66.3 2.14 131.686
    endloop
  endfacet
  facet normal -1 0 0
    outer loop
      vertex 67.2 3 131
      vertex 67.2 2.14 131.686
      vertex 67.2 2.523 131.991
    endloop
  endfacet
  facet normal 0 0.223 -0.975
    outer loop
      vertex 66.3 2.523 131.991
      vertex 66.3 3 132.1
      vertex 67.2 3 132.1
    endloop
  endfacet
  facet normal 0 0.223 -0.975
    outer loop
      vertex 66.3 2.523 131.991
      vertex 67.2 3 132.1
      vertex 67.2 2.523 131.991
    endloop
  endfacet
  facet normal 1 0 0
    outer loop
      vertex 66.3 3 131
      vertex 66.3 3 132.1
      vertex 66.3 2.523 131.991
    endloop
  endfacet
  facet normal -1 0 0
    outer loop
      vertex 67.2 3 131
      vertex 67.2 2.523 131.991
      vertex 67.2 3 132.1
    endloop
  endfacet
  facet normal 0.996 0.087 0
    outer loop
      vertex 8.5 0 200
      vertex 8.371 1.476 200
      vertex 8.371 1.476 206
    endloop
  endfacet
  facet normal 0.996 0.087 0
    outer loop
      vertex 8.5 0 200
      vertex 8.371 1.476 206
      vertex 8.5 0 206
    endloop
  endfacet
  facet normal 0 0 -1
    outer loop
      vertex 0 0 200
      vertex 8.371 1.476 200
      vertex 8.5 0 200
    endloop
  endfacet
  facet normal 0 0 1
    outer loop
      vertex 0 0 206
      vertex 8.5 0 206
      vertex 8.371 1.476 206
    endloop
  endfacet
  facet normal 0.966 0.259 0
    outer loop
      vertex 8.371 1.476 200
      vertex 7.987 2.907 200
      vertex 7.987 2.907 206
    endloop
  endfacet
  facet normal 0.966 0.259 0
    outer loop
      vertex 8.371 1.476 200
      vertex 7.987 2.907 206
      vertex 8.371 1.476 206
    endloop
  endfacet
  facet normal 0 0 -1
    outer loop
      vertex 0 0 200
      vertex 7.987 2.907 200
      vertex 8.371 1.476 200
    endloop
  endfacet
  facet normal 0 0 1
    outer loop
      vertex 0 0 206
      vertex 8.371 1.476 206
      vertex 7.987 2.907 206
    endloop
  endfacet
  facet normal 0.906 0.422 0
    outer loop
      vertex 7.987 2.907 200
      vertex 7.361 4.25 200
      vertex 7.361 4.25 206
    endloop
  endfacet
  facet normal 0.906 0.422 0
    outer loop
      vertex 7.987 2.907 200
      vertex 7.361 4.25 206
      vertex 7.987 2.907 206
    endloop
  endfacet
  facet normal 0 0 -1
    outer loop
      vertex 0 0 200
      vertex 7.361 4.25 200
      vertex 7.987 2.907 200
    endloop
  endfacet
  facet normal 0 0 1
    outer loop
      vertex 0 0 206
      vertex 7.987 2.907 206
      vertex 7.361 4.25 206
    endloop
  endfacet
  facet normal 0.819 0.574 0
    outer loop
      vertex 7.361 4.25 200
      vertex 6.511 5.464 200
      vertex 6.511 5.464 206
    endloop
  endfacet
  facet normal 0.819 0.574 0
    outer loop
      vertex 7.361 4.25 200
      vertex 6.511 5.464 206
      vertex 7.361 4.25 206
    endloop
  endfacet
  facet normal 0 0 -1
    outer loop
      vertex 0 0 200
      vertex 6.511 5.464 200
      vertex 7.361 4.25 200
    endloop
  endfacet
  facet normal 0 0 1
    outer loop
      vertex 0 0 206
      vertex 7.361 4.25 206
      vertex 6.511 5.464 206
    endloop
  endfacet
  facet normal 0.707 0.707 0
    outer loop
      vertex 6.511 5.464 200
      vertex 5.464 6.511 200
      vertex 5.464 6.511 206
    endloop
  endfacet
  facet normal 0.707 0.707 0
    outer loop
      vertex 6.511 5.464 200
      vertex 5.464 6.511 206
      vertex 6.511 5.464 206
    endloop
  endfacet
  facet normal 0 0 -1
    outer loop
      vertex 0 0 200
      vertex 5.464 6.511 200
      vertex 6.511 5.464 200
    endloop
  endfacet
  facet normal 0 0 1
    outer loop
      vertex 0 0 206
      vertex 6.511 5.464 206
      vertex 5.464 6.511 206
    endloop
  endfacet
  facet normal 0.574 0.819 0
    outer loop
      vertex 5.464 6.511 200
      vertex 4.25 7.361 200
      vertex 4.25 7.361 206
    endloop
  endfacet
  facet normal 0.574 0.819 0
    outer loop
      vertex 5.464 6.511 200
      vertex 4.25 7.361 206
      vertex 5.464 6.511 206
    endloop
  endfacet
  facet normal 0 0 -1
    outer loop
      vertex 0 0 200
      vertex 4.25 7.361 200
      vertex 5.464 6.511 200
    endloop
  endfacet
  facet normal 0 0 1
    outer loop
      vertex 0 0 206
      vertex 5.464 6.511 206
      vertex 4.25 7.361 206
    endloop
  endfacet
  facet normal 0.422 0.906 0
    outer loop
      vertex 4.25 7.361 200
      vertex 2.907 7.987 200
      vertex 2.907 7.987 206
    endloop
  endfacet
  facet normal 0.422 0.906 0
    outer loop
      vertex 4.25 7.361 200
      vertex 2.907 7.987 206
      vertex 4.25 7.361 206
    endloop
  endfacet
  facet normal 0 0 -1
    outer loop
      vertex 0 0 200
      vertex 2.907 7.987 200
      vertex 4.25 7.361 200
    endloop
  endfacet
  facet normal 0 0 1
    outer loop
      vertex 0 0 206
      vertex 4.25 7.361 206
      vertex 2.907 7.987 206
    endloop
  endfacet
  facet normal 0.259 0.966 0
    outer loop
      vertex 2.907 7.987 200
      vertex 1.476 8.371 200
      vertex 1.476 8.371 206
    endloop
  endfacet
  facet normal 0.259 0.966 0
    outer loop
      vertex 2.907 7.987 200
      vertex 1.476 8.371 206
      vertex 2.907 7.987 206
    endloop
  endfacet
  facet normal 0 0 -1
    outer loop
      vertex 0 0 200
      vertex 1.476 8.371 200
      vertex 2.907 7.987 200
    endloop
  endfacet
  facet normal 0 0 1
    outer loop
      vertex 0 0 206
      vertex 2.907 7.987 206
      vertex 1.476 8.371 206
    endloop
  endfacet
  facet normal 0.087 0.996 0
    outer loop
      vertex 1.476 8.371 200
      vertex 0 8.5 200
      vertex 0 8.5 206
    endloop
  endfacet
  facet normal 0.087 0.996 0
    outer loop
      vertex 1.476 8.371 200
      vertex 0 8.5 206
      vertex 1.476 8.371 206
    endloop
  endfacet
  facet normal 0 0 -1
    outer loop
      vertex 0 0 200
      vertex 0 8.5 200
      vertex 1.476 8.371 200
    endloop
  endfacet
  facet normal 0 0 1
    outer loop
      vertex 0 0 206
      vertex 1.476 8.371 206
      vertex 0 8.5 206
    endloop
  endfacet
  facet normal -0.087 0.996 0
    outer loop
      vertex 0 8.5 200
      vertex -1.476 8.371 200
      vertex -1.476 8.371 206
    endloop
  endfacet
  facet normal -0.087 0.996 0
    outer loop
      vertex 0 8.5 200
      vertex -1.476 8.371 206
      vertex 0 8.5 206
    endloop
  endfacet
  facet normal 0 0 -1
    outer loop
      vertex 0 0 200
      vertex -1.476 8.371 200
      vertex 0 8.5 200
    endloop
  endfacet
  facet normal 0 0 1
    outer loop
      vertex 0 0 206
      vertex 0 8.5 206
      vertex -1.476 8.371 206
    endloop
  endfacet
  facet normal -0.259 0.966 0
    outer loop
      vertex -1.476 8.371 200
      vertex -2.907 7.987 200
      vertex -2.907 7.987 206
    endloop
  endfacet
  facet normal -0.259 0.966 0
    outer loop
      vertex -1.476 8.371 200
      vertex -2.907 7.987 206
      vertex -1.476 8.371 206
    endloop
  endfacet
  facet normal 0 0 -1
    outer loop
      vertex 0 0 200
      vertex -2.907 7.987 200
      vertex -1.476 8.371 200
    endloop
  endfacet
  facet normal 0 0 1
    outer loop
      vertex 0 0 206
      vertex -1.476 8.371 206
      vertex -2.907 7.987 206
    endloop
  endfacet
  facet normal -0.422 0.906 0
    outer loop
      vertex -2.907 7.987 200
      vertex -4.25 7.361 200
      vertex -4.25 7.361 206
    endloop
  endfacet
  facet normal -0.422 0.906 0
    outer loop
      vertex -2.907 7.987 200
      vertex -4.25 7.361 206
      vertex -2.907 7.987 206
    endloop
  endfacet
  facet normal 0 0 -1
    outer loop
      vertex 0 0 200
      vertex -4.25 7.361 200
      vertex -2.907 7.987 200
    endloop
  endfacet
  facet normal 0 0 1
    outer loop
      vertex 0 0 206
      vertex -2.907 7.987 206
      vertex -4.25 7.361 206
    endloop
  endfacet
  facet normal -0.574 0.819 0
    outer loop
      vertex -4.25 7.361 200
      vertex -5.464 6.511 200
      vertex -5.464 6.511 206
    endloop
  endfacet
  facet normal -0.574 0.819 0
    outer loop
      vertex -4.25 7.361 200
      vertex -5.464 6.511 206
      vertex -4.25 7.361 206
    endloop
  endfacet
  facet normal 0 0 -1
    outer loop
      vertex 0 0 200
      vertex -5.464 6.511 200
      vertex -4.25 7.361 200
    endloop
  endfacet
  facet normal 0 0 1
    outer loop
      vertex 0 0 206
      vertex -4.25 7.361 206
      vertex -5.464 6.511 206
    endloop
  endfacet
  facet normal -0.707 0.707 0
    outer loop
      vertex -5.464 6.511 200
      vertex -6.511 5.464 200
      vertex -6.511 5.464 206
    endloop
  endfacet
  facet normal -0.707 0.707 0
    outer loop
      vertex -5.464 6.511 200
      vertex -6.511 5.464 206
      vertex -5.464 6.511 206
    endloop
  endfacet
  facet normal 0 0 -1
    outer loop
      vertex 0 0 200
      vertex -6.511 5.464 200
      vertex -5.464 6.511 200
    endloop
  endfacet
  facet normal 0 0 1
    outer loop
      vertex 0 0 206
      vertex -5.464 6.511 206
      vertex -6.511 5.464 206
    endloop
  endfacet
  facet normal -0.819 0.574 0
    outer loop
      vertex -6.511 5.464 200
      vertex -7.361 4.25 200
      vertex -7.361 4.25 206
    endloop
  endfacet
  facet normal -0.819 0.574 0
    outer loop
      vertex -6.511 5.464 200
      vertex -7.361 4.25 206
      vertex -6.511 5.464 206
    endloop
  endfacet
  facet normal 0 0 -1
    outer loop
      vertex 0 0 200
      vertex -7.361 4.25 200
      vertex -6.511 5.464 200
    endloop
  endfacet
  facet normal 0 0 1
    outer loop
      vertex 0 0 206
      vertex -6.511 5.464 206
      vertex -7.361 4.25 206
    endloop
  endfacet
  facet normal -0.906 0.422 0
    outer loop
      vertex -7.361 4.25 200
      vertex -7.987 2.907 200
      vertex -7.987 2.907 206
    endloop
  endfacet
  facet normal -0.906 0.422 0
    outer loop
      vertex -7.361 4.25 200
      vertex -7.987 2.907 206
      vertex -7.361 4.25 206
    endloop
  endfacet
  facet normal 0 0 -1
    outer loop
      vertex 0 0 200
      vertex -7.987 2.907 200
      vertex -7.361 4.25 200
    endloop
  endfacet
  facet normal 0 0 1
    outer loop
      vertex 0 0 206
      vertex -7.361 4.25 206
      vertex -7.987 2.907 206
    endloop
  endfacet
  facet normal -0.966 0.259 0
    outer loop
      vertex -7.987 2.907 200
      vertex -8.371 1.476 200
      vertex -8.371 1.476 206
    endloop
  endfacet
  facet normal -0.966 0.259 0
    outer loop
      vertex -7.987 2.907 200
      vertex -8.371 1.476 206
      vertex -7.987 2.907 206
    endloop
  endfacet
  facet normal 0 0 -1
    outer loop
      vertex 0 0 200
      vertex -8.371 1.476 200
      vertex -7.987 2.907 200
    endloop
  endfacet
  facet normal 0 0 1
    outer loop
      vertex 0 0 206
      vertex -7.987 2.907 206
      vertex -8.371 1.476 206
    endloop
  endfacet
  facet normal -0.996 0.087 0
    outer loop
      vertex -8.371 1.476 200
      vertex -8.5 0 200
      vertex -8.5 0 206
    endloop
  endfacet
  facet normal -0.996 0.087 0
    outer loop
      vertex -8.371 1.476 200
      vertex -8.5 0 206
      vertex -8.371 1.476 206
    endloop
  endfacet
  facet normal 0 0 -1
    outer loop
      vertex 0 0 200
      vertex -8.5 0 200
      vertex -8.371 1.476 200
    endloop
  endfacet
  facet normal 0 0 1
    outer loop
      vertex 0 0 206
      vertex -8.371 1.476 206
      vertex -8.5 0 206
    endloop
  endfacet
  facet normal -0.996 -0.087 0
    outer loop
      vertex -8.5 0 200
      vertex -8.371 -1.476 200
      vertex -8.371 -1.476 206
    endloop
  endfacet
  facet normal -0.996 -0.087 0
    outer loop
      vertex -8.5 0 200
      vertex -8.371 -1.476 206
      vertex -8.5 0 206
    endloop
  endfacet
  facet normal 0 0 -1
    outer loop
      vertex 0 0 200
      vertex -8.371 -1.476 200
      vertex -8.5 0 200
    endloop
  endfacet
  facet normal 0 0 1
    outer loop
      vertex 0 0 206
      vertex -8.5 0 206
      vertex -8.371 -1.476 206
    endloop
  endfacet
  facet normal -0.966 -0.259 0
    outer loop
      vertex -8.371 -1.476 200
      vertex -7.987 -2.907 200
      vertex -7.987 -2.907 206
    endloop
  endfacet
  facet normal -0.966 -0.259 0
    outer loop
      vertex -8.371 -1.476 200
      vertex -7.987 -2.907 206
      vertex -8.371 -1.476 206
    endloop
  endfacet
  facet normal 0 0 -1
    outer loop
      vertex 0 0 200
      vertex -7.987 -2.907 200
      vertex -8.371 -1.476 200
    endloop
  endfacet
  facet normal 0 0 1
    outer loop
      vertex 0 0 206
      vertex -8.371 -1.476 206
      vertex -7.987 -2.907 206
    endloop
  endfacet
  facet normal -0.906 -0.422 0
    outer loop
      vertex -7.987 -2.907 200
      vertex -7.361 -4.25 200
      vertex -7.361 -4.25 206
    endloop
  endfacet
  facet normal -0.906 -0.422 0
    outer loop
      vertex -7.987 -2.907 200
      vertex -7.361 -4.25 206
      vertex -7.987 -2.907 206
    endloop
  endfacet
  facet normal 0 0 -1
    outer loop
      vertex 0 0 200
      vertex -7.361 -4.25 200
      vertex -7.987 -2.907 200
    endloop
  endfacet
  facet normal 0 0 1
    outer loop
      vertex 0 0 206
      vertex -7.987 -2.907 206
      vertex -7.361 -4.25 206
    endloop
  endfacet
  facet normal -0.819 -0.574 0
    outer loop
      vertex -7.361 -4.25 200
      vertex -6.511 -5.464 200
      vertex -6.511 -5.464 206
    endloop
  endfacet
  facet normal -0.819 -0.574 0
    outer loop
      vertex -7.361 -4.25 200
      vertex -6.511 -5.464 206
      vertex -7.361 -4.25 206
    endloop
  endfacet
  facet normal 0 0 -1
    outer loop
      vertex 0 0 200
      vertex -6.511 -5.464 200
      vertex -7.361 -4.25 200
    endloop
  endfacet
  facet normal 0 0 1
    outer loop
      vertex 0 0 206
      vertex -7.361 -4.25 206
      vertex -6.511 -5.464 206
    endloop
  endfacet
  facet normal -0.707 -0.707 0
    outer loop
      vertex -6.511 -5.464 200
      vertex -5.464 -6.511 200
      vertex -5.464 -6.511 206
    endloop
  endfacet
  facet normal -0.707 -0.707 0
    outer loop
      vertex -6.511 -5.464 200
      vertex -5.464 -6.511 206
      vertex -6.511 -5.464 206
    endloop
  endfacet
  facet normal 0 0 -1
    outer loop
      vertex 0 0 200
      vertex -5.464 -6.511 200
      vertex -6.511 -5.464 200
    endloop
  endfacet
  facet normal 0 0 1
    outer loop
      vertex 0 0 206
      vertex -6.511 -5.464 206
      vertex -5.464 -6.511 206
    endloop
  endfacet
  facet normal -0.574 -0.819 0
    outer loop
      vertex -5.464 -6.511 200
      vertex -4.25 -7.361 200
      vertex -4.25 -7.361 206
    endloop
  endfacet
  facet normal -0.574 -0.819 0
    outer loop
      vertex -5.464 -6.511 200
      vertex -4.25 -7.361 206
      vertex -5.464 -6.511 206
    endloop
  endfacet
  facet normal 0 0 -1
    outer loop
      vertex 0 0 200
      vertex -4.25 -7.361 200
      vertex -5.464 -6.511 200
    endloop
  endfacet
  facet normal 0 0 1
    outer loop
      vertex 0 0 206
      vertex -5.464 -6.511 206
      vertex -4.25 -7.361 206
    endloop
  endfacet
  facet normal -0.422 -0.906 0
    outer loop
      vertex -4.25 -7.361 200
      vertex -2.907 -7.987 200
      vertex -2.907 -7.987 206
    endloop
  endfacet
  facet normal -0.422 -0.906 0
    outer loop
      vertex -4.25 -7.361 200
      vertex -2.907 -7.987 206
      vertex -4.25 -7.361 206
    endloop
  endfacet
  facet normal 0 0 -1
    outer loop
      vertex 0 0 200
      vertex -2.907 -7.987 200
      vertex -4.25 -7.361 200
    endloop
  endfacet
  facet normal 0 0 1
    outer loop
      vertex 0 0 206
      vertex -4.25 -7.361 206
      vertex -2.907 -7.987 206
    endloop
  endfacet
  facet normal -0.259 -0.966 0
    outer loop
      vertex -2.907 -7.987 200
      vertex -1.476 -8.371 200
      vertex -1.476 -8.371 206
    endloop
  endfacet
  facet normal -0.259 -0.966 0
    outer loop
      vertex -2.907 -7.987 200
      vertex -1.476 -8.371 206
      vertex -2.907 -7.987 206
    endloop
  endfacet
  facet normal 0 0 -1
    outer loop
      vertex 0 0 200
      vertex -1.476 -8.371 200
      vertex -2.907 -7.987 200
    endloop
  endfacet
  facet normal 0 0 1
    outer loop
      vertex 0 0 206
      vertex -2.907 -7.987 206
      vertex -1.476 -8.371 206
    endloop
  endfacet
  facet normal -0.087 -0.996 0
    outer loop
      vertex -1.476 -8.371 200
      vertex 0 -8.5 200
      vertex 0 -8.5 206
    endloop
  endfacet
  facet normal -0.087 -0.996 0
    outer loop
      vertex -1.476 -8.371 200
      vertex 0 -8.5 206
      vertex -1.476 -8.371 206
    endloop
  endfacet
  facet normal 0 0 -1
    outer loop
      vertex 0 0 200
      vertex 0 -8.5 200
      vertex -1.476 -8.371 200
    endloop
  endfacet
  facet normal 0 0 1
    outer loop
      vertex 0 0 206
      vertex -1.476 -8.371 206
      vertex 0 -8.5 206
    endloop
  endfacet
  facet normal 0.087 -0.996 0
    outer loop
      vertex 0 -8.5 200
      vertex 1.476 -8.371 200
      vertex 1.476 -8.371 206
    endloop
  endfacet
  facet normal 0.087 -0.996 0
    outer loop
      vertex 0 -8.5 200
      vertex 1.476 -8.371 206
      vertex 0 -8.5 206
    endloop
  endfacet
  facet normal 0 0 -1
    outer loop
      vertex 0 0 200
      vertex 1.476 -8.371 200
      vertex 0 -8.5 200
    endloop
  endfacet
  facet normal 0 0 1
    outer loop
      vertex 0 0 206
      vertex 0 -8.5 206
      vertex 1.476 -8.371 206
    endloop
  endfacet
  facet normal 0.259 -0.966 0
    outer loop
      vertex 1.476 -8.371 200
      vertex 2.907 -7.987 200
      vertex 2.907 -7.987 206
    endloop
  endfacet
  facet normal 0.259 -0.966 0
    outer loop
      vertex 1.476 -8.371 200
      vertex 2.907 -7.987 206
      vertex 1.476 -8.371 206
    endloop
  endfacet
  facet normal 0 0 -1
    outer loop
      vertex 0 0 200
      vertex 2.907 -7.987 200
      vertex 1.476 -8.371 200
    endloop
  endfacet
  facet normal 0 0 1
    outer loop
      vertex 0 0 206
      vertex 1.476 -8.371 206
      vertex 2.907 -7.987 206
    endloop
  endfacet
  facet normal 0.422 -0.906 0
    outer loop
      vertex 2.907 -7.987 200
      vertex 4.25 -7.361 200
      vertex 4.25 -7.361 206
    endloop
  endfacet
  facet normal 0.422 -0.906 0
    outer loop
      vertex 2.907 -7.987 200
      vertex 4.25 -7.361 206
      vertex 2.907 -7.987 206
    endloop
  endfacet
  facet normal 0 0 -1
    outer loop
      vertex 0 0 200
      vertex 4.25 -7.361 200
      vertex 2.907 -7.987 200
    endloop
  endfacet
  facet normal 0 0 1
    outer loop
      vertex 0 0 206
      vertex 2.907 -7.987 206
      vertex 4.25 -7.361 206
    endloop
  endfacet
  facet normal 0.574 -0.819 0
    outer loop
      vertex 4.25 -7.361 200
      vertex 5.464 -6.511 200
      vertex 5.464 -6.511 206
    endloop
  endfacet
  facet normal 0.574 -0.819 0
    outer loop
      vertex 4.25 -7.361 200
      vertex 5.464 -6.511 206
      vertex 4.25 -7.361 206
    endloop
  endfacet
  facet normal 0 0 -1
    outer loop
      vertex 0 0 200
      vertex 5.464 -6.511 200
      vertex 4.25 -7.361 200
    endloop
  endfacet
  facet normal 0 0 1
    outer loop
      vertex 0 0 206
      vertex 4.25 -7.361 206
      vertex 5.464 -6.511 206
    endloop
  endfacet
  facet normal 0.707 -0.707 0
    outer loop
      vertex 5.464 -6.511 200
      vertex 6.511 -5.464 200
      vertex 6.511 -5.464 206
    endloop
  endfacet
  facet normal 0.707 -0.707 0
    outer loop
      vertex 5.464 -6.511 200
      vertex 6.511 -5.464 206
      vertex 5.464 -6.511 206
    endloop
  endfacet
  facet normal 0 0 -1
    outer loop
      vertex 0 0 200
      vertex 6.511 -5.464 200
      vertex 5.464 -6.511 200
    endloop
  endfacet
  facet normal 0 0 1
    outer loop
      vertex 0 0 206
      vertex 5.464 -6.511 206
      vertex 6.511 -5.464 206
    endloop
  endfacet
  facet normal 0.819 -0.574 0
    outer loop
      vertex 6.511 -5.464 200
      vertex 7.361 -4.25 200
      vertex 7.361 -4.25 206
    endloop
  endfacet
  facet normal 0.819 -0.574 0
    outer loop
      vertex 6.511 -5.464 200
      vertex 7.361 -4.25 206
      vertex 6.511 -5.464 206
    endloop
  endfacet
  facet normal 0 0 -1
    outer loop
      vertex 0 0 200
      vertex 7.361 -4.25 200
      vertex 6.511 -5.464 200
    endloop
  endfacet
  facet normal 0 0 1
    outer loop
      vertex 0 0 206
      vertex 6.511 -5.464 206
      vertex 7.361 -4.25 206
    endloop
  endfacet
  facet normal 0.906 -0.422 0
    outer loop
      vertex 7.361 -4.25 200
      vertex 7.987 -2.907 200
      vertex 7.987 -2.907 206
    endloop
  endfacet
  facet normal 0.906 -0.422 0
    outer loop
      vertex 7.361 -4.25 200
      vertex 7.987 -2.907 206
      vertex 7.361 -4.25 206
    endloop
  endfacet
  facet normal 0 0 -1
    outer loop
      vertex 0 0 200
      vertex 7.987 -2.907 200
      vertex 7.361 -4.25 200
    endloop
  endfacet
  facet normal 0 0 1
    outer loop
      vertex 0 0 206
      vertex 7.361 -4.25 206
      vertex 7.987 -2.907 206
    endloop
  endfacet
  facet normal 0.966 -0.259 0
    outer loop
      vertex 7.987 -2.907 200
      vertex 8.371 -1.476 200
      vertex 8.371 -1.476 206
    endloop
  endfacet
  facet normal 0.966 -0.259 0
    outer loop
      vertex 7.987 -2.907 200
      vertex 8.371 -1.476 206
      vertex 7.987 -2.907 206
    endloop
  endfacet
  facet normal 0 0 -1
    outer loop
      vertex 0 0 200
      vertex 8.371 -1.476 200
      vertex 7.987 -2.907 200
    endloop
  endfacet
  facet normal 0 0 1
    outer loop
      vertex 0 0 206
      vertex 7.987 -2.907 206
      vertex 8.371 -1.476 206
    endloop
  endfacet
  facet normal 0.996 -0.087 0
    outer loop
      vertex 8.371 -1.476 200
      vertex 8.5 0 200
      vertex 8.5 0 206
    endloop
  endfacet
  facet normal 0.996 -0.087 0
    outer loop
      vertex 8.371 -1.476 200
      vertex 8.5 0 206
      vertex 8.371 -1.476 206
    endloop
  endfacet
  facet normal 0 0 -1
    outer loop
      vertex 0 0 200
      vertex 8.5 0 200
      vertex 8.371 -1.476 200
    endloop
  endfacet
  facet normal 0 0 1
    outer loop
      vertex 0 0 206
      vertex 8.371 -1.476 206
      vertex 8.5 0 206
    endloop
  endfacet
  facet normal 0.996 0.088 0
    outer loop
      vertex 5.3 0 205.6
      vertex 5.219 0.92 205.6
      vertex 5.219 0.92 206.8
    endloop
  endfacet
  facet normal 0.996 0.088 0
    outer loop
      vertex 5.3 0 205.6
      vertex 5.219 0.92 206.8
      vertex 5.3 0 206.8
    endloop
  endfacet
  facet normal 0 0 -1
    outer loop
      vertex 0 0 205.6
      vertex 5.219 0.92 205.6
      vertex 5.3 0 205.6
    endloop
  endfacet
  facet normal 0 0 1
    outer loop
      vertex 0 0 206.8
      vertex 5.3 0 206.8
      vertex 5.219 0.92 206.8
    endloop
  endfacet
  facet normal 0.966 0.259 0
    outer loop
      vertex 5.219 0.92 205.6
      vertex 4.98 1.813 205.6
      vertex 4.98 1.813 206.8
    endloop
  endfacet
  facet normal 0.966 0.259 0
    outer loop
      vertex 5.219 0.92 205.6
      vertex 4.98 1.813 206.8
      vertex 5.219 0.92 206.8
    endloop
  endfacet
  facet normal 0 0 -1
    outer loop
      vertex 0 0 205.6
      vertex 4.98 1.813 205.6
      vertex 5.219 0.92 205.6
    endloop
  endfacet
  facet normal 0 0 1
    outer loop
      vertex 0 0 206.8
      vertex 5.219 0.92 206.8
      vertex 4.98 1.813 206.8
    endloop
  endfacet
  facet normal 0.906 0.422 0
    outer loop
      vertex 4.98 1.813 205.6
      vertex 4.59 2.65 205.6
      vertex 4.59 2.65 206.8
    endloop
  endfacet
  facet normal 0.906 0.422 0
    outer loop
      vertex 4.98 1.813 205.6
      vertex 4.59 2.65 206.8
      vertex 4.98 1.813 206.8
    endloop
  endfacet
  facet normal 0 0 -1
    outer loop
      vertex 0 0 205.6
      vertex 4.59 2.65 205.6
      vertex 4.98 1.813 205.6
    endloop
  endfacet
  facet normal 0 0 1
    outer loop
      vertex 0 0 206.8
      vertex 4.98 1.813 206.8
      vertex 4.59 2.65 206.8
    endloop
  endfacet
  facet normal 0.819 0.574 0
    outer loop
      vertex 4.59 2.65 205.6
      vertex 4.06 3.407 205.6
      vertex 4.06 3.407 206.8
    endloop
  endfacet
  facet normal 0.819 0.574 0
    outer loop
      vertex 4.59 2.65 205.6
      vertex 4.06 3.407 206.8
      vertex 4.59 2.65 206.8
    endloop
  endfacet
  facet normal 0 0 -1
    outer loop
      vertex 0 0 205.6
      vertex 4.06 3.407 205.6
      vertex 4.59 2.65 205.6
    endloop
  endfacet
  facet normal 0 0 1
    outer loop
      vertex 0 0 206.8
      vertex 4.59 2.65 206.8
      vertex 4.06 3.407 206.8
    endloop
  endfacet
  facet normal 0.707 0.707 0
    outer loop
      vertex 4.06 3.407 205.6
      vertex 3.407 4.06 205.6
      vertex 3.407 4.06 206.8
    endloop
  endfacet
  facet normal 0.707 0.707 0
    outer loop
      vertex 4.06 3.407 205.6
      vertex 3.407 4.06 206.8
      vertex 4.06 3.407 206.8
    endloop
  endfacet
  facet normal 0 0 -1
    outer loop
      vertex 0 0 205.6
      vertex 3.407 4.06 205.6
      vertex 4.06 3.407 205.6
    endloop
  endfacet
  facet normal 0 0 1
    outer loop
      vertex 0 0 206.8
      vertex 4.06 3.407 206.8
      vertex 3.407 4.06 206.8
    endloop
  endfacet
  facet normal 0.574 0.819 0
    outer loop
      vertex 3.407 4.06 205.6
      vertex 2.65 4.59 205.6
      vertex 2.65 4.59 206.8
    endloop
  endfacet
  facet normal 0.574 0.819 0
    outer loop
      vertex 3.407 4.06 205.6
      vertex 2.65 4.59 206.8
      vertex 3.407 4.06 206.8
    endloop
  endfacet
  facet normal 0 0 -1
    outer loop
      vertex 0 0 205.6
      vertex 2.65 4.59 205.6
      vertex 3.407 4.06 205.6
    endloop
  endfacet
  facet normal 0 0 1
    outer loop
      vertex 0 0 206.8
      vertex 3.407 4.06 206.8
      vertex 2.65 4.59 206.8
    endloop
  endfacet
  facet normal 0.422 0.906 0
    outer loop
      vertex 2.65 4.59 205.6
      vertex 1.813 4.98 205.6
      vertex 1.813 4.98 206.8
    endloop
  endfacet
  facet normal 0.422 0.906 0
    outer loop
      vertex 2.65 4.59 205.6
      vertex 1.813 4.98 206.8
      vertex 2.65 4.59 206.8
    endloop
  endfacet
  facet normal 0 0 -1
    outer loop
      vertex 0 0 205.6
      vertex 1.813 4.98 205.6
      vertex 2.65 4.59 205.6
    endloop
  endfacet
  facet normal 0 0 1
    outer loop
      vertex 0 0 206.8
      vertex 2.65 4.59 206.8
      vertex 1.813 4.98 206.8
    endloop
  endfacet
  facet normal 0.259 0.966 0
    outer loop
      vertex 1.813 4.98 205.6
      vertex 0.92 5.219 205.6
      vertex 0.92 5.219 206.8
    endloop
  endfacet
  facet normal 0.259 0.966 0
    outer loop
      vertex 1.813 4.98 205.6
      vertex 0.92 5.219 206.8
      vertex 1.813 4.98 206.8
    endloop
  endfacet
  facet normal 0 0 -1
    outer loop
      vertex 0 0 205.6
      vertex 0.92 5.219 205.6
      vertex 1.813 4.98 205.6
    endloop
  endfacet
  facet normal 0 0 1
    outer loop
      vertex 0 0 206.8
      vertex 1.813 4.98 206.8
      vertex 0.92 5.219 206.8
    endloop
  endfacet
  facet normal 0.088 0.996 0
    outer loop
      vertex 0.92 5.219 205.6
      vertex 0 5.3 205.6
      vertex 0 5.3 206.8
    endloop
  endfacet
  facet normal 0.088 0.996 0
    outer loop
      vertex 0.92 5.219 205.6
      vertex 0 5.3 206.8
      vertex 0.92 5.219 206.8
    endloop
  endfacet
  facet normal 0 0 -1
    outer loop
      vertex 0 0 205.6
      vertex 0 5.3 205.6
      vertex 0.92 5.219 205.6
    endloop
  endfacet
  facet normal 0 0 1
    outer loop
      vertex 0 0 206.8
      vertex 0.92 5.219 206.8
      vertex 0 5.3 206.8
    endloop
  endfacet
  facet normal -0.088 0.996 0
    outer loop
      vertex 0 5.3 205.6
      vertex -0.92 5.219 205.6
      vertex -0.92 5.219 206.8
    endloop
  endfacet
  facet normal -0.088 0.996 0
    outer loop
      vertex 0 5.3 205.6
      vertex -0.92 5.219 206.8
      vertex 0 5.3 206.8
    endloop
  endfacet
  facet normal 0 0 -1
    outer loop
      vertex 0 0 205.6
      vertex -0.92 5.219 205.6
      vertex 0 5.3 205.6
    endloop
  endfacet
  facet normal 0 0 1
    outer loop
      vertex 0 0 206.8
      vertex 0 5.3 206.8
      vertex -0.92 5.219 206.8
    endloop
  endfacet
  facet normal -0.259 0.966 0
    outer loop
      vertex -0.92 5.219 205.6
      vertex -1.813 4.98 205.6
      vertex -1.813 4.98 206.8
    endloop
  endfacet
  facet normal -0.259 0.966 0
    outer loop
      vertex -0.92 5.219 205.6
      vertex -1.813 4.98 206.8
      vertex -0.92 5.219 206.8
    endloop
  endfacet
  facet normal 0 0 -1
    outer loop
      vertex 0 0 205.6
      vertex -1.813 4.98 205.6
      vertex -0.92 5.219 205.6
    endloop
  endfacet
  facet normal 0 0 1
    outer loop
      vertex 0 0 206.8
      vertex -0.92 5.219 206.8
      vertex -1.813 4.98 206.8
    endloop
  endfacet
  facet normal -0.422 0.906 0
    outer loop
      vertex -1.813 4.98 205.6
      vertex -2.65 4.59 205.6
      vertex -2.65 4.59 206.8
    endloop
  endfacet
  facet normal -0.422 0.906 0
    outer loop
      vertex -1.813 4.98 205.6
      vertex -2.65 4.59 206.8
      vertex -1.813 4.98 206.8
    endloop
  endfacet
  facet normal 0 0 -1
    outer loop
      vertex 0 0 205.6
      vertex -2.65 4.59 205.6
      vertex -1.813 4.98 205.6
    endloop
  endfacet
  facet normal 0 0 1
    outer loop
      vertex 0 0 206.8
      vertex -1.813 4.98 206.8
      vertex -2.65 4.59 206.8
    endloop
  endfacet
  facet normal -0.574 0.819 0
    outer loop
      vertex -2.65 4.59 205.6
      vertex -3.407 4.06 205.6
      vertex -3.407 4.06 206.8
    endloop
  endfacet
  facet normal -0.574 0.819 0
    outer loop
      vertex -2.65 4.59 205.6
      vertex -3.407 4.06 206.8
      vertex -2.65 4.59 206.8
    endloop
  endfacet
  facet normal 0 0 -1
    outer loop
      vertex 0 0 205.6
      vertex -3.407 4.06 205.6
      vertex -2.65 4.59 205.6
    endloop
  endfacet
  facet normal 0 0 1
    outer loop
      vertex 0 0 206.8
      vertex -2.65 4.59 206.8
      vertex -3.407 4.06 206.8
    endloop
  endfacet
  facet normal -0.707 0.707 0
    outer loop
      vertex -3.407 4.06 205.6
      vertex -4.06 3.407 205.6
      vertex -4.06 3.407 206.8
    endloop
  endfacet
  facet normal -0.707 0.707 0
    outer loop
      vertex -3.407 4.06 205.6
      vertex -4.06 3.407 206.8
      vertex -3.407 4.06 206.8
    endloop
  endfacet
  facet normal 0 0 -1
    outer loop
      vertex 0 0 205.6
      vertex -4.06 3.407 205.6
      vertex -3.407 4.06 205.6
    endloop
  endfacet
  facet normal 0 0 1
    outer loop
      vertex 0 0 206.8
      vertex -3.407 4.06 206.8
      vertex -4.06 3.407 206.8
    endloop
  endfacet
  facet normal -0.819 0.574 0
    outer loop
      vertex -4.06 3.407 205.6
      vertex -4.59 2.65 205.6
      vertex -4.59 2.65 206.8
    endloop
  endfacet
  facet normal -0.819 0.574 0
    outer loop
      vertex -4.06 3.407 205.6
      vertex -4.59 2.65 206.8
      vertex -4.06 3.407 206.8
    endloop
  endfacet
  facet normal 0 0 -1
    outer loop
      vertex 0 0 205.6
      vertex -4.59 2.65 205.6
      vertex -4.06 3.407 205.6
    endloop
  endfacet
  facet normal 0 0 1
    outer loop
      vertex 0 0 206.8
      vertex -4.06 3.407 206.8
      vertex -4.59 2.65 206.8
    endloop
  endfacet
  facet normal -0.906 0.422 0
    outer loop
      vertex -4.59 2.65 205.6
      vertex -4.98 1.813 205.6
      vertex -4.98 1.813 206.8
    endloop
  endfacet
  facet normal -0.906 0.422 0
    outer loop
      vertex -4.59 2.65 205.6
      vertex -4.98 1.813 206.8
      vertex -4.59 2.65 206.8
    endloop
  endfacet
  facet normal 0 0 -1
    outer loop
      vertex 0 0 205.6
      vertex -4.98 1.813 205.6
      vertex -4.59 2.65 205.6
    endloop
  endfacet
  facet normal 0 0 1
    outer loop
      vertex 0 0 206.8
      vertex -4.59 2.65 206.8
      vertex -4.98 1.813 206.8
    endloop
  endfacet
  facet normal -0.966 0.259 0
    outer loop
      vertex -4.98 1.813 205.6
      vertex -5.219 0.92 205.6
      vertex -5.219 0.92 206.8
    endloop
  endfacet
  facet normal -0.966 0.259 0
    outer loop
      vertex -4.98 1.813 205.6
      vertex -5.219 0.92 206.8
      vertex -4.98 1.813 206.8
    endloop
  endfacet
  facet normal 0 0 -1
    outer loop
      vertex 0 0 205.6
      vertex -5.219 0.92 205.6
      vertex -4.98 1.813 205.6
    endloop
  endfacet
  facet normal 0 0 1
    outer loop
      vertex 0 0 206.8
      vertex -4.98 1.813 206.8
      vertex -5.219 0.92 206.8
    endloop
  endfacet
  facet normal -0.996 0.088 0
    outer loop
      vertex -5.219 0.92 205.6
      vertex -5.3 0 205.6
      vertex -5.3 0 206.8
    endloop
  endfacet
  facet normal -0.996 0.088 0
    outer loop
      vertex -5.219 0.92 205.6
      vertex -5.3 0 206.8
      vertex -5.219 0.92 206.8
    endloop
  endfacet
  facet normal 0 0 -1
    outer loop
      vertex 0 0 205.6
      vertex -5.3 0 205.6
      vertex -5.219 0.92 205.6
    endloop
  endfacet
  facet normal 0 0 1
    outer loop
      vertex 0 0 206.8
      vertex -5.219 0.92 206.8
      vertex -5.3 0 206.8
    endloop
  endfacet
  facet normal -0.996 -0.088 0
    outer loop
      vertex -5.3 0 205.6
      vertex -5.219 -0.92 205.6
      vertex -5.219 -0.92 206.8
    endloop
  endfacet
  facet normal -0.996 -0.088 0
    outer loop
      vertex -5.3 0 205.6
      vertex -5.219 -0.92 206.8
      vertex -5.3 0 206.8
    endloop
  endfacet
  facet normal 0 0 -1
    outer loop
      vertex 0 0 205.6
      vertex -5.219 -0.92 205.6
      vertex -5.3 0 205.6
    endloop
  endfacet
  facet normal 0 0 1
    outer loop
      vertex 0 0 206.8
      vertex -5.3 0 206.8
      vertex -5.219 -0.92 206.8
    endloop
  endfacet
  facet normal -0.966 -0.259 0
    outer loop
      vertex -5.219 -0.92 205.6
      vertex -4.98 -1.813 205.6
      vertex -4.98 -1.813 206.8
    endloop
  endfacet
  facet normal -0.966 -0.259 0
    outer loop
      vertex -5.219 -0.92 205.6
      vertex -4.98 -1.813 206.8
      vertex -5.219 -0.92 206.8
    endloop
  endfacet
  facet normal 0 0 -1
    outer loop
      vertex 0 0 205.6
      vertex -4.98 -1.813 205.6
      vertex -5.219 -0.92 205.6
    endloop
  endfacet
  facet normal 0 0 1
    outer loop
      vertex 0 0 206.8
      vertex -5.219 -0.92 206.8
      vertex -4.98 -1.813 206.8
    endloop
  endfacet
  facet normal -0.906 -0.422 0
    outer loop
      vertex -4.98 -1.813 205.6
      vertex -4.59 -2.65 205.6
      vertex -4.59 -2.65 206.8
    endloop
  endfacet
  facet normal -0.906 -0.422 0
    outer loop
      vertex -4.98 -1.813 205.6
      vertex -4.59 -2.65 206.8
      vertex -4.98 -1.813 206.8
    endloop
  endfacet
  facet normal 0 0 -1
    outer loop
      vertex 0 0 205.6
      vertex -4.59 -2.65 205.6
      vertex -4.98 -1.813 205.6
    endloop
  endfacet
  facet normal 0 0 1
    outer loop
      vertex 0 0 206.8
      vertex -4.98 -1.813 206.8
      vertex -4.59 -2.65 206.8
    endloop
  endfacet
  facet normal -0.819 -0.574 0
    outer loop
      vertex -4.59 -2.65 205.6
      vertex -4.06 -3.407 205.6
      vertex -4.06 -3.407 206.8
    endloop
  endfacet
  facet normal -0.819 -0.574 0
    outer loop
      vertex -4.59 -2.65 205.6
      vertex -4.06 -3.407 206.8
      vertex -4.59 -2.65 206.8
    endloop
  endfacet
  facet normal 0 0 -1
    outer loop
      vertex 0 0 205.6
      vertex -4.06 -3.407 205.6
      vertex -4.59 -2.65 205.6
    endloop
  endfacet
  facet normal 0 0 1
    outer loop
      vertex 0 0 206.8
      vertex -4.59 -2.65 206.8
      vertex -4.06 -3.407 206.8
    endloop
  endfacet
  facet normal -0.707 -0.707 0
    outer loop
      vertex -4.06 -3.407 205.6
      vertex -3.407 -4.06 205.6
      vertex -3.407 -4.06 206.8
    endloop
  endfacet
  facet normal -0.707 -0.707 0
    outer loop
      vertex -4.06 -3.407 205.6
      vertex -3.407 -4.06 206.8
      vertex -4.06 -3.407 206.8
    endloop
  endfacet
  facet normal 0 0 -1
    outer loop
      vertex 0 0 205.6
      vertex -3.407 -4.06 205.6
      vertex -4.06 -3.407 205.6
    endloop
  endfacet
  facet normal 0 0 1
    outer loop
      vertex 0 0 206.8
      vertex -4.06 -3.407 206.8
      vertex -3.407 -4.06 206.8
    endloop
  endfacet
  facet normal -0.574 -0.819 0
    outer loop
      vertex -3.407 -4.06 205.6
      vertex -2.65 -4.59 205.6
      vertex -2.65 -4.59 206.8
    endloop
  endfacet
  facet normal -0.574 -0.819 0
    outer loop
      vertex -3.407 -4.06 205.6
      vertex -2.65 -4.59 206.8
      vertex -3.407 -4.06 206.8
    endloop
  endfacet
  facet normal 0 0 -1
    outer loop
      vertex 0 0 205.6
      vertex -2.65 -4.59 205.6
      vertex -3.407 -4.06 205.6
    endloop
  endfacet
  facet normal 0 0 1
    outer loop
      vertex 0 0 206.8
      vertex -3.407 -4.06 206.8
      vertex -2.65 -4.59 206.8
    endloop
  endfacet
  facet normal -0.422 -0.906 0
    outer loop
      vertex -2.65 -4.59 205.6
      vertex -1.813 -4.98 205.6
      vertex -1.813 -4.98 206.8
    endloop
  endfacet
  facet normal -0.422 -0.906 0
    outer loop
      vertex -2.65 -4.59 205.6
      vertex -1.813 -4.98 206.8
      vertex -2.65 -4.59 206.8
    endloop
  endfacet
  facet normal 0 0 -1
    outer loop
      vertex 0 0 205.6
      vertex -1.813 -4.98 205.6
      vertex -2.65 -4.59 205.6
    endloop
  endfacet
  facet normal 0 0 1
    outer loop
      vertex 0 0 206.8
      vertex -2.65 -4.59 206.8
      vertex -1.813 -4.98 206.8
    endloop
  endfacet
  facet normal -0.259 -0.966 0
    outer loop
      vertex -1.813 -4.98 205.6
      vertex -0.92 -5.219 205.6
      vertex -0.92 -5.219 206.8
    endloop
  endfacet
  facet normal -0.259 -0.966 0
    outer loop
      vertex -1.813 -4.98 205.6
      vertex -0.92 -5.219 206.8
      vertex -1.813 -4.98 206.8
    endloop
  endfacet
  facet normal 0 0 -1
    outer loop
      vertex 0 0 205.6
      vertex -0.92 -5.219 205.6
      vertex -1.813 -4.98 205.6
    endloop
  endfacet
  facet normal 0 0 1
    outer loop
      vertex 0 0 206.8
      vertex -1.813 -4.98 206.8
      vertex -0.92 -5.219 206.8
    endloop
  endfacet
  facet normal -0.088 -0.996 0
    outer loop
      vertex -0.92 -5.219 205.6
      vertex 0 -5.3 205.6
      vertex 0 -5.3 206.8
    endloop
  endfacet
  facet normal -0.088 -0.996 0
    outer loop
      vertex -0.92 -5.219 205.6
      vertex 0 -5.3 206.8
      vertex -0.92 -5.219 206.8
    endloop
  endfacet
  facet normal 0 0 -1
    outer loop
      vertex 0 0 205.6
      vertex 0 -5.3 205.6
      vertex -0.92 -5.219 205.6
    endloop
  endfacet
  facet normal 0 0 1
    outer loop
      vertex 0 0 206.8
      vertex -0.92 -5.219 206.8
      vertex 0 -5.3 206.8
    endloop
  endfacet
  facet normal 0.088 -0.996 0
    outer loop
      vertex 0 -5.3 205.6
      vertex 0.92 -5.219 205.6
      vertex 0.92 -5.219 206.8
    endloop
  endfacet
  facet normal 0.088 -0.996 0
    outer loop
      vertex 0 -5.3 205.6
      vertex 0.92 -5.219 206.8
      vertex 0 -5.3 206.8
    endloop
  endfacet
  facet normal 0 0 -1
    outer loop
      vertex 0 0 205.6
      vertex 0.92 -5.219 205.6
      vertex 0 -5.3 205.6
    endloop
  endfacet
  facet normal 0 0 1
    outer loop
      vertex 0 0 206.8
      vertex 0 -5.3 206.8
      vertex 0.92 -5.219 206.8
    endloop
  endfacet
  facet normal 0.259 -0.966 0
    outer loop
      vertex 0.92 -5.219 205.6
      vertex 1.813 -4.98 205.6
      vertex 1.813 -4.98 206.8
    endloop
  endfacet
  facet normal 0.259 -0.966 0
    outer loop
      vertex 0.92 -5.219 205.6
      vertex 1.813 -4.98 206.8
      vertex 0.92 -5.219 206.8
    endloop
  endfacet
  facet normal 0 0 -1
    outer loop
      vertex 0 0 205.6
      vertex 1.813 -4.98 205.6
      vertex 0.92 -5.219 205.6
    endloop
  endfacet
  facet normal 0 0 1
    outer loop
      vertex 0 0 206.8
      vertex 0.92 -5.219 206.8
      vertex 1.813 -4.98 206.8
    endloop
  endfacet
  facet normal 0.422 -0.906 0
    outer loop
      vertex 1.813 -4.98 205.6
      vertex 2.65 -4.59 205.6
      vertex 2.65 -4.59 206.8
    endloop
  endfacet
  facet normal 0.422 -0.906 0
    outer loop
      vertex 1.813 -4.98 205.6
      vertex 2.65 -4.59 206.8
      vertex 1.813 -4.98 206.8
    endloop
  endfacet
  facet normal 0 0 -1
    outer loop
      vertex 0 0 205.6
      vertex 2.65 -4.59 205.6
      vertex 1.813 -4.98 205.6
    endloop
  endfacet
  facet normal 0 0 1
    outer loop
      vertex 0 0 206.8
      vertex 1.813 -4.98 206.8
      vertex 2.65 -4.59 206.8
    endloop
  endfacet
  facet normal 0.574 -0.819 0
    outer loop
      vertex 2.65 -4.59 205.6
      vertex 3.407 -4.06 205.6
      vertex 3.407 -4.06 206.8
    endloop
  endfacet
  facet normal 0.574 -0.819 0
    outer loop
      vertex 2.65 -4.59 205.6
      vertex 3.407 -4.06 206.8
      vertex 2.65 -4.59 206.8
    endloop
  endfacet
  facet normal 0 0 -1
    outer loop
      vertex 0 0 205.6
      vertex 3.407 -4.06 205.6
      vertex 2.65 -4.59 205.6
    endloop
  endfacet
  facet normal 0 0 1
    outer loop
      vertex 0 0 206.8
      vertex 2.65 -4.59 206.8
      vertex 3.407 -4.06 206.8
    endloop
  endfacet
  facet normal 0.707 -0.707 0
    outer loop
      vertex 3.407 -4.06 205.6
      vertex 4.06 -3.407 205.6
      vertex 4.06 -3.407 206.8
    endloop
  endfacet
  facet normal 0.707 -0.707 0
    outer loop
      vertex 3.407 -4.06 205.6
      vertex 4.06 -3.407 206.8
      vertex 3.407 -4.06 206.8
    endloop
  endfacet
  facet normal 0 0 -1
    outer loop
      vertex 0 0 205.6
      vertex 4.06 -3.407 205.6
      vertex 3.407 -4.06 205.6
    endloop
  endfacet
  facet normal 0 0 1
    outer loop
      vertex 0 0 206.8
      vertex 3.407 -4.06 206.8
      vertex 4.06 -3.407 206.8
    endloop
  endfacet
  facet normal 0.819 -0.574 0
    outer loop
      vertex 4.06 -3.407 205.6
      vertex 4.59 -2.65 205.6
      vertex 4.59 -2.65 206.8
    endloop
  endfacet
  facet normal 0.819 -0.574 0
    outer loop
      vertex 4.06 -3.407 205.6
      vertex 4.59 -2.65 206.8
      vertex 4.06 -3.407 206.8
    endloop
  endfacet
  facet normal 0 0 -1
    outer loop
      vertex 0 0 205.6
      vertex 4.59 -2.65 205.6
      vertex 4.06 -3.407 205.6
    endloop
  endfacet
  facet normal 0 0 1
    outer loop
      vertex 0 0 206.8
      vertex 4.06 -3.407 206.8
      vertex 4.59 -2.65 206.8
    endloop
  endfacet
  facet normal 0.906 -0.422 0
    outer loop
      vertex 4.59 -2.65 205.6
      vertex 4.98 -1.813 205.6
      vertex 4.98 -1.813 206.8
    endloop
  endfacet
  facet normal 0.906 -0.422 0
    outer loop
      vertex 4.59 -2.65 205.6
      vertex 4.98 -1.813 206.8
      vertex 4.59 -2.65 206.8
    endloop
  endfacet
  facet normal 0 0 -1
    outer loop
      vertex 0 0 205.6
      vertex 4.98 -1.813 205.6
      vertex 4.59 -2.65 205.6
    endloop
  endfacet
  facet normal 0 0 1
    outer loop
      vertex 0 0 206.8
      vertex 4.59 -2.65 206.8
      vertex 4.98 -1.813 206.8
    endloop
  endfacet
  facet normal 0.966 -0.259 0
    outer loop
      vertex 4.98 -1.813 205.6
      vertex 5.219 -0.92 205.6
      vertex 5.219 -0.92 206.8
    endloop
  endfacet
  facet normal 0.966 -0.259 0
    outer loop
      vertex 4.98 -1.813 205.6
      vertex 5.219 -0.92 206.8
      vertex 4.98 -1.813 206.8
    endloop
  endfacet
  facet normal 0 0 -1
    outer loop
      vertex 0 0 205.6
      vertex 5.219 -0.92 205.6
      vertex 4.98 -1.813 205.6
    endloop
  endfacet
  facet normal 0 0 1
    outer loop
      vertex 0 0 206.8
      vertex 4.98 -1.813 206.8
      vertex 5.219 -0.92 206.8
    endloop
  endfacet
  facet normal 0.996 -0.088 0
    outer loop
      vertex 5.219 -0.92 205.6
      vertex 5.3 0 205.6
      vertex 5.3 0 206.8
    endloop
  endfacet
  facet normal 0.996 -0.088 0
    outer loop
      vertex 5.219 -0.92 205.6
      vertex 5.3 0 206.8
      vertex 5.219 -0.92 206.8
    endloop
  endfacet
  facet normal 0 0 -1
    outer loop
      vertex 0 0 205.6
      vertex 5.3 0 205.6
      vertex 5.219 -0.92 205.6
    endloop
  endfacet
  facet normal 0 0 1
    outer loop
      vertex 0 0 206.8
      vertex 5.219 -0.92 206.8
      vertex 5.3 0 206.8
    endloop
  endfacet
  facet normal 0.995 0.104 0
    outer loop
      vertex 2.3 0 206.35
      vertex 2.25 0.478 206.35
      vertex 2.25 0.478 207.65
    endloop
  endfacet
  facet normal 0.995 0.104 0
    outer loop
      vertex 2.3 0 206.35
      vertex 2.25 0.478 207.65
      vertex 2.3 0 207.65
    endloop
  endfacet
  facet normal 0 0 -1
    outer loop
      vertex 0 0 206.35
      vertex 2.25 0.478 206.35
      vertex 2.3 0 206.35
    endloop
  endfacet
  facet normal 0 0 1
    outer loop
      vertex 0 0 207.65
      vertex 2.3 0 207.65
      vertex 2.25 0.478 207.65
    endloop
  endfacet
  facet normal 0.951 0.31 0
    outer loop
      vertex 2.25 0.478 206.35
      vertex 2.101 0.935 206.35
      vertex 2.101 0.935 207.65
    endloop
  endfacet
  facet normal 0.951 0.31 0
    outer loop
      vertex 2.25 0.478 206.35
      vertex 2.101 0.935 207.65
      vertex 2.25 0.478 207.65
    endloop
  endfacet
  facet normal 0 0 -1
    outer loop
      vertex 0 0 206.35
      vertex 2.101 0.935 206.35
      vertex 2.25 0.478 206.35
    endloop
  endfacet
  facet normal 0 0 1
    outer loop
      vertex 0 0 207.65
      vertex 2.25 0.478 207.65
      vertex 2.101 0.935 207.65
    endloop
  endfacet
  facet normal 0.867 0.499 0
    outer loop
      vertex 2.101 0.935 206.35
      vertex 1.861 1.352 206.35
      vertex 1.861 1.352 207.65
    endloop
  endfacet
  facet normal 0.867 0.499 0
    outer loop
      vertex 2.101 0.935 206.35
      vertex 1.861 1.352 207.65
      vertex 2.101 0.935 207.65
    endloop
  endfacet
  facet normal 0 0 -1
    outer loop
      vertex 0 0 206.35
      vertex 1.861 1.352 206.35
      vertex 2.101 0.935 206.35
    endloop
  endfacet
  facet normal 0 0 1
    outer loop
      vertex 0 0 207.65
      vertex 2.101 0.935 207.65
      vertex 1.861 1.352 207.65
    endloop
  endfacet
  facet normal 0.743 0.67 0
    outer loop
      vertex 1.861 1.352 206.35
      vertex 1.539 1.709 206.35
      vertex 1.539 1.709 207.65
    endloop
  endfacet
  facet normal 0.743 0.67 0
    outer loop
      vertex 1.861 1.352 206.35
      vertex 1.539 1.709 207.65
      vertex 1.861 1.352 207.65
    endloop
  endfacet
  facet normal 0 0 -1
    outer loop
      vertex 0 0 206.35
      vertex 1.539 1.709 206.35
      vertex 1.861 1.352 206.35
    endloop
  endfacet
  facet normal 0 0 1
    outer loop
      vertex 0 0 207.65
      vertex 1.861 1.352 207.65
      vertex 1.539 1.709 207.65
    endloop
  endfacet
  facet normal 0.588 0.809 0
    outer loop
      vertex 1.539 1.709 206.35
      vertex 1.15 1.992 206.35
      vertex 1.15 1.992 207.65
    endloop
  endfacet
  facet normal 0.588 0.809 0
    outer loop
      vertex 1.539 1.709 206.35
      vertex 1.15 1.992 207.65
      vertex 1.539 1.709 207.65
    endloop
  endfacet
  facet normal 0 0 -1
    outer loop
      vertex 0 0 206.35
      vertex 1.15 1.992 206.35
      vertex 1.539 1.709 206.35
    endloop
  endfacet
  facet normal 0 0 1
    outer loop
      vertex 0 0 207.65
      vertex 1.539 1.709 207.65
      vertex 1.15 1.992 207.65
    endloop
  endfacet
  facet normal 0.406 0.914 0
    outer loop
      vertex 1.15 1.992 206.35
      vertex 0.711 2.187 206.35
      vertex 0.711 2.187 207.65
    endloop
  endfacet
  facet normal 0.406 0.914 0
    outer loop
      vertex 1.15 1.992 206.35
      vertex 0.711 2.187 207.65
      vertex 1.15 1.992 207.65
    endloop
  endfacet
  facet normal 0 0 -1
    outer loop
      vertex 0 0 206.35
      vertex 0.711 2.187 206.35
      vertex 1.15 1.992 206.35
    endloop
  endfacet
  facet normal 0 0 1
    outer loop
      vertex 0 0 207.65
      vertex 1.15 1.992 207.65
      vertex 0.711 2.187 207.65
    endloop
  endfacet
  facet normal 0.208 0.978 0
    outer loop
      vertex 0.711 2.187 206.35
      vertex 0.24 2.287 206.35
      vertex 0.24 2.287 207.65
    endloop
  endfacet
  facet normal 0.208 0.978 0
    outer loop
      vertex 0.711 2.187 206.35
      vertex 0.24 2.287 207.65
      vertex 0.711 2.187 207.65
    endloop
  endfacet
  facet normal 0 0 -1
    outer loop
      vertex 0 0 206.35
      vertex 0.24 2.287 206.35
      vertex 0.711 2.187 206.35
    endloop
  endfacet
  facet normal 0 0 1
    outer loop
      vertex 0 0 207.65
      vertex 0.711 2.187 207.65
      vertex 0.24 2.287 207.65
    endloop
  endfacet
  facet normal 0 1 0
    outer loop
      vertex 0.24 2.287 206.35
      vertex -0.24 2.287 206.35
      vertex -0.24 2.287 207.65
    endloop
  endfacet
  facet normal 0 1 0
    outer loop
      vertex 0.24 2.287 206.35
      vertex -0.24 2.287 207.65
      vertex 0.24 2.287 207.65
    endloop
  endfacet
  facet normal 0 0 -1
    outer loop
      vertex 0 0 206.35
      vertex -0.24 2.287 206.35
      vertex 0.24 2.287 206.35
    endloop
  endfacet
  facet normal 0 0 1
    outer loop
      vertex 0 0 207.65
      vertex 0.24 2.287 207.65
      vertex -0.24 2.287 207.65
    endloop
  endfacet
  facet normal -0.208 0.978 0
    outer loop
      vertex -0.24 2.287 206.35
      vertex -0.711 2.187 206.35
      vertex -0.711 2.187 207.65
    endloop
  endfacet
  facet normal -0.208 0.978 0
    outer loop
      vertex -0.24 2.287 206.35
      vertex -0.711 2.187 207.65
      vertex -0.24 2.287 207.65
    endloop
  endfacet
  facet normal 0 0 -1
    outer loop
      vertex 0 0 206.35
      vertex -0.711 2.187 206.35
      vertex -0.24 2.287 206.35
    endloop
  endfacet
  facet normal 0 0 1
    outer loop
      vertex 0 0 207.65
      vertex -0.24 2.287 207.65
      vertex -0.711 2.187 207.65
    endloop
  endfacet
  facet normal -0.406 0.914 0
    outer loop
      vertex -0.711 2.187 206.35
      vertex -1.15 1.992 206.35
      vertex -1.15 1.992 207.65
    endloop
  endfacet
  facet normal -0.406 0.914 0
    outer loop
      vertex -0.711 2.187 206.35
      vertex -1.15 1.992 207.65
      vertex -0.711 2.187 207.65
    endloop
  endfacet
  facet normal 0 0 -1
    outer loop
      vertex 0 0 206.35
      vertex -1.15 1.992 206.35
      vertex -0.711 2.187 206.35
    endloop
  endfacet
  facet normal 0 0 1
    outer loop
      vertex 0 0 207.65
      vertex -0.711 2.187 207.65
      vertex -1.15 1.992 207.65
    endloop
  endfacet
  facet normal -0.588 0.809 0
    outer loop
      vertex -1.15 1.992 206.35
      vertex -1.539 1.709 206.35
      vertex -1.539 1.709 207.65
    endloop
  endfacet
  facet normal -0.588 0.809 0
    outer loop
      vertex -1.15 1.992 206.35
      vertex -1.539 1.709 207.65
      vertex -1.15 1.992 207.65
    endloop
  endfacet
  facet normal 0 0 -1
    outer loop
      vertex 0 0 206.35
      vertex -1.539 1.709 206.35
      vertex -1.15 1.992 206.35
    endloop
  endfacet
  facet normal 0 0 1
    outer loop
      vertex 0 0 207.65
      vertex -1.15 1.992 207.65
      vertex -1.539 1.709 207.65
    endloop
  endfacet
  facet normal -0.743 0.67 0
    outer loop
      vertex -1.539 1.709 206.35
      vertex -1.861 1.352 206.35
      vertex -1.861 1.352 207.65
    endloop
  endfacet
  facet normal -0.743 0.67 0
    outer loop
      vertex -1.539 1.709 206.35
      vertex -1.861 1.352 207.65
      vertex -1.539 1.709 207.65
    endloop
  endfacet
  facet normal 0 0 -1
    outer loop
      vertex 0 0 206.35
      vertex -1.861 1.352 206.35
      vertex -1.539 1.709 206.35
    endloop
  endfacet
  facet normal 0 0 1
    outer loop
      vertex 0 0 207.65
      vertex -1.539 1.709 207.65
      vertex -1.861 1.352 207.65
    endloop
  endfacet
  facet normal -0.867 0.499 0
    outer loop
      vertex -1.861 1.352 206.35
      vertex -2.101 0.935 206.35
      vertex -2.101 0.935 207.65
    endloop
  endfacet
  facet normal -0.867 0.499 0
    outer loop
      vertex -1.861 1.352 206.35
      vertex -2.101 0.935 207.65
      vertex -1.861 1.352 207.65
    endloop
  endfacet
  facet normal 0 0 -1
    outer loop
      vertex 0 0 206.35
      vertex -2.101 0.935 206.35
      vertex -1.861 1.352 206.35
    endloop
  endfacet
  facet normal 0 0 1
    outer loop
      vertex 0 0 207.65
      vertex -1.861 1.352 207.65
      vertex -2.101 0.935 207.65
    endloop
  endfacet
  facet normal -0.951 0.31 0
    outer loop
      vertex -2.101 0.935 206.35
      vertex -2.25 0.478 206.35
      vertex -2.25 0.478 207.65
    endloop
  endfacet
  facet normal -0.951 0.31 0
    outer loop
      vertex -2.101 0.935 206.35
      vertex -2.25 0.478 207.65
      vertex -2.101 0.935 207.65
    endloop
  endfacet
  facet normal 0 0 -1
    outer loop
      vertex 0 0 206.35
      vertex -2.25 0.478 206.35
      vertex -2.101 0.935 206.35
    endloop
  endfacet
  facet normal 0 0 1
    outer loop
      vertex 0 0 207.65
      vertex -2.101 0.935 207.65
      vertex -2.25 0.478 207.65
    endloop
  endfacet
  facet normal -0.995 0.104 0
    outer loop
      vertex -2.25 0.478 206.35
      vertex -2.3 0 206.35
      vertex -2.3 0 207.65
    endloop
  endfacet
  facet normal -0.995 0.104 0
    outer loop
      vertex -2.25 0.478 206.35
      vertex -2.3 0 207.65
      vertex -2.25 0.478 207.65
    endloop
  endfacet
  facet normal 0 0 -1
    outer loop
      vertex 0 0 206.35
      vertex -2.3 0 206.35
      vertex -2.25 0.478 206.35
    endloop
  endfacet
  facet normal 0 0 1
    outer loop
      vertex 0 0 207.65
      vertex -2.25 0.478 207.65
      vertex -2.3 0 207.65
    endloop
  endfacet
  facet normal -0.995 -0.104 0
    outer loop
      vertex -2.3 0 206.35
      vertex -2.25 -0.478 206.35
      vertex -2.25 -0.478 207.65
    endloop
  endfacet
  facet normal -0.995 -0.104 0
    outer loop
      vertex -2.3 0 206.35
      vertex -2.25 -0.478 207.65
      vertex -2.3 0 207.65
    endloop
  endfacet
  facet normal 0 0 -1
    outer loop
      vertex 0 0 206.35
      vertex -2.25 -0.478 206.35
      vertex -2.3 0 206.35
    endloop
  endfacet
  facet normal 0 0 1
    outer loop
      vertex 0 0 207.65
      vertex -2.3 0 207.65
      vertex -2.25 -0.478 207.65
    endloop
  endfacet
  facet normal -0.951 -0.31 0
    outer loop
      vertex -2.25 -0.478 206.35
      vertex -2.101 -0.935 206.35
      vertex -2.101 -0.935 207.65
    endloop
  endfacet
  facet normal -0.951 -0.31 0
    outer loop
      vertex -2.25 -0.478 206.35
      vertex -2.101 -0.935 207.65
      vertex -2.25 -0.478 207.65
    endloop
  endfacet
  facet normal 0 0 -1
    outer loop
      vertex 0 0 206.35
      vertex -2.101 -0.935 206.35
      vertex -2.25 -0.478 206.35
    endloop
  endfacet
  facet normal 0 0 1
    outer loop
      vertex 0 0 207.65
      vertex -2.25 -0.478 207.65
      vertex -2.101 -0.935 207.65
    endloop
  endfacet
  facet normal -0.867 -0.499 0
    outer loop
      vertex -2.101 -0.935 206.35
      vertex -1.861 -1.352 206.35
      vertex -1.861 -1.352 207.65
    endloop
  endfacet
  facet normal -0.867 -0.499 0
    outer loop
      vertex -2.101 -0.935 206.35
      vertex -1.861 -1.352 207.65
      vertex -2.101 -0.935 207.65
    endloop
  endfacet
  facet normal 0 0 -1
    outer loop
      vertex 0 0 206.35
      vertex -1.861 -1.352 206.35
      vertex -2.101 -0.935 206.35
    endloop
  endfacet
  facet normal 0 0 1
    outer loop
      vertex 0 0 207.65
      vertex -2.101 -0.935 207.65
      vertex -1.861 -1.352 207.65
    endloop
  endfacet
  facet normal -0.743 -0.67 0
    outer loop
      vertex -1.861 -1.352 206.35
      vertex -1.539 -1.709 206.35
      vertex -1.539 -1.709 207.65
    endloop
  endfacet
  facet normal -0.743 -0.67 0
    outer loop
      vertex -1.861 -1.352 206.35
      vertex -1.539 -1.709 207.65
      vertex -1.861 -1.352 207.65
    endloop
  endfacet
  facet normal 0 0 -1
    outer loop
      vertex 0 0 206.35
      vertex -1.539 -1.709 206.35
      vertex -1.861 -1.352 206.35
    endloop
  endfacet
  facet normal 0 0 1
    outer loop
      vertex 0 0 207.65
      vertex -1.861 -1.352 207.65
      vertex -1.539 -1.709 207.65
    endloop
  endfacet
  facet normal -0.588 -0.809 0
    outer loop
      vertex -1.539 -1.709 206.35
      vertex -1.15 -1.992 206.35
      vertex -1.15 -1.992 207.65
    endloop
  endfacet
  facet normal -0.588 -0.809 0
    outer loop
      vertex -1.539 -1.709 206.35
      vertex -1.15 -1.992 207.65
      vertex -1.539 -1.709 207.65
    endloop
  endfacet
  facet normal 0 0 -1
    outer loop
      vertex 0 0 206.35
      vertex -1.15 -1.992 206.35
      vertex -1.539 -1.709 206.35
    endloop
  endfacet
  facet normal 0 0 1
    outer loop
      vertex 0 0 207.65
      vertex -1.539 -1.709 207.65
      vertex -1.15 -1.992 207.65
    endloop
  endfacet
  facet normal -0.406 -0.914 0
    outer loop
      vertex -1.15 -1.992 206.35
      vertex -0.711 -2.187 206.35
      vertex -0.711 -2.187 207.65
    endloop
  endfacet
  facet normal -0.406 -0.914 0
    outer loop
      vertex -1.15 -1.992 206.35
      vertex -0.711 -2.187 207.65
      vertex -1.15 -1.992 207.65
    endloop
  endfacet
  facet normal 0 0 -1
    outer loop
      vertex 0 0 206.35
      vertex -0.711 -2.187 206.35
      vertex -1.15 -1.992 206.35
    endloop
  endfacet
  facet normal 0 0 1
    outer loop
      vertex 0 0 207.65
      vertex -1.15 -1.992 207.65
      vertex -0.711 -2.187 207.65
    endloop
  endfacet
  facet normal -0.208 -0.978 0
    outer loop
      vertex -0.711 -2.187 206.35
      vertex -0.24 -2.287 206.35
      vertex -0.24 -2.287 207.65
    endloop
  endfacet
  facet normal -0.208 -0.978 0
    outer loop
      vertex -0.711 -2.187 206.35
      vertex -0.24 -2.287 207.65
      vertex -0.711 -2.187 207.65
    endloop
  endfacet
  facet normal 0 0 -1
    outer loop
      vertex 0 0 206.35
      vertex -0.24 -2.287 206.35
      vertex -0.711 -2.187 206.35
    endloop
  endfacet
  facet normal 0 0 1
    outer loop
      vertex 0 0 207.65
      vertex -0.711 -2.187 207.65
      vertex -0.24 -2.287 207.65
    endloop
  endfacet
  facet normal 0 -1 0
    outer loop
      vertex -0.24 -2.287 206.35
      vertex 0.24 -2.287 206.35
      vertex 0.24 -2.287 207.65
    endloop
  endfacet
  facet normal 0 -1 0
    outer loop
      vertex -0.24 -2.287 206.35
      vertex 0.24 -2.287 207.65
      vertex -0.24 -2.287 207.65
    endloop
  endfacet
  facet normal 0 0 -1
    outer loop
      vertex 0 0 206.35
      vertex 0.24 -2.287 206.35
      vertex -0.24 -2.287 206.35
    endloop
  endfacet
  facet normal 0 0 1
    outer loop
      vertex 0 0 207.65
      vertex -0.24 -2.287 207.65
      vertex 0.24 -2.287 207.65
    endloop
  endfacet
  facet normal 0.208 -0.978 0
    outer loop
      vertex 0.24 -2.287 206.35
      vertex 0.711 -2.187 206.35
      vertex 0.711 -2.187 207.65
    endloop
  endfacet
  facet normal 0.208 -0.978 0
    outer loop
      vertex 0.24 -2.287 206.35
      vertex 0.711 -2.187 207.65
      vertex 0.24 -2.287 207.65
    endloop
  endfacet
  facet normal 0 0 -1
    outer loop
      vertex 0 0 206.35
      vertex 0.711 -2.187 206.35
      vertex 0.24 -2.287 206.35
    endloop
  endfacet
  facet normal 0 0 1
    outer loop
      vertex 0 0 207.65
      vertex 0.24 -2.287 207.65
      vertex 0.711 -2.187 207.65
    endloop
  endfacet
  facet normal 0.406 -0.914 0
    outer loop
      vertex 0.711 -2.187 206.35
      vertex 1.15 -1.992 206.35
      vertex 1.15 -1.992 207.65
    endloop
  endfacet
  facet normal 0.406 -0.914 0
    outer loop
      vertex 0.711 -2.187 206.35
      vertex 1.15 -1.992 207.65
      vertex 0.711 -2.187 207.65
    endloop
  endfacet
  facet normal 0 0 -1
    outer loop
      vertex 0 0 206.35
      vertex 1.15 -1.992 206.35
      vertex 0.711 -2.187 206.35
    endloop
  endfacet
  facet normal 0 0 1
    outer loop
      vertex 0 0 207.65
      vertex 0.711 -2.187 207.65
      vertex 1.15 -1.992 207.65
    endloop
  endfacet
  facet normal 0.588 -0.809 0
    outer loop
      vertex 1.15 -1.992 206.35
      vertex 1.539 -1.709 206.35
      vertex 1.539 -1.709 207.65
    endloop
  endfacet
  facet normal 0.588 -0.809 0
    outer loop
      vertex 1.15 -1.992 206.35
      vertex 1.539 -1.709 207.65
      vertex 1.15 -1.992 207.65
    endloop
  endfacet
  facet normal 0 0 -1
    outer loop
      vertex 0 0 206.35
      vertex 1.539 -1.709 206.35
      vertex 1.15 -1.992 206.35
    endloop
  endfacet
  facet normal 0 0 1
    outer loop
      vertex 0 0 207.65
      vertex 1.15 -1.992 207.65
      vertex 1.539 -1.709 207.65
    endloop
  endfacet
  facet normal 0.743 -0.67 0
    outer loop
      vertex 1.539 -1.709 206.35
      vertex 1.861 -1.352 206.35
      vertex 1.861 -1.352 207.65
    endloop
  endfacet
  facet normal 0.743 -0.67 0
    outer loop
      vertex 1.539 -1.709 206.35
      vertex 1.861 -1.352 207.65
      vertex 1.539 -1.709 207.65
    endloop
  endfacet
  facet normal 0 0 -1
    outer loop
      vertex 0 0 206.35
      vertex 1.861 -1.352 206.35
      vertex 1.539 -1.709 206.35
    endloop
  endfacet
  facet normal 0 0 1
    outer loop
      vertex 0 0 207.65
      vertex 1.539 -1.709 207.65
      vertex 1.861 -1.352 207.65
    endloop
  endfacet
  facet normal 0.867 -0.499 0
    outer loop
      vertex 1.861 -1.352 206.35
      vertex 2.101 -0.935 206.35
      vertex 2.101 -0.935 207.65
    endloop
  endfacet
  facet normal 0.867 -0.499 0
    outer loop
      vertex 1.861 -1.352 206.35
      vertex 2.101 -0.935 207.65
      vertex 1.861 -1.352 207.65
    endloop
  endfacet
  facet normal 0 0 -1
    outer loop
      vertex 0 0 206.35
      vertex 2.101 -0.935 206.35
      vertex 1.861 -1.352 206.35
    endloop
  endfacet
  facet normal 0 0 1
    outer loop
      vertex 0 0 207.65
      vertex 1.861 -1.352 207.65
      vertex 2.101 -0.935 207.65
    endloop
  endfacet
  facet normal 0.951 -0.31 0
    outer loop
      vertex 2.101 -0.935 206.35
      vertex 2.25 -0.478 206.35
      vertex 2.25 -0.478 207.65
    endloop
  endfacet
  facet normal 0.951 -0.31 0
    outer loop
      vertex 2.101 -0.935 206.35
      vertex 2.25 -0.478 207.65
      vertex 2.101 -0.935 207.65
    endloop
  endfacet
  facet normal 0 0 -1
    outer loop
      vertex 0 0 206.35
      vertex 2.25 -0.478 206.35
      vertex 2.101 -0.935 206.35
    endloop
  endfacet
  facet normal 0 0 1
    outer loop
      vertex 0 0 207.65
      vertex 2.101 -0.935 207.65
      vertex 2.25 -0.478 207.65
    endloop
  endfacet
  facet normal 0.995 -0.104 0
    outer loop
      vertex 2.25 -0.478 206.35
      vertex 2.3 0 206.35
      vertex 2.3 0 207.65
    endloop
  endfacet
  facet normal 0.995 -0.104 0
    outer loop
      vertex 2.25 -0.478 206.35
      vertex 2.3 0 207.65
      vertex 2.25 -0.478 207.65
    endloop
  endfacet
  facet normal 0 0 -1
    outer loop
      vertex 0 0 206.35
      vertex 2.3 0 206.35
      vertex 2.25 -0.478 206.35
    endloop
  endfacet
  facet normal 0 0 1
    outer loop
      vertex 0 0 207.65
      vertex 2.25 -0.478 207.65
      vertex 2.3 0 207.65
    endloop
  endfacet
  facet normal 0 1 0
    outer loop
      vertex -54 -38.6 180.35
      vertex 54 -38.6 180.35
      vertex 54 -38.6 179.65
    endloop
  endfacet
  facet normal 0 1 0
    outer loop
      vertex -54 -38.6 180.35
      vertex 54 -38.6 179.65
      vertex -54 -38.6 179.65
    endloop
  endfacet
  facet normal 0 -1 0
    outer loop
      vertex 54 -38.95 180.35
      vertex -54 -38.95 180.35
      vertex -54 -38.95 179.65
    endloop
  endfacet
  facet normal 0 -1 0
    outer loop
      vertex 54 -38.95 180.35
      vertex -54 -38.95 179.65
      vertex 54 -38.95 179.65
    endloop
  endfacet
  facet normal -1 0 0
    outer loop
      vertex -54 -38.95 180.35
      vertex -54 -38.6 180.35
      vertex -54 -38.6 179.65
    endloop
  endfacet
  facet normal -1 0 0
    outer loop
      vertex -54 -38.95 180.35
      vertex -54 -38.6 179.65
      vertex -54 -38.95 179.65
    endloop
  endfacet
  facet normal 1 0 0
    outer loop
      vertex 54 -38.6 180.35
      vertex 54 -38.95 180.35
      vertex 54 -38.95 179.65
    endloop
  endfacet
  facet normal 1 0 0
    outer loop
      vertex 54 -38.6 180.35
      vertex 54 -38.95 179.65
      vertex 54 -38.6 179.65
    endloop
  endfacet
  facet normal 0 0 -1
    outer loop
      vertex -54 -38.6 179.65
      vertex 54 -38.6 179.65
      vertex 54 -38.95 179.65
    endloop
  endfacet
  facet normal 0 0 -1
    outer loop
      vertex -54 -38.6 179.65
      vertex 54 -38.95 179.65
      vertex -54 -38.95 179.65
    endloop
  endfacet
  facet normal 0 0 1
    outer loop
      vertex -54 -38.95 180.35
      vertex 54 -38.95 180.35
      vertex 54 -38.6 180.35
    endloop
  endfacet
  facet normal 0 0 1
    outer loop
      vertex -54 -38.95 180.35
      vertex 54 -38.6 180.35
      vertex -54 -38.6 180.35
    endloop
  endfacet
  facet normal 0 1 0
    outer loop
      vertex -54 -38.6 76.35
      vertex 54 -38.6 76.35
      vertex 54 -38.6 75.65
    endloop
  endfacet
  facet normal 0 1 0
    outer loop
      vertex -54 -38.6 76.35
      vertex 54 -38.6 75.65
      vertex -54 -38.6 75.65
    endloop
  endfacet
  facet normal 0 -1 0
    outer loop
      vertex 54 -38.95 76.35
      vertex -54 -38.95 76.35
      vertex -54 -38.95 75.65
    endloop
  endfacet
  facet normal 0 -1 0
    outer loop
      vertex 54 -38.95 76.35
      vertex -54 -38.95 75.65
      vertex 54 -38.95 75.65
    endloop
  endfacet
  facet normal -1 0 0
    outer loop
      vertex -54 -38.95 76.35
      vertex -54 -38.6 76.35
      vertex -54 -38.6 75.65
    endloop
  endfacet
  facet normal -1 0 0
    outer loop
      vertex -54 -38.95 76.35
      vertex -54 -38.6 75.65
      vertex -54 -38.95 75.65
    endloop
  endfacet
  facet normal 1 0 0
    outer loop
      vertex 54 -38.6 76.35
      vertex 54 -38.95 76.35
      vertex 54 -38.95 75.65
    endloop
  endfacet
  facet normal 1 0 0
    outer loop
      vertex 54 -38.6 76.35
      vertex 54 -38.95 75.65
      vertex 54 -38.6 75.65
    endloop
  endfacet
  facet normal 0 0 -1
    outer loop
      vertex -54 -38.6 75.65
      vertex 54 -38.6 75.65
      vertex 54 -38.95 75.65
    endloop
  endfacet
  facet normal 0 0 -1
    outer loop
      vertex -54 -38.6 75.65
      vertex 54 -38.95 75.65
      vertex -54 -38.95 75.65
    endloop
  endfacet
  facet normal 0 0 1
    outer loop
      vertex -54 -38.95 76.35
      vertex 54 -38.95 76.35
      vertex 54 -38.6 76.35
    endloop
  endfacet
  facet normal 0 0 1
    outer loop
      vertex -54 -38.95 76.35
      vertex 54 -38.6 76.35
      vertex -54 -38.6 76.35
    endloop
  endfacet
endsolid slsu_bc_patrol_device
